"stock_number","title","url","attribute_count","Bowl Diameter","Bowl Volume","Clarifier","Clean In Place","Condition","Controls","Inlet Diameter","Manufacturer","Material","Model","Motor Horsepower","Number of Phases","Product Flow Rate","RPM Maximum","Sanitary Construction","Timed Solid Injection","Type"
"100119","Centrifuge-Disc Bowl 18.5 kW (24.8 HP) Stainless Steel 316 For Sale - IPP# 100119","https://ims.internationalprocessplants.com/inventory/equipment/detail/100119","11","","29 L (7.7 gallons)","","","Used","Yes","","Alfa Laval","Stainless Steel 316","BRPX-213-30S","18.5 kW (24.8 HP)","2","29.5 m3/h (130 GPM)","5,120","","","Centrifuge-Disc Bowl"
"102600","Centrifuge-Disc Bowl 1.5 kW (2 HP) Stainless Steel 316 For Sale - IPP# 102600","https://ims.internationalprocessplants.com/inventory/equipment/detail/102600","7","","","","","Refurbished/Rebuilt","","","Westfalia","Stainless Steel 316","SAOH-205(SA1)","1.5 kW (2 HP)","","","10,000","","","Centrifuge-Disc Bowl"
"103857","Centrifuge-Disc Bowl 45 kW (60.3 HP) Stainless Steel 316 For Sale - IPP# 103857","https://ims.internationalprocessplants.com/inventory/equipment/detail/103857","9","","","","","Used","","","Westfalia","Stainless Steel 316","SA82-06-177","45 kW (60.3 HP)","2","50 m3/h (220.1 GPM)","4,500","","","Centrifuge-Disc Bowl"
"105435","Westfalia TA05-00-105 Centrifuge-Disc Bowl - IPP# 105435","https://ims.internationalprocessplants.com/inventory/equipment/detail/105435","7","","","","","Used","","","Westfalia","","TA05-00-105","0.56 kW (0.75 HP)","3","","11,780","","","Centrifuge-Disc Bowl"
"112245","Stainless Steel 316 Westfalia SA20-06-076 Centrifuge-Disc Bowl - IPP# 112245","https://ims.internationalprocessplants.com/inventory/equipment/detail/112245","8","","","","","Used","","","Westfalia","Stainless Steel 316","SA20-06-076","","2","","6,400","","Yes","Centrifuge-Disc Bowl"
"12922","Stainless Steel 316 Alfa Laval BA-50 Centrifuge-Disc Bowl - IPP# 12922","https://ims.internationalprocessplants.com/inventory/equipment/detail/12922","8","","","","","Used","Yes","","Alfa Laval","Stainless Steel 316","BA-50","2.2 kW (3 HP)","2","","","","","Centrifuge-Disc Bowl"
"200073","Stainless Steel 316 Westfalia SAMN 5036 (SA20-06-076) Centrifuge-Disc Bowl - IPP# 200073","https://ims.internationalprocessplants.com/inventory/equipment/detail/200073","8","","","","","Used","","","Westfalia","Stainless Steel 316","SAMN 5036 (SA20-06-076)","14.9 kW (20 HP)","2","","6,500","","","Centrifuge-Disc Bowl"
"201482","Centrifuge-Disc Bowl 15 kW (20.1 HP) Stainless Steel Other For Sale - IPP# 201482","https://ims.internationalprocessplants.com/inventory/equipment/detail/201482","7","","","","","Used","","","Alfa Laval","Stainless Steel Other","BRPX 309-34-S","15 kW (20.1 HP)","","","","","Yes","Centrifuge-Disc Bowl"
"206934","Centrifuge-Disc Bowl   For Sale - IPP# 206934","https://ims.internationalprocessplants.com/inventory/equipment/detail/206934","4","","","","","Used","","","Westfalia","","SA35","","","","","","","Centrifuge-Disc Bowl"
"207136","Centrifuge-Disc Bowl 15 kW (20.1 HP)  For Sale - IPP# 207136","https://ims.internationalprocessplants.com/inventory/equipment/detail/207136","5","","","","","Used","","","Alfa Laval","","BRPX 309 SGV-34-50/4182-25","15 kW (20.1 HP)","","","","","","Centrifuge-Disc Bowl"
"210559","Centrifuge-Disc Bowl   For Sale - IPP# 210559","https://ims.internationalprocessplants.com/inventory/equipment/detail/210559","5","","","","","Used","Yes","","Westfalia","","","","","","","","Yes","Centrifuge-Disc Bowl"
"211053","Centrifuge-Disc Bowl 29.8 kW (40 HP) Stainless Steel 316 For Sale - IPP# 211053","https://ims.internationalprocessplants.com/inventory/equipment/detail/211053","11","","70 L (18.5 gallons)","","","Used","","50.8 mm (2 in)","Westfalia","Stainless Steel 316","TA 140-02-576","29.8 kW (40 HP)","2","30 m3/h (132 GPM)","5,000","","","Centrifuge-Disc Bowl"
"211054","Centrifuge-Disc Bowl 29.8 kW (40 HP) Stainless Steel 316 For Sale - IPP# 211054","https://ims.internationalprocessplants.com/inventory/equipment/detail/211054","10","","70 L (18.5 gallons)","","","Used","","38.1 mm (1.5 in)","Westfalia","Stainless Steel 316","TA 140-02-576","29.8 kW (40 HP)","","30 m3/h (132 GPM)","4,910","","","Centrifuge-Disc Bowl"
"211827","Centrifuge-Disc Bowl 10 kW (13.4 HP) Stainless Steel Other For Sale - IPP# 211827","https://ims.internationalprocessplants.com/inventory/equipment/detail/211827","9","","","","Yes","Used","","","Alfa Laval","Stainless Steel Other","BRPX 309SGV-35EF","10 kW (13.4 HP)","","","1,500","","Yes","Centrifuge-Disc Bowl"
"212422","Westfalia OSA-20-02-066 Centrifuge-Disc Bowl - IPP# 212422","https://ims.internationalprocessplants.com/inventory/equipment/detail/212422","12","","","Purifier/Clarifier","","Refurbished/Rebuilt","Yes","","Westfalia","Aluminum","OSA-20-02-066","8.5 kW (11.4 HP)","2","7.4 m3/h (32.6 GPM)","7,510","","Yes","Centrifuge-Disc Bowl"
"212877","Unused Stainless Steel 316 Alfa Laval CHPX 510 SGD-35CGRX Centrifuge-Disc Bowl - IPP# 212877","https://ims.internationalprocessplants.com/inventory/equipment/detail/212877","11","405 mm (15.9 in)","16 L (4.2 gallons)","","","Used","Yes","35.5 mm (1.4 in)","Alfa Laval","Stainless Steel 316","CHPX 510 SGD-35CGRX","22 kW (29.5 HP)","","","6,236","","","Centrifuge-Disc Bowl"
"212922","Centrifuge-Disc Bowl 18.5 kW (24.8 HP) Stainless Steel 316 For Sale - IPP# 212922","https://ims.internationalprocessplants.com/inventory/equipment/detail/212922","6","","","","","Used","","","Alfa Laval","Stainless Steel 316","BRPX 213S-34","18.5 kW (24.8 HP)","","","","","","Centrifuge-Disc Bowl"
"214883","Stainless Steel Other Alfa Laval WHPX405-TGD-24-60 Centrifuge-Disc Bowl - IPP# 214883","https://ims.internationalprocessplants.com/inventory/equipment/detail/214883","9","","","","","Used","Yes","","Alfa Laval","Stainless Steel Other","WHPX405-TGD-24-60","3.7 kW (5 HP)","3","","","","Yes","Centrifuge-Disc Bowl"
"214884","Stainless Steel Other Alfa Laval WHPX513-TGD-29-60 Centrifuge-Disc Bowl - IPP# 214884","https://ims.internationalprocessplants.com/inventory/equipment/detail/214884","9","","","","","Used","Yes","","Alfa Laval","Stainless Steel Other","WHPX513-TGD-29-60","14.9 kW (20 HP)","3","","","","Yes","Centrifuge-Disc Bowl"
"216544","Stainless Steel 316 Westfalia HDA50-06-006 Centrifuge-Disc Bowl - IPP# 216544","https://ims.internationalprocessplants.com/inventory/equipment/detail/216544","8","","","","","Used","","","Westfalia","Stainless Steel 316","HDA50-06-006","30 kW (40.2 HP)","","","5,600","","Yes","Centrifuge-Disc Bowl"
"216545","Centrifuge-Disc Bowl 30 kW (40.2 HP) Stainless Steel 316 For Sale - IPP# 216545","https://ims.internationalprocessplants.com/inventory/equipment/detail/216545","8","","","","","Used","","","Westfalia","Stainless Steel 316","HDA50-06-006","30 kW (40.2 HP)","","","5,600","","Yes","Centrifuge-Disc Bowl"
"216546","Centrifuge-Disc Bowl 30 kW (40.2 HP) Stainless Steel 316 For Sale - IPP# 216546","https://ims.internationalprocessplants.com/inventory/equipment/detail/216546","8","","","","","Used","","","Westfalia","Stainless Steel 316","HDA50-06-006","30 kW (40.2 HP)","","","5,600","","Yes","Centrifuge-Disc Bowl"
"220187","Stainless Steel 316 Westfalia MSA100-01-076 Centrifuge-Disc Bowl - IPP# 220187","https://ims.internationalprocessplants.com/inventory/equipment/detail/220187","11","1,100 mm (43 in)","","liquid/solid separation","","Refurbished/Rebuilt","","50.8 mm (2 in)","Westfalia","Stainless Steel 316","MSA100-01-076","30 kW (40.2 HP)","3","","4,500","","","Centrifuge-Disc Bowl"
"220188","Stainless Steel 316 Westfalia MSA100-01-076 Centrifuge-Disc Bowl - IPP# 220188","https://ims.internationalprocessplants.com/inventory/equipment/detail/220188","11","1,100 mm (43 in)","","","","Refurbished/Rebuilt","Yes","50.8 mm (2 in)","Westfalia","Stainless Steel 316","MSA100-01-076","35 kW (46.9 HP)","3","","4,500","","","Centrifuge-Disc Bowl"
"220241","Centrifuge-Disc Bowl 30 kW (40.2 HP) Stainless Steel Other For Sale - IPP# 220241","https://ims.internationalprocessplants.com/inventory/equipment/detail/220241","10","438 mm (17.2 in)","","","","Used","Yes","51 mm (2 in)","Alfa Laval","Stainless Steel Other","VNPX-710-SFD-34GL","30 kW (40.2 HP)","","","7,432","","","Centrifuge-Disc Bowl"
"2205","Alfa Laval 440 Centrifuge-Disc Bowl - IPP# 2205","https://ims.internationalprocessplants.com/inventory/equipment/detail/2205","6","","","","","Used","","","Alfa Laval","","440","7.5 kW (10 HP)","","","7,000","","","Centrifuge-Disc Bowl"
"229018","Centrifuge-Disc Bowl 30 kW (40.2 HP) Stainless Steel Other For Sale - IPP# 229018","https://ims.internationalprocessplants.com/inventory/equipment/detail/229018","7","","","","","Used","","","Westfalia","Stainless Steel Other","CSA 160-47-576","30 kW (40.2 HP)","","","6,800","","","Centrifuge-Disc Bowl"
"229035","Centrifuge-Disc Bowl 22 kW (29.5 HP) Stainless Steel Other For Sale - IPP# 229035","https://ims.internationalprocessplants.com/inventory/equipment/detail/229035","7","","","","","Used","","","Westfalia","Stainless Steel Other","CSA 160-47-576","22 kW (29.5 HP)","","","6,800","","","Centrifuge-Disc Bowl"
"236058","Centrifuge Disc Bowl Westfalia RSA 60-01-576 Stainless Steel 316 - IPP# 236058","https://ims.internationalprocessplants.com/inventory/equipment/detail/236058","10","790 mm (31.1 in)","","","","Used","","40 mm (1.57 in)","Westfalia","Stainless Steel 316","RSA 60-01-576","15 kW (20.1 HP)","","13 m3/h (57.2 GPM)","6,450","","","Centrifuge-Disc Bowl"
"236060","Stainless Steel 316 Westfalia RSA 60-01-576 Centrifuge-Disc Bowl - IPP# 236060","https://ims.internationalprocessplants.com/inventory/equipment/detail/236060","10","790 mm (31.1 in)","","","","Used","","40 mm (1.57 in)","Westfalia","Stainless Steel 316","RSA 60-01-576","15 kW (20.1 HP)","","13 m3/h (57.2 GPM)","6,450","","","Centrifuge-Disc Bowl"
"238437","Stainless Steel 304 Centrifuge-Disc Bowl - IPP# 238437","https://ims.internationalprocessplants.com/inventory/equipment/detail/238437","13","1,700 mm (66.9 in)","","","Yes","Used","Yes","76.2 mm (3 in)","GEA","Stainless Steel 304","GSE 200-06-777","75 kW (100.6 HP)","","1.2 m3/h (5.3 GPM)","4,800","Yes","","Centrifuge-Disc Bowl"
"238451","Centrifuge-Disc Bowl 14.9 kW (20 HP) Stainless Steel 316 For Sale - IPP# 238451","https://ims.internationalprocessplants.com/inventory/equipment/detail/238451","10","508 mm (20 in)","","","","Used","","44.5 mm (1.75 in)","Alfa Laval","Stainless Steel 316","BPRX 309","14.9 kW (20 HP)","","12 m3/h (52.8 GPM)","6,500","","","Centrifuge-Disc Bowl"
"238457","Stainless Steel Austenitic Alfa Laval CLARA 701H HSS Centrifuge-Disc Bowl - IPP# 238457","https://ims.internationalprocessplants.com/inventory/equipment/detail/238457","13","","66 L (17.4 gallons)","","Yes","Used","Yes","220 mm (8.7 in)","Alfa Laval","Stainless Steel Austenitic","CLARA 701H HSS","37 kW (49.6 HP)","","2.1 m3/h (9.2 GPM)","4,800","Yes","","Centrifuge-Disc Bowl"
"238461","Unused Stainless Steel Austenitic Centrifuge-Disc Bowl - IPP# 238461","https://ims.internationalprocessplants.com/inventory/equipment/detail/238461","13","","66 L (17.4 gallons)","","Yes","Unused","Yes","220 mm (8.7 in)","Alfa Laval","Stainless Steel Austenitic","CLARA 701H HSS","37 kW (49.6 HP)","","2.1 m3/h (9.2 GPM)","4,800","Yes","","Centrifuge-Disc Bowl"
"239355","Stainless Steel 316 GEA CSC 6-06-476 Centrifuge-Disc Bowl - IPP# 239355","https://ims.internationalprocessplants.com/inventory/equipment/detail/239355","11","","52 L (13.7 gallons)","","","Used","Yes","","GEA","Stainless Steel 316","CSC 6-06-476","5.6 kW (7.5 HP)","","0.15 m3/h (0.66 GPM)","11,970","Yes","","Centrifuge-Disc Bowl"
"239356","Stainless Steel 316L Alfa Laval BTPX 205SGD-34CDP Centrifuge-Disc Bowl - IPP# 239356","https://ims.internationalprocessplants.com/inventory/equipment/detail/239356","10","","","","","Used","Yes","","Alfa Laval","Stainless Steel 316L","BTPX 205SGD-34CDP","5.6 kW (7.5 HP)","","1.14 m3/h (5 GPM)","9,650","Yes","","Centrifuge-Disc Bowl"
"245649","New Stainless Steel 304 Shandong HG Machinery Co., LTD. DHC730 Centrifuge-Disc Bowl - IPP# 245649","https://ims.internationalprocessplants.com/inventory/equipment/detail/245649","10","730 mm (28.7 in)","","","","New","Yes","","Shandong HG Machinery Co., LTD.","Stainless Steel 304","DHC730","55 kW (73.8 HP)","","35 m3/h (154.1 GPM)","4,500","","","Centrifuge-Disc Bowl"
"248273","Stainless Steel 316L Alfa Laval, type HMBRPX 213 Disc Bowl Centrifuge- - IPP# 248273","https://ims.internationalprocessplants.com/inventory/equipment/detail/248273","9","","","","","Used","","","Alfa Laval","Stainless Steel 316L","HMBRPX 213","18 kW (24.1 HP)","3","6 m3/h (26.4 GPM)","1,500","","","Centrifuge-Disc Bowl"
"248274","Stainless Steel 316L Alfa Laval HMBRPX 213-SFV-34C1/4189-20 Disc Bowl Centrifuge - IPP# 248274","https://ims.internationalprocessplants.com/inventory/equipment/detail/248274","9","","","","","Used","","","Alfa Laval","Stainless Steel 316L","HMBRPX 213-SFV-34C1/4189-20","18 kW (24.1 HP)","3","6 m3/h (26.4 GPM)","1,500","","","Centrifuge-Disc Bowl"
"248275","Stainless Steel 316L Alfa Laval HMBRPX 213-35S Disc Bowl Centrifuge - IPP# 248275","https://ims.internationalprocessplants.com/inventory/equipment/detail/248275","9","","","","","Used","","","Alpha Laval","Stainless Steel 316L","HMBRPX 213-35S","18 kW (24.1 HP)","3","6 m3/h (26.4 GPM)","1,500","","","Centrifuge-Disc Bowl"
"248276","Stainless Steel 316L Westfalia HDB 75-06-016 Disc Bowl Centrifuge - IPP# 248276","https://ims.internationalprocessplants.com/inventory/equipment/detail/248276","7","","","","","Used","","","Westfalia","Stainless Steel 316L","HDB 75-06-016","45 kW (60.3 HP)","","","5,440","","","Centrifuge-Disc Bowl"
"248277","Stainless Steel 316L Westfalia HDB 75-06-016 Disc Bowl Centrifuge - IPP# 248277","https://ims.internationalprocessplants.com/inventory/equipment/detail/248277","7","","","","","Used","","","Westfalia","Stainless Steel 316L","HDB 75-06-016","45 kW (60.3 HP)","","","5,440","","","Centrifuge-Disc Bowl"
"248278","Stainless Steel 316L Westfalia HDB 75-06-016 Disc Bowl Centrifuge - IPP# 248278","https://ims.internationalprocessplants.com/inventory/equipment/detail/248278","7","","","","","Used","","","Westfalia","Stainless Steel 316L","HDB 75-06-016","45 kW (60.3 HP)","","","5,440","","","Centrifuge-Disc Bowl"
"248279","Stainless Steel 316L Westfalia HDB 75-76-016 Disc Bowl Centrifuge - IPP# 248279","https://ims.internationalprocessplants.com/inventory/equipment/detail/248279","7","","","","","Used","","","Westfalia","Stainless Steel 316L","HDB 75-76-016","37 kW (49.6 HP)","","","5,600","","","Centrifuge-Disc Bowl"
"248280","Stainless Steel 316L Westfalia HDB 75-76-016 Disc Bowl Centrifuge - IPP# 248280","https://ims.internationalprocessplants.com/inventory/equipment/detail/248280","6","","","","","Used","","","Westfalia","Stainless Steel 316L","HDB 75-76-016","","","","5,600","","","Centrifuge-Disc Bowl"
"248281","Stainless Steel 316L Westfalia HDB 75-76-016 Disc Bowl Centrifuge- - IPP# 248281","https://ims.internationalprocessplants.com/inventory/equipment/detail/248281","7","","","","","Used","","","Westfalia","Stainless Steel 316L","HDB 75-76-016","30 kW (40.2 HP)","","","5,600","","","Centrifuge-Disc Bowl"
"47512","Centrifuge-Disc Bowl 22 kW (29.5 HP) Stainless Steel Other For Sale - IPP# 47512","https://ims.internationalprocessplants.com/inventory/equipment/detail/47512","8","","","","","Used","","","Kyffhausehutte (Germany)","Stainless Steel Other","SMZB/1","22 kW (29.5 HP)","","12.5 m3/h (55 GPM)","4,800","","","Centrifuge-Disc Bowl"
"47513","Centrifuge-Disc Bowl 22 kW (29.5 HP) Stainless Steel Other For Sale - IPP# 47513","https://ims.internationalprocessplants.com/inventory/equipment/detail/47513","8","","","","","Used","","","Kyffhausehutte (Germany)","Stainless Steel Other","SMZB/1","22 kW (29.5 HP)","","12.5 m3/h (55 GPM)","4,800","","","Centrifuge-Disc Bowl"
"49730","Centrifuge-Disc Bowl 37 kW (49.6 HP) Stainless Steel Other For Sale - IPP# 49730","https://ims.internationalprocessplants.com/inventory/equipment/detail/49730","8","","","","","Used","","","Kyffhausehutte (Germany)","Stainless Steel Other","SM-ZC/1","37 kW (49.6 HP)","","20 m3/h (88.1 GPM)","4,500","","","Centrifuge-Disc Bowl"
"49731","Centrifuge-Disc Bowl 35 kW (47 HP) Stainless Steel Other For Sale - IPP# 49731","https://ims.internationalprocessplants.com/inventory/equipment/detail/49731","7","","","","","Used","","","Kyffhausehutte (Germany)","Stainless Steel Other","SM-ZC/1","35 kW (47 HP)","","","4,500","","","Centrifuge-Disc Bowl"
"702163","Centrifuge-Disc Bowl 11.2 kW (15 HP) Stainless Steel 316 For Sale - IPP# 702163","https://ims.internationalprocessplants.com/inventory/equipment/detail/702163","8","","","","","Used","Yes","","Alfa Laval","Stainless Steel 316","BRPX309SFV-34C/4204-6","11.2 kW (15 HP)","","","1,500","","","Centrifuge-Disc Bowl"
"702307","Centrifuge-Disc Bowl  Stainless Steel 316 For Sale - IPP# 702307","https://ims.internationalprocessplants.com/inventory/equipment/detail/702307","8","","","","","Used","","425 mm (16.7 in)","Alfa Laval","Stainless Steel 316","UVPX-207M-14A","","3","","1,500","","","Centrifuge-Disc Bowl"
"702929","Centrifuge-Disc Bowl 15 kW (20.1 HP) Stainless Steel 316 For Sale - IPP# 702929","https://ims.internationalprocessplants.com/inventory/equipment/detail/702929","8","","","","","Used","","","Westfalia","Stainless Steel 316","K015006","15 kW (20.1 HP)","2","","4,650","","","Centrifuge-Disc Bowl"
"702930","Unused Stainless Steel 316 Westfalia K015006 Centrifuge-Disc Bowl - IPP# 702930","https://ims.internationalprocessplants.com/inventory/equipment/detail/702930","7","","","","","Unused","","","Westfalia","Stainless Steel 316","K015006","19 kW (25.5 HP)","","","4,500","","","Centrifuge-Disc Bowl"
"70446","Alfa Laval MOPX209-TGT-24 Centrifuge-Disc Bowl - IPP# 70446","https://ims.internationalprocessplants.com/inventory/equipment/detail/70446","7","","","","","Used","","","Alfa Laval","","MOPX209-TGT-24","11 kW (14.8 HP)","3","","","","Yes","Centrifuge-Disc Bowl"
"704699","Centrifuge-Disc Bowl 7.5 kW (10 HP) Stainless Steel 316 For Sale - IPP# 704699","https://ims.internationalprocessplants.com/inventory/equipment/detail/704699","9","","","2 phase separation of liquid phase and less than 5% solids","","Used","","","Alfa Laval","Stainless Steel 316","BRPX207SGV-34","7.5 kW (10 HP)","2","","1,500","","","Centrifuge-Disc Bowl"
"70590","Stainless Steel Other Kyffhausehutte (Germany) VKS/4 Centrifuge-Disc Bowl - IPP# 70590","https://ims.internationalprocessplants.com/inventory/equipment/detail/70590","8","","65 L (17.2 gallons)","","","Used","","","Kyffhausehutte (Germany)","Stainless Steel Other","VKS/4","10 kW (13.4 HP)","","10 m3/h (44 GPM)","","","","Centrifuge-Disc Bowl"
"70591","Centrifuge-Disc Bowl 10 kW (13.4 HP) Stainless Steel Other For Sale - IPP# 70591","https://ims.internationalprocessplants.com/inventory/equipment/detail/70591","8","","65 L (17.2 gallons)","","","Used","","","Kyffhausehutte (Germany)","Stainless Steel Other","VKS14","10 kW (13.4 HP)","","10 m3/h (44 GPM)","","","","Centrifuge-Disc Bowl"
"705938","Centrifuge-Disc Bowl 0.56 kW (0.75 HP)  For Sale - IPP# 705938","https://ims.internationalprocessplants.com/inventory/equipment/detail/705938","6","","","","","Used","","","DeLaval","","3024XG","0.56 kW (0.75 HP)","3","","","","","Centrifuge-Disc Bowl"
"70801","Unused Stainless Steel Other Westfalia HFG12036 Centrifuge-Disc Bowl - IPP# 70801","https://ims.internationalprocessplants.com/inventory/equipment/detail/70801","7","","","","","Unused","","","Westfalia","Stainless Steel Other","HFG12036","37.3 kW (50 HP)","","","6,000","","","Centrifuge-Disc Bowl"
"73426","Centrifuge-Disc Bowl 14.9 kW (20 HP) Stainless Steel 316 For Sale - IPP# 73426","https://ims.internationalprocessplants.com/inventory/equipment/detail/73426","8","","","","","Used","","","Westfalia","Stainless Steel 316","EG10006","14.9 kW (20 HP)","3","","3,700","","","Centrifuge-Disc Bowl"
"75408","Unused Stainless Steel 316 Centrifuge-Disc Bowl - IPP# 75408","https://ims.internationalprocessplants.com/inventory/equipment/detail/75408","7","","","","","Unused","","","Alfa Laval","Stainless Steel 316","CDM-206-74-S","1 kW (1.34 HP)","2","","","","","Centrifuge-Disc Bowl"
"75409","Centrifuge-Disc Bowl 0.37 kW (0.5 HP) Stainless Steel 316 For Sale - IPP# 75409","https://ims.internationalprocessplants.com/inventory/equipment/detail/75409","7","","","","","Used","","","Alfa Laval","Stainless Steel 316","LAB-102-24","0.37 kW (0.5 HP)","3","","","","","Centrifuge-Disc Bowl"
"78117","Stainless Steel 316 Alfa Laval BRPX213-35-SE Centrifuge-Disc Bowl - IPP# 78117","https://ims.internationalprocessplants.com/inventory/equipment/detail/78117","5","","","","","Used","","","Alfa Laval","Stainless Steel 316","BRPX213-35-SE","","","","","","","Centrifuge-Disc Bowl"
"82656","Centrifuge-Disc Bowl 5.6 kW (7.5 HP) Stainless Steel 316 For Sale - IPP# 82656","https://ims.internationalprocessplants.com/inventory/equipment/detail/82656","7","","","","","Used","","","Westfalia","Stainless Steel 316","MEM 5006 (TA35)","5.6 kW (7.5 HP)","3","","","","","Centrifuge-Disc Bowl"
"82658","Centrifuge-Disc Bowl 5.6 kW (7.5 HP) Stainless Steel 316 For Sale - IPP# 82658","https://ims.internationalprocessplants.com/inventory/equipment/detail/82658","5","","","","","Used","","","Westfalia","Stainless Steel 316","","5.6 kW (7.5 HP)","","","","","","Centrifuge-Disc Bowl"
"82660","Stainless Steel 316 Westfalia  Centrifuge-Disc Bowl - IPP# 82660","https://ims.internationalprocessplants.com/inventory/equipment/detail/82660","6","","","","","Used","","","Westfalia","Stainless Steel 316","","5.6 kW (7.5 HP)","3","","","","","Centrifuge-Disc Bowl"
"83992","Stainless Steel Other Alfa Laval AFPX-213-XGP-74/4181/38 Centrifuge-Disc Bowl - IPP# 83992","https://ims.internationalprocessplants.com/inventory/equipment/detail/83992","5","","","","","Refurbished/Rebuilt","","","Alfa Laval","Stainless Steel Other","AFPX-213-XGP-74/4181/38","","","","","","","Centrifuge-Disc Bowl"
"85754","Centrifuge-Disc Bowl 3.7 kW (5 HP) Stainless Steel 316 For Sale - IPP# 85754","https://ims.internationalprocessplants.com/inventory/equipment/detail/85754","8","","","","","Refurbished/Rebuilt","","","Westfalia","Stainless Steel 316","SA7-06","3.7 kW (5 HP)","2","","8,400","","","Centrifuge-Disc Bowl"
"86467","Centrifuge-Disc Bowl 7.5 kW (10 HP)  For Sale - IPP# 86467","https://ims.internationalprocessplants.com/inventory/equipment/detail/86467","7","","","","","Refurbished/Rebuilt","","","DeLaval","","CAFPX207-XGV-19S-60","7.5 kW (10 HP)","3","","1,800","","","Centrifuge-Disc Bowl"
"87356","Stainless Steel 316 Alfa Laval A-19-C-IT-F Centrifuge-Disc Bowl - IPP# 87356","https://ims.internationalprocessplants.com/inventory/equipment/detail/87356","8","","","","","Used","","","Alfa Laval","Stainless Steel 316","A-19-C-IT-F","5.6 kW (7.5 HP)","3","","1,250","","","Centrifuge-Disc Bowl"
"88984","Centrifuge-Disc Bowl  Stainless Steel 316 For Sale - IPP# 88984","https://ims.internationalprocessplants.com/inventory/equipment/detail/88984","6","","","","","Used","","","Merco (Dorr Oliver)","Stainless Steel 316","C-18DOF","","","","4,850","","","Centrifuge-Disc Bowl"
"92374","Centrifuge-Disc Bowl 11.2 kW (15 HP)  For Sale - IPP# 92374","https://ims.internationalprocessplants.com/inventory/equipment/detail/92374","8","533 mm (21 in)","","","","Used","","","Westfalia","","KO15006","11.2 kW (15 HP)","2","","5,000","","","Centrifuge-Disc Bowl"
"93037","Centrifuge-Disc Bowl 29.8 kW (40 HP)  For Sale - IPP# 93037","https://ims.internationalprocessplants.com/inventory/equipment/detail/93037","7","","","2","","Refurbished/Rebuilt","","","Alfa Laval","","AX213S-31BEFP/881026-06-01","29.8 kW (40 HP)","2","","","","","Centrifuge-Disc Bowl"
"93156","Stainless Steel 316 Alfa Laval MAB-209 Centrifuge-Disc Bowl - IPP# 93156","https://ims.internationalprocessplants.com/inventory/equipment/detail/93156","6","","","","","Used","","","Alfa Laval","Stainless Steel 316","MAB-209","11.2 kW (15 HP)","","","","","","Centrifuge-Disc Bowl"
"93667","Centrifuge-Disc Bowl 37.3 kW (50 HP) Stainless Steel 316 For Sale - IPP# 93667","https://ims.internationalprocessplants.com/inventory/equipment/detail/93667","8","","","","","Used","","","Alfa Laval","Stainless Steel 316","BRPX417SFV-31","37.3 kW (50 HP)","2","","3,970","","","Centrifuge-Disc Bowl"
"94389","Stainless Steel 316 Westfalia DA200-76-573 Centrifuge-Disc Bowl - IPP# 94389","https://ims.internationalprocessplants.com/inventory/equipment/detail/94389","7","","","","","Used","","","Westfalia","Stainless Steel 316","DA200-76-573","150 kW (201.2 HP)","","","3,080","","","Centrifuge-Disc Bowl"
"94767","Centrifuge-Disc Bowl 2.2 kW (3 HP)  For Sale - IPP# 94767","https://ims.internationalprocessplants.com/inventory/equipment/detail/94767","8","","1.5 L (0.4 gallons)","","","Refurbished/Rebuilt","","","Westfalia","","ON1516","2.2 kW (3 HP)","3","","9,200","","","Centrifuge-Disc Bowl"
"94979","Centrifuge-Disc Bowl 2.2 kW (3 HP)  For Sale - IPP# 94979","https://ims.internationalprocessplants.com/inventory/equipment/detail/94979","7","","1.5 L (0.4 gallons)","","","Used","","","Westfalia","","7-1T250-3","2.2 kW (3 HP)","","","9,600","","","Centrifuge-Disc Bowl"
"95910","Westfalia SAK-20036 (SA-80-06-577) Centrifuge-Disc Bowl - IPP# 95910","https://ims.internationalprocessplants.com/inventory/equipment/detail/95910","7","","","","","Used","Yes","","Westfalia","","SAK-20036 (SA-80-06-577)","44.7 kW (60 HP)","2","","","","","Centrifuge-Disc Bowl"
"96364","Westfalia OSA-35-02-066 Centrifuge-Disc Bowl - IPP# 96364","https://ims.internationalprocessplants.com/inventory/equipment/detail/96364","6","","","","","Refurbished/Rebuilt","","","Westfalia","","OSA-35-02-066","14.9 kW (20 HP)","3","","","","","Centrifuge-Disc Bowl"
"96372","Westfalia SAMR-5036 Centrifuge-Disc Bowl - IPP# 96372","https://ims.internationalprocessplants.com/inventory/equipment/detail/96372","7","","","","","Used","","","Westfalia","","SAMR-5036","11.2 kW (15 HP)","2","","6,500","","","Centrifuge-Disc Bowl"
"96555","Centrifuge-Disc Bowl 44.7 kW (60 HP) Stainless Steel 316 For Sale - IPP# 96555","https://ims.internationalprocessplants.com/inventory/equipment/detail/96555","7","","","","","Used","","","Alfa Laval","Stainless Steel 316","FEUX-412T-35C","44.7 kW (60 HP)","","","1,500","","","Centrifuge-Disc Bowl"
"96556","Centrifuge-Disc Bowl 45 kW (60.3 HP) Stainless Steel 316 For Sale - IPP# 96556","https://ims.internationalprocessplants.com/inventory/equipment/detail/96556","8","","","","","Used","","50 mm (1.97 in)","Alfa Laval","Stainless Steel 316","FEUX-412T-35C/4000-63","45 kW (60.3 HP)","","","1,500","","","Centrifuge-Disc Bowl"
"96999","Centrifuge-Disc Bowl  Stainless Steel Other For Sale - IPP# 96999","https://ims.internationalprocessplants.com/inventory/equipment/detail/96999","7","","","","","Used","Yes","","Westfalia","Stainless Steel Other","SAK-20036 (SA80-06-076)","","2","","","","","Centrifuge-Disc Bowl"
"98554","Stainless Steel 316 Westfalia SA82-06-177 Centrifuge-Disc Bowl - IPP# 98554","https://ims.internationalprocessplants.com/inventory/equipment/detail/98554","9","","","","","Used","Yes","","Westfalia","Stainless Steel 316","SA82-06-177","44.7 kW (60 HP)","2","","4,500","","","Centrifuge-Disc Bowl"
"99371","Centrifuge-Disc Bowl   For Sale - IPP# 99371","https://ims.internationalprocessplants.com/inventory/equipment/detail/99371","7","","","","","Used","Yes","","Alfa Laval","","HMBRPX-309-34S-50","","2","","1,500","","","Centrifuge-Disc Bowl"
"99372","Centrifuge-Disc Bowl 11 kW (14.8 HP) Stainless Steel 316 For Sale - IPP# 99372","https://ims.internationalprocessplants.com/inventory/equipment/detail/99372","8","","","","","Used","","","Alfa Laval","Stainless Steel 316","HMBRPX-309-34S-50","11 kW (14.8 HP)","2","","1,500","","","Centrifuge-Disc Bowl"
"99373","Unused  Centrifuge-Disc Bowl  Stainless Steel 316 For Sale - IPP# 99373","https://ims.internationalprocessplants.com/inventory/equipment/detail/99373","7","","","","","Unused","","","Alfa Laval","Stainless Steel 316","HMBRPX-309-34S-50","","2","","1,500","","","Centrifuge-Disc Bowl"
"99383","Stainless Steel 316 Westfalia SAKP-20036 (SABO-47-076) Centrifuge-Disc Bowl - IPP# 99383","https://ims.internationalprocessplants.com/inventory/equipment/detail/99383","8","","","","Yes","Used","","","Westfalia","Stainless Steel 316","SAKP-20036 (SABO-47-076)","35.8 kW (48 HP)","","","4,500","","","Centrifuge-Disc Bowl"
"99384","Stainless Steel 316 Westfalia SAKP-20036 (SABO-47-076) Centrifuge-Disc Bowl - IPP# 99384","https://ims.internationalprocessplants.com/inventory/equipment/detail/99384","7","","","","","Used","","","Westfalia","Stainless Steel 316","SAKP-20036 (SABO-47-076)","35.8 kW (48 HP)","","","4,500","","","Centrifuge-Disc Bowl"
"99482","Centrifuge-Disc Bowl 22.4 kW (30 HP) Stainless Steel 316 For Sale - IPP# 99482","https://ims.internationalprocessplants.com/inventory/equipment/detail/99482","6","","","","","Used","","","Alfa Laval","Stainless Steel 316","ABE-216E-95-CEFKP-21-60","22.4 kW (30 HP)","","","","","","Centrifuge-Disc Bowl"
"99483","Centrifuge-Disc Bowl 22.4 kW (30 HP) Stainless Steel 316 For Sale - IPP# 99483","https://ims.internationalprocessplants.com/inventory/equipment/detail/99483","6","","","","","Used","","","Alfa Laval","Stainless Steel 316","ABE-216E-95-CEFKP-21-60","22.4 kW (30 HP)","","","","","","Centrifuge-Disc Bowl"
"99748","Centrifuge-Disc Bowl 7.5 kW (10.1 HP)  For Sale - IPP# 99748","https://ims.internationalprocessplants.com/inventory/equipment/detail/99748","6","","","","","Used","","","Westfalia","","DSA14-03-076","7.5 kW (10.1 HP)","3","","","","","Centrifuge-Disc Bowl"
"99749","Centrifuge-Disc Bowl 7.5 kW (10.1 HP)  For Sale - IPP# 99749","https://ims.internationalprocessplants.com/inventory/equipment/detail/99749","7","","","","","Used","","","Westfalia","","SAOWH 3036","7.5 kW (10.1 HP)","3","","7,500","","","Centrifuge-Disc Bowl"
"99750","Unused  Centrifuge-Disc Bowl 7.5 kW (10.1 HP)  For Sale - IPP# 99750","https://ims.internationalprocessplants.com/inventory/equipment/detail/99750","7","","","","","Unused","","","Westfalia","","SA14-06-076","7.5 kW (10.1 HP)","2","","7,570","","","Centrifuge-Disc Bowl"
"99783","Centrifuge-Disc Bowl 1.5 kW (2 HP) Stainless Steel 316 For Sale - IPP# 99783","https://ims.internationalprocessplants.com/inventory/equipment/detail/99783","11","","0.35 L (0.09 gallons)","","","Used","","12.7 mm (0.5 in)","Alfa Laval","Stainless Steel 316","LAPX 202-BGT-24","1.5 kW (2 HP)","3","0.6 m3/h (2.6 GPM)","10,000","","","Centrifuge-Disc Bowl"
"99790","Centrifuge-Disc Bowl 11 kW (14.8 HP) Stainless Steel 316 For Sale - IPP# 99790","https://ims.internationalprocessplants.com/inventory/equipment/detail/99790","8","","","","","Used","","","Westfalia","Stainless Steel 316","TA40-04-506","11 kW (14.8 HP)","3","","6,500","","","Centrifuge-Disc Bowl"
"99791","Centrifuge-Disc Bowl 11 kW (14.8 HP) Stainless Steel 316 For Sale - IPP# 99791","https://ims.internationalprocessplants.com/inventory/equipment/detail/99791","9","","","","","Used","","","Westfalia","Stainless Steel 316","KO-10006","11 kW (14.8 HP)","2","15 m3/h (66 GPM)","4,610","","","Centrifuge-Disc Bowl"
