"stock_number","title","url","attribute_count","Capacity","Condition","Dust Collection","Manufacturer","Material","Mixer Type","Model","Type","Vessel Pressure","Vessel Temperature","Vessel Vacuum Rated"
"108328","Mixer-Nauta 9,900 L (2,600 gallons) Stainless Steel 304 For Sale - IPP# 108328","https://ims.internationalprocessplants.com/inventory/equipment/detail/108328","7","9,900 L (2,600 gallons)","Used","","JH Day","Stainless Steel 304","Single Helix","MBX350","Mixer-Nauta","","",""
"205955","Stainless Steel 304 Vrieco Nauta 150RB-5 Mixer-Nauta - IPP# 205955","https://ims.internationalprocessplants.com/inventory/equipment/detail/205955","9","24,250 L (6,400 gallons)","Used","Yes","Vrieco Nauta","Stainless Steel 304","","150RB-5","Mixer-Nauta","1.03 bar (15 psi)","135 °C (275 °F)",""
"211835","Mixer-Nauta 6,000 L (1,600 gallons) Stainless Steel 316 For Sale - IPP# 211835","https://ims.internationalprocessplants.com/inventory/equipment/detail/211835","6","6,000 L (1,600 gallons)","Used","","Nautamix","Stainless Steel 316","","Mbx 60 R","Mixer-Nauta","","",""
"211836","Mixer-Nauta 8,000 L (2,100 gallons) Stainless Steel 316 For Sale - IPP# 211836","https://ims.internationalprocessplants.com/inventory/equipment/detail/211836","6","8,000 L (2,100 gallons)","Used","","Nautamix","Stainless Steel 316","","Mbx 80 R","Mixer-Nauta","","",""
"234085","Mixer-Nauta 6,300 L (1,650 gallons) Stainless Steel Austenitic For Sale - IPP# 234085","https://ims.internationalprocessplants.com/inventory/equipment/detail/234085","10","6,300 L (1,650 gallons)","Used","","Engelsmann AG","Stainless Steel Austenitic","Single Helix","VT-KSM-6300","Mixer-Nauta","6 bar (87 psi)","220 °C (428 °F)","Yes"
"701966","Mixer-Nauta 300 L (79.3 gallons) Stainless Steel 316 For Sale - IPP# 701966","https://ims.internationalprocessplants.com/inventory/equipment/detail/701966","5","300 L (79.3 gallons)","Used","","","Stainless Steel 316","","D300","Mixer-Nauta","","",""
"705252","Mixer-Nauta 10,000 L (2,650 gallons) Stainless Steel 316 For Sale - IPP# 705252","https://ims.internationalprocessplants.com/inventory/equipment/detail/705252","8","10,000 L (2,650 gallons)","Used","Yes","Alpine (Hosokawa)","Stainless Steel 316","Double Helix","KM100","Mixer-Nauta","","",""
"76661","Mixer-Nauta 300 L (79.3 gallons) Stainless Steel 304 For Sale - IPP# 76661","https://ims.internationalprocessplants.com/inventory/equipment/detail/76661","6","300 L (79.3 gallons)","Used","","JH Day","Stainless Steel 304","","D-105","Mixer-Nauta","","",""
"94099","Mixer-Nauta 7,000 L (1,850 gallons) Stainless Steel 304 For Sale - IPP# 94099","https://ims.internationalprocessplants.com/inventory/equipment/detail/94099","7","7,000 L (1,850 gallons)","Used","","JH Day","Stainless Steel 304","Single Helix","MBX-2470","Mixer-Nauta","","",""
"94100","Mixer-Nauta 7,000 L (1,850 gallons) Stainless Steel 304 For Sale - IPP# 94100","https://ims.internationalprocessplants.com/inventory/equipment/detail/94100","7","7,000 L (1,850 gallons)","Used","","JH Day","Stainless Steel 304","Single Helix","MBX-2470","Mixer-Nauta","","",""
"94101","Mixer-Nauta 7,000 L (1,850 gallons) Stainless Steel 304 For Sale - IPP# 94101","https://ims.internationalprocessplants.com/inventory/equipment/detail/94101","7","7,000 L (1,850 gallons)","Used","","JH Day","Stainless Steel 304","Single Helix","MBX-2470","Mixer-Nauta","","",""
"94525","Nauta Mixer Gericke GmbH Vert-o-mix Stainless Steel 304 - IPP# 94525","https://ims.internationalprocessplants.com/inventory/equipment/detail/94525","7","15,000 L (3,950 gallons)","Used","","Gericke GmbH","Stainless Steel 304","Single Helix","Vert-o-mix","Mixer-Nauta","","",""
"94526","Mixer-Nauta 15,000 L (3,950 gallons) Stainless Steel 304 For Sale - IPP# 94526","https://ims.internationalprocessplants.com/inventory/equipment/detail/94526","7","15,000 L (3,950 gallons)","Used","","Gericke GmbH","Stainless Steel 304","Single Helix","Vert-o-mix","Mixer-Nauta","","",""
