"stock_number","title","url","attribute_count","Agitation","Agitator Seal Type","Bottom Head Fastening","Bottom Head Type","Capacity in Gallons","Clad","Condition","Controls","Diameter","Drive Make","Drive Model","Drive Motor HP","Drive Motor Hertz","Drive Motor RPM","Drive Motor Voltage","Drive Type","Electric Motor Phase","Evaporation Rate","Glass Lined","Height","Internal Coil or Jacket Pressure","Internal Coil or Jacket Temperature","Jacket Type","Manufacturer","Material","Mechanical Seal on Shaft","Model","Nozzle Schedule","Number of Tubes","Orientation","Pressure","Pump Details","Subtype","Support Details","Support Type","Temperature","Top Head Fastening","Top Head type","Total Heat Transfer Surface Area","Tube Diameter","Tube Length","Tube Material","Tube Thickness","Tubesheet Material","Type","Vacuum","Vapor Body #1"
"100745","Crystalizer/Evaporator Evaporator  Stainless Steel 316 For Sale - IPP# 100745","https://ims.internationalprocessplants.com/inventory/equipment/detail/100745","8","","","","","","","Used","","","","","","","","","","","","","","","","","Alfa Laval","Stainless Steel 316","","","","","","4 bar (58 psi)","","Crystalizer/Evaporator","","","50 °C (122 °F)","","","","","","","","","Evaporator","Yes",""
"228155","Betchel Crystallizer/Evaporator Zero Discharge System brine evaporator/crystallizer system (ZLD) - IPP# 228155","https://ims.internationalprocessplants.com/inventory/equipment/detail/228155","6","","","","","","","Used","","","","","","","","","","","","","","","","","Betchel","Titanium","","","","","Vertical","","","Crystalizer/Evaporator","","","","","","","","","","","","Evaporator","",""
"228156","Crystallizer / Evaporator part of a Zero Discharge System (ZLD) - IPP# 228156","https://ims.internationalprocessplants.com/inventory/equipment/detail/228156","8","","","","","","Yes","Used","","4,900 mm (192 in)","","","","","","","","","9,050 kg/h (20,000 lb/h)","","","","","","","Rubberlined","","","","","Vertical","","","Crystalizer/Evaporator","","","","","","","","","","","","Evaporator","",""
"246742","Stainless Steel 304  Crystalizer/Evaporator Evaporator - IPP# 246742","https://ims.internationalprocessplants.com/inventory/equipment/detail/246742","31","Yes","Mechanical","Welded","Cone","21,600 L (5,700 gallons)","","Used","","2,750 mm (108 in)","Lightnin","16Q7.5","2.2 kW (3 HP)","60","880","460","Lightnin 16Q7.5","3","1,750 kg/h (3,900 lb/h)","","3,350 mm (132 in)","3.4 bar (50 psi)","","Standard","","Stainless Steel 304","Yes","","","","Vertical","0.97 bar (14 psi)","","Crystalizer/Evaporator","Mounted on lugs","Lugs","121.1 °C (250 °F)","Welded","Dish","72.6 m&#xB2; (781 ft&#xB2;)","","","","","","Evaporator","",""
"246743","Stainless Steel 304  Crystalizer/Evaporator Evaporator - IPP# 246743","https://ims.internationalprocessplants.com/inventory/equipment/detail/246743","32","Yes","Mechanical","Welded","Cone","21,600 L (5,700 gallons)","","Used","","2,750 mm (108 in)","Lightnin","16Q7.5","2.2 kW (3 HP)","60","880","460","Lightnin 16Q7.5","3","1,750 kg/h (3,900 lb/h)","","3,350 mm (132 in)","3.4 bar (50 psi)","-15 °C (5 °F)","Standard","","Stainless Steel 304","Yes","","","","Vertical","0.97 bar (14 psi)","","Crystalizer/Evaporator","Mounted on lugs","Lugs","121.1 °C (250 °F)","Welded","Dish","72.6 m&#xB2; (781 ft&#xB2;)","","","","","","Evaporator","",""
"246777","Crystalizer/Evaporator Evaporator  Stainless Steel 316 For Sale - IPP# 246777","https://ims.internationalprocessplants.com/inventory/equipment/detail/246777","13","","","Welded","Dish","","","Used","","","","","","","","","","","","","","","","","","Stainless Steel 316","","","","","Vertical","1.01 bar (14.7 psi)","(2x) Gould pump, 10HP, 3500RPM, 316SS","Crystalizer/Evaporator","","Lugs","","Welded","Dish","","","","","","","Evaporator","Yes",""
"246893","Stainless Steel 304 Struthers Wells Inc. Crystalizer/Evaporator Evaporator - IPP# 246893","https://ims.internationalprocessplants.com/inventory/equipment/detail/246893","26","","","Welded","Dish","","","Used","Yes","","","","","","","","","","1,100 kg/h (2,400 lb/h)","","","","","","Struthers Wells Inc.","Stainless Steel 304","","","","121","Vertical","3.4 bar (50 psi)","Elbow Pump 10" x 10" with a General Electric Motor, and other smaller pumps.","Crystalizer/Evaporator","lugs","Lugs","145 °C (293 °F)","Welded","Dish","44.1 m&#xB2; (475 ft&#xB2;)","25.4 mm (1 in)","4,850 mm (191 in)","Stainless Steel 316","2.8 mm (0.11 in)","Stainless Steel 316","Evaporator","Yes","Main body and vapor section , 304 SS with overall height of 49', overall width of 15' and overall diameter of 9 '."
"246949","Gouda Cooling Disc Crystallizer Stainless Steel 304 - IPP# 246949","https://ims.internationalprocessplants.com/inventory/equipment/detail/246949","28","Yes","Packing","Welded","Dish","3,900 L (1,050 gallons)","","Used","","1,250 mm (48.3 in)","APG","Model 184,TM7A reducer","3.7 kW (5 HP)","60","1,750","460","AC motor through reducer","3","","","2,100 mm (82 in)","","","","Gouda","Stainless Steel 304","","C25-1.2(7),","","","Horizontal","1 bar (14.5 psi)","","Crystalizer/Evaporator","","Feet","100 °C (212 °F)","Bolted","Flat","16.2 m&#xB2; (174.4 ft&#xB2;)","","","","","","Evaporator","",""
"86856","Glasslined  Crystalizer/Evaporator Evaporator - IPP# 86856","https://ims.internationalprocessplants.com/inventory/equipment/detail/86856","13","","","Welded","Dish","","","Re-glassed","","914 mm (36 in)","","","","","","","","","","Yes","711 mm (28 in)","","","","Pfaudler","Glasslined","","","","","Vertical","","","Crystalizer/Evaporator","(4) legs","Legs","","","","","","","","","","Evaporator","",""
"87722","Crystalizer/Evaporator Evaporator  Glasslined For Sale - IPP# 87722","https://ims.internationalprocessplants.com/inventory/equipment/detail/87722","12","","","","Dish","","","Used","","813 mm (32 in)","","","","","","","","","","Yes","711 mm (28 in)","","","","","Glasslined","","","Openings: btm 1-2".","","Vertical","","","Crystalizer/Evaporator","(4) legs on wheels.","Legs","","","","","","","","","","Evaporator","",""
"9771","Crystalizer/Evaporator Evaporator  Glasslined For Sale - IPP# 9771","https://ims.internationalprocessplants.com/inventory/equipment/detail/9771","11","","","","Dish","","","Used","","1,000 mm (40 in)","","","","","","","","","","Yes","610 mm (24 in)","","","","","Glasslined","","","1-2" btm outlet.","","","","","Crystalizer/Evaporator","On legs w/wheels.","Legs","","","","","","","","","","Evaporator","",""
