ims_order,stock_number,title,featured,image,url,Area of Flaker,Condition,Flaker Feed Type,Flaker Width,For Belt: Length of Flaker,Manufacturer,Material,Model,Nozzles per Cooling Zone,Number of Cooling Zones for Belt,Orientation,Scraper,Scraper Details,Single Belt or Double Belt ?,Type
1,215236,Dryer-Flaker Drum and Belt R.Simon Dryers Stearine acid Stainless Steel 316 - IPP# 215236,1,https://ims.internationalprocessplants.com/productimage/MjE1LzIxNTIzNi5qcGc/1,https://ims.internationalprocessplants.com/inventory/equipment/detail/flaker-drum-and-belt-dryer/215236,"228 m² (2,450 ft²)",Used,,"1,550 mm (60.6 in)",,R.Simon Dryers,Stainless Steel 316,Stearine acid,,,Horizontal,,,,Dryer-Flaker Drum and Belt
2,201241,Dryer Flaker Drum and Belt North American Process Systems N-86-639 Stainless Steel 316 - IPP# 201241,1,https://ims.internationalprocessplants.com/productimage/MjAxLzIwMTI0MS5qcGc/1,https://ims.internationalprocessplants.com/inventory/equipment/detail/flaker-drum-and-belt-dryer/201241,2.4 m² (25.8 ft²),Used,,"1,200 mm (47.2 in)","2,000 mm (78.7 in)",North American Process Systems,Stainless Steel 316,N-86-639,,,Horizontal,,,Single,Dryer-Flaker Drum and Belt
3,228257,Dryer Flaker Drum and Belt Berndorf Belt Systems 924MDT Stainless Steel - IPP# 228257,1,https://ims.internationalprocessplants.com/productimage/MjI4LzIyODI1Ny5qcGc/1,https://ims.internationalprocessplants.com/inventory/equipment/detail/flaker-drum-and-belt-dryer/228257,30.7 m² (330 ft²),Used,Heated Refeed Pastillator,"1,500 mm (60 in)","20,100 mm (792 in)",Berndorf belt systems,Stainless Steel Other,924MDT,,,Horizontal,,,Single,Dryer-Flaker Drum and Belt
4,702508,Escher Wyss Dryer-Flaker Drum and Belt - IPP# 702508,1,https://ims.internationalprocessplants.com/productimage/NzAyLzcwMjUwOC5KUEc/1,https://ims.internationalprocessplants.com/inventory/equipment/detail/flaker-drum-and-belt-dryer/702508,0.5 m² (5.4 ft²),Refurbished/Rebuilt,,800 mm (31.5 in),"1,000 mm (39.4 in)",Escher Wyss,,,,,Horizontal,,,,Dryer-Flaker Drum and Belt
5,203809,"IPP# 203809 - Dryer-Flaker Drum and Belt 1,200 mm (47.2 in) Stainless Steel Other For Sale",0,https://ims.internationalprocessplants.com/productimage/MjAzLzIwMzgwOS5qcGc/1,https://ims.internationalprocessplants.com/inventory/equipment/detail/flaker-drum-and-belt-dryer/203809,4.8 m² (51.7 ft²),Used,,"1,200 mm (47.2 in)","4,000 mm (157.5 in)",Kaiser Steel Belt System,Stainless Steel Other,,,,Horizontal,,,Single,Dryer-Flaker Drum and Belt
6,706652,"IPP# 706652 - Dryer-Flaker Drum and Belt 1,500 mm (59.1 in) Stainless Steel Other For Sale",0,https://ims.internationalprocessplants.com/productimage/NzA2LzcwNjY1Mi5qcGc/1,https://ims.internationalprocessplants.com/inventory/equipment/detail/flaker-drum-and-belt-dryer/706652,37 m² (398.3 ft²),Used,Standard Drop Pastillator,"1,500 mm (59.1 in)","24,850 mm (978 in)",Sandvik,Stainless Steel Other,,49,4,Horizontal,Yes,Discharge scraper - Brass MOC,Single,Dryer-Flaker Drum and Belt
7,706870,Stainless Steel 316 Maschinenbau Technik SBA-300 x 4000 Dryer-Flaker Drum and Belt - IPP# 706870,0,https://ims.internationalprocessplants.com/productimage/NzA2LzcwNjg3MC5qcGc/1,https://ims.internationalprocessplants.com/inventory/equipment/detail/flaker-drum-and-belt-dryer/706870,4 m² (43.1 ft²),Used,Standard Drop Pastillator,300 mm (11.8 in),"4,000 mm (157.5 in)",Maschinenbau Technik,Stainless Steel 316,SBA-300 x 4000,6,1,Horizontal,Yes,manually adjustable,Single,Dryer-Flaker Drum and Belt
8,210324,Stainless Steel 304 Steel Belt Systems Dryer-Flaker Drum and Belt - IPP# 210324,0,https://ims.internationalprocessplants.com/productimage/MjEwLzIxMDMyNC5KUEc/1,https://ims.internationalprocessplants.com/inventory/equipment/detail/flaker-drum-and-belt-dryer/210324,2.6 m² (28 ft²),Used,,610 mm (24 in),"4,250 mm (168 in)",Steel Belt Systems,Stainless Steel 304,,,,Inclined,,,Single,Dryer-Flaker Drum and Belt
9,203808,"IPP# 203808 - Dryer-Flaker Drum and Belt 1,200 mm (47.2 in) Stainless Steel Other For Sale",0,https://ims.internationalprocessplants.com/productimage/MjAzLzIwMzgwOC5qcGc/1,https://ims.internationalprocessplants.com/inventory/equipment/detail/flaker-drum-and-belt-dryer/203808,4.8 m² (51.7 ft²),Used,,"1,200 mm (47.2 in)","4,000 mm (157.5 in)",Kaiser Steel Belt System,Stainless Steel Other,,,,Horizontal,,,Single,Dryer-Flaker Drum and Belt
10,203810,"IPP# 203810 - Dryer-Flaker Drum and Belt 1,200 mm (47.2 in) Stainless Steel Other For Sale",0,https://ims.internationalprocessplants.com/productimage/MjAzLzIwMzgxMC5qcGc/1,https://ims.internationalprocessplants.com/inventory/equipment/detail/flaker-drum-and-belt-dryer/203810,4.8 m² (51.7 ft²),Used,,"1,200 mm (47.2 in)","4,000 mm (157.5 in)",Kaiser Steel Belt System,Stainless Steel Other,,,,Horizontal,,,Single,Dryer-Flaker Drum and Belt
11,210305,Stainless Steel 304 Dryer-Flaker Drum and Belt - IPP# 210305,0,https://ims.internationalprocessplants.com/productimage/MjEwLzIxMDMwNS5KUEc/1,https://ims.internationalprocessplants.com/inventory/equipment/detail/flaker-drum-and-belt-dryer/210305,2.6 m² (28 ft²),Used,,610 mm (24 in),"4,250 mm (168 in)",Gunter Stenger,Stainless Steel 304,,,,Inclined,,,Single,Dryer-Flaker Drum and Belt
12,239473,Carbon Steel Dryer-Flaker Drum and Belt - IPP# 239473,0,https://ims.internationalprocessplants.com/productimage/MjM5LzIzOTQ3M180LmpwZw/1,https://ims.internationalprocessplants.com/inventory/equipment/detail/flaker-drum-and-belt-dryer/239473,0.19 m² (2.1 ft²),Used,Submerged Feed Roll,304.8 mm (12 in),203.2 mm (8 in),Bethlehem Corp,Carbon Steel,,,,Horizontal,Yes,Knife type Nip,,Dryer-Flaker Drum and Belt
13,70983,IPP# 70983 - Dryer-Flaker Drum and Belt 28 mm (1.1 in) For Sale,0,https://ims.internationalprocessplants.com/productimage/NzAvNzA5ODMuanBn/1,https://ims.internationalprocessplants.com/inventory/equipment/detail/flaker-drum-and-belt-dryer/70983,26 m² (279.9 ft²),Used,,28 mm (1.1 in),,APV Mitchell,,,,,Horizontal,Yes,"manual adjustable, made of carbon steel",,Dryer-Flaker Drum and Belt
14,28792,"IPP# 28792 - Dryer-Flaker Drum and Belt 1,500 mm (60 in) Carbon Steel For Sale",0,https://ims.internationalprocessplants.com/productimage/MjgvMjg3OTIuanBn/1,https://ims.internationalprocessplants.com/inventory/equipment/detail/flaker-drum-and-belt-dryer/28792,21.2 m² (228 ft²),Used,,"1,500 mm (60 in)",,Blaw Knox,Carbon Steel,,,,Horizontal,,,,Dryer-Flaker Drum and Belt
15,229478,Stainless Steel 304 Steel Belt Systems Dryer-Flaker Drum and Belt - IPP# 229478,0,https://ims.internationalprocessplants.com/productimage/MjI5LzIyOTQ3OC5qcGc/1,https://ims.internationalprocessplants.com/inventory/equipment/detail/flaker-drum-and-belt-dryer/229478,28.8 m² (310 ft²),Used,Standard Drop Pastillator,"1,500 mm (59.1 in)","18,000 mm (709 in)",Steel Belt Systems,Stainless Steel 304,,60,3,Horizontal,Yes,bakelized fiber,Single,Dryer-Flaker Drum and Belt
16,228256,Stainless Steel Other Dryer-Flaker Drum and Belt - IPP# 228256,0,https://ims.internationalprocessplants.com/productimage/MjI4LzIyODI1Ni5KUEc/1,https://ims.internationalprocessplants.com/inventory/equipment/detail/flaker-drum-and-belt-dryer/228256,30.7 m² (330 ft²),Used,Heated Refeed Pastillator,"1,500 mm (60 in)","20,100 mm (792 in)",Berndorf belt systems,Stainless Steel Other,924MDT,,,Horizontal,,,Single,Dryer-Flaker Drum and Belt
17,704988,IPP# 704988 - Dryer-Flaker Drum and Belt 600 mm (23.6 in) Stainless Steel 316 For Sale,0,https://ims.internationalprocessplants.com/productimage/NzA0LzcwNDk4OC5qcGc/1,https://ims.internationalprocessplants.com/inventory/equipment/detail/flaker-drum-and-belt-dryer/704988,2.8 m² (30.4 ft²),Used,,600 mm (23.6 in),,APV Mitchell,Stainless Steel 316,,,,Horizontal,Yes,316 stainless steel knife discharge with pneumatic adjustment,,Dryer-Flaker Drum and Belt
18,703637,IPP# 703637 - Unused Dryer-Flaker Drum and Belt For Sale,0,https://ims.internationalprocessplants.com/productimage/NzAzLzcwMzYzNy5qcGc/1,https://ims.internationalprocessplants.com/inventory/equipment/detail/flaker-drum-and-belt-dryer/703637,,Unused,,,,Gouda,,,,,,,,,Dryer-Flaker Drum and Belt
19,94347,Stainless Steel 304 North American Process Systems Dryer-Flaker Drum and Belt - IPP# 94347,0,https://ims.internationalprocessplants.com/productimage/OTQvOTQzNDcuanBn/1,https://ims.internationalprocessplants.com/inventory/equipment/detail/flaker-drum-and-belt-dryer/94347,3.7 m² (40 ft²),Used,,762 mm (30 in),"4,900 mm (192 in)",North American Process Systems,Stainless Steel 304,,,,Horizontal,,,Single,Dryer-Flaker Drum and Belt
20,34426,Stokes 214-501 Dryer-Flaker Drum and Belt - IPP# 34426,0,https://ims.internationalprocessplants.com/productimage/MzQvMzQ0MjYuanBn/1,https://ims.internationalprocessplants.com/inventory/equipment/detail/flaker-drum-and-belt-dryer/34426,0.65 m² (7 ft²),Used,,203.2 mm (8 in),,Stokes,,214-501,,,,Yes,,,Dryer-Flaker Drum and Belt
21,704614,IPP# 704614 - Dryer-Flaker Drum and Belt 300 mm (11.8 in) For Sale,0,https://ims.internationalprocessplants.com/productimage/NzA0LzcwNDYxNC5qcGc/1,https://ims.internationalprocessplants.com/inventory/equipment/detail/flaker-drum-and-belt-dryer/704614,1 m² (10.8 ft²),Used,,300 mm (11.8 in),,R.Simon Dryers,,,,,Horizontal,,,,Dryer-Flaker Drum and Belt
22,49609,"IPP# 49609 - Dryer-Flaker Drum and Belt 1,050 mm (42 in) For Sale",0,https://ims.internationalprocessplants.com/productimage/NDkvNDk2MDkuanBn/1,https://ims.internationalprocessplants.com/inventory/equipment/detail/flaker-drum-and-belt-dryer/49609,7.9 m² (85 ft²),Used,,"1,050 mm (42 in)",,,,,,,Horizontal,,,,Dryer-Flaker Drum and Belt
23,232579,IPP# 232579 - Dryer-Flaker Drum and Belt 508 mm (20 in) Stainless Steel 316 For Sale,0,https://ims.internationalprocessplants.com/productimage/MjMyLzIzMjU3OS5KUEc/1,https://ims.internationalprocessplants.com/inventory/equipment/detail/flaker-drum-and-belt-dryer/232579,,Used,,508 mm (20 in),,Gouda,Stainless Steel 316,K5-5,,,,Yes,Carbon steel with copper replaceable blade and manual adjustment,,Dryer-Flaker Drum and Belt
24,239474,Dryer-Flaker Drum and Belt - IPP# 239474,0,,https://ims.internationalprocessplants.com/inventory/equipment/detail/flaker-drum-and-belt-dryer/239474,,Used,,,,,,,,,,,,,Dryer-Flaker Drum and Belt
