"stock_number","title","url","attribute_count","Capacity (Design)","Condition","Diameter","Flow Rate","Jacket Material","Jacket Pressure","Jacket Temperature","Jacketed","Length","Manufacturer","Material","Model","Motor Power","Number of Screws","Orientation","Plow Type","Pressure","Screw","Seal Type","Temperature","Type"
"11845","Stainless Steel 304 Oakes 14MB-200A Mixer-Continuous - IPP# 11845","https://ims.internationalprocessplants.com/inventory/equipment/detail/11845","8","","Used","","","","","","","","Oakes","Stainless Steel 304","14MB-200A","149.1 kW (200 HP)","","Vertical","","","","Mechanical","","Mixer-Continuous"
"201456","Mixer-Continuous  Stainless Steel 304 For Sale - IPP# 201456","https://ims.internationalprocessplants.com/inventory/equipment/detail/201456","9","","Used","559 mm (22 in)","","","","","","3,650 mm (144 in)","Patterson Kelly","Stainless Steel 304","CNSZZ","","","Inclined","","","","Mechanical","","Mixer-Continuous"
"20615","Mixer-Continuous  Stainless Steel 304 For Sale - IPP# 20615","https://ims.internationalprocessplants.com/inventory/equipment/detail/20615","8","","Used","813 mm (32 in)","","","","","","5,950 mm (234 in)","Bepex","Stainless Steel 304","","","","Horizontal","Paddles","","","","","Mixer-Continuous"
"207108","Stainless Steel 904 List (Switzerland) AP12-82 Conti Mixer-Continuous - IPP# 207108","https://ims.internationalprocessplants.com/inventory/equipment/detail/207108","14","30.6 L (8.1 gallons)","Used","","","Stainless Steel 304L","6 bar (87 psi)","350 °C (662 °F)","","944 mm (37.2 in)","List (Switzerland)","Stainless Steel 904","AP12-82 Conti","10 kW (13.4 HP)","","Horizontal","","0.5 bar (7.3 psi)","","","350 °C (662 °F)","Mixer-Continuous"
"208251","Mixer-Continuous - IPP# 208251","https://ims.internationalprocessplants.com/inventory/equipment/detail/208251","9","","Used","1,600 mm (63 in)","","","","","","2,200 mm (86.6 in)","","Stainless Steel Other","","1 kW (1.34 HP)","1","Vertical","","","Yes","","","Mixer-Continuous"
"212563","Mixer Continuous Wahlco XN4612 B Stainless Steel 321 - IPP# 212563","https://ims.internationalprocessplants.com/inventory/equipment/detail/212563","10","","Used","1,150 mm (45 in)","","","","","","1,150 mm (46 in)","Wahlco","Stainless Steel 321","XN4612 B","44.7 kW (60 HP)","","Horizontal","","","Yes","","","Mixer-Continuous"
"217875","Mixer Continuous horizontal conical continuous mixer with integrated nozzles - IPP# 217875","https://ims.internationalprocessplants.com/inventory/equipment/detail/217875","6","","Used","","15,000 kg/h (33,050 lb/h)","","","","","","","Stainless Steel Other","","15 kW (20.1 HP)","","Inclined","","","","","","Mixer-Continuous"
"217876","Mixer-Continuous 15 kW (20.1 HP) Stainless Steel Other For Sale - IPP# 217876","https://ims.internationalprocessplants.com/inventory/equipment/detail/217876","6","","Used","","15,000 kg/h (33,050 lb/h)","","","","","","","Stainless Steel Other","","15 kW (20.1 HP)","","Inclined","","","","","","Mixer-Continuous"
"217877","Mixer-Continuous 39 kW (52.3 HP) Stainless Steel Other For Sale - IPP# 217877","https://ims.internationalprocessplants.com/inventory/equipment/detail/217877","7","","Used","","","","","","","","Schugi Flexomix","Stainless Steel Other","400","39 kW (52.3 HP)","","Vertical","","","","","","Mixer-Continuous"
"217881","Mixer-Continuous 37.6 kW (50.4 HP) Stainless Steel Other For Sale - IPP# 217881","https://ims.internationalprocessplants.com/inventory/equipment/detail/217881","7","","Used","","","","","","","","Schugi Flexomix","Stainless Steel Other","400","37.6 kW (50.4 HP)","","Vertical","","","","","","Mixer-Continuous"
"220801","Mixer-Continuous 111.9 kW (150 HP) Stainless Steel 304 For Sale - IPP# 220801","https://ims.internationalprocessplants.com/inventory/equipment/detail/220801","9","","Used","304.8 mm (12 in)","","","","","","2,200 mm (87 in)","Readco","Stainless Steel 304","120FC 2A","111.9 kW (150 HP)","","Horizontal","","","","","","Mixer-Continuous"
"220808","Mixer-Continuous 18.6 kW (25 HP) Carbon Steel For Sale - IPP# 220808","https://ims.internationalprocessplants.com/inventory/equipment/detail/220808","12","594 L (157 gallons)","Used","610 mm (24 in)","","","","","","2,000 mm (78 in)","Littleford Bros, Inc","Carbon Steel","KM-600 D","18.6 kW (25 HP)","","Horizontal","Plows","","","Packing","","Mixer-Continuous"
"23132","Stainless Steel 304 Strong Scott TS-14 Mixer-Continuous - IPP# 23132","https://ims.internationalprocessplants.com/inventory/equipment/detail/23132","10","","Used","355.6 mm (14 in)","","","","","","1,050 mm (42 in)","Strong Scott","Stainless Steel 304","TS-14","37.3 kW (50 HP)","","Horizontal","","","","Packing","","Mixer-Continuous"
"23133","Mixer-Continuous 37.3 kW (50 HP) Stainless Steel 304 For Sale - IPP# 23133","https://ims.internationalprocessplants.com/inventory/equipment/detail/23133","10","","Used","355.6 mm (14 in)","","","","","","1,050 mm (42 in)","Strong Scott","Stainless Steel 304","TS-14","37.3 kW (50 HP)","","Horizontal","","","","Packing","","Mixer-Continuous"
"23134","Mixer-Continuous 37.3 kW (50 HP) Stainless Steel 304 For Sale - IPP# 23134","https://ims.internationalprocessplants.com/inventory/equipment/detail/23134","10","","Used","355.6 mm (14 in)","","","","","","1,050 mm (42 in)","Strong Scott","Stainless Steel 304","TS-14","37.3 kW (50 HP)","","Horizontal","","","","Packing","","Mixer-Continuous"
"704681","Mixer-Continuous 7.5 kW (10.1 HP) Stainless Steel 316 For Sale - IPP# 704681","https://ims.internationalprocessplants.com/inventory/equipment/detail/704681","11","","Used","150 mm (5.9 in)","","Stainless Steel 316","","","","900 mm (35.4 in)","Baker Perkins","Stainless Steel 316","","7.5 kW (10.1 HP)","2","Horizontal","","","Yes","","","Mixer-Continuous"
"92819","Mixer-Continuous 55.9 kW (75 HP) Stainless Steel 304 For Sale - IPP# 92819","https://ims.internationalprocessplants.com/inventory/equipment/detail/92819","10","","Used","203.2 mm (8 in)","","","","","Yes","3,050 mm (120 in)","Baker Perkins","Stainless Steel 304","","55.9 kW (75 HP)","","","","6.9 bar (100 psi)","","","343.3 °C (650 °F)","Mixer-Continuous"
"92820","Stainless Steel 304 Mixer-Continuous - IPP# 92820","https://ims.internationalprocessplants.com/inventory/equipment/detail/92820","11","","Used","203.2 mm (8 in)","","","","","Yes","3,050 mm (120 in)","Baker Perkins","Stainless Steel 304","","55.9 kW (75 HP)","","Horizontal","","6.9 bar (100 psi)","","","343.3 °C (650 °F)","Mixer-Continuous"
"94654","Baker Perkins Ko-Neader Mixer-Continuous - IPP# 94654","https://ims.internationalprocessplants.com/inventory/equipment/detail/94654","11","","Used","203.2 mm (8 in)","","","","","Yes","3,050 mm (120 in)","Baker Perkins","","Ko-Neader","55.9 kW (75 HP)","","Horizontal","","6.9 bar (100 psi)","","","343.3 °C (650 °F)","Mixer-Continuous"
"99779","Mixer-Continuous 65 kW (87.2 HP)  For Sale - IPP# 99779","https://ims.internationalprocessplants.com/inventory/equipment/detail/99779","11","","Used","101.6 mm (4 in)","","","","","","1,000 mm (40 in)","","","PR-140","65 kW (87.2 HP)","1","Horizontal","","20 bar (290.1 psi)","Yes","","200 °C (392 °F)","Mixer-Continuous"
