url,status,notes
"https://ims.internationalprocessplants.com/inventory/equipment/detail/11845","LIVE",""
"https://ims.internationalprocessplants.com/inventory/equipment/detail/201456","LIVE",""
"https://ims.internationalprocessplants.com/inventory/equipment/detail/20615","LIVE",""
"https://ims.internationalprocessplants.com/inventory/equipment/detail/207108","LIVE",""
"https://ims.internationalprocessplants.com/inventory/equipment/detail/208251","LIVE",""
"https://ims.internationalprocessplants.com/inventory/equipment/detail/212563","LIVE",""
"https://ims.internationalprocessplants.com/inventory/equipment/detail/217875","LIVE",""
"https://ims.internationalprocessplants.com/inventory/equipment/detail/217876","LIVE",""
"https://ims.internationalprocessplants.com/inventory/equipment/detail/217877","LIVE",""
"https://ims.internationalprocessplants.com/inventory/equipment/detail/217881","LIVE",""
"https://ims.internationalprocessplants.com/inventory/equipment/detail/220801","LIVE",""
"https://ims.internationalprocessplants.com/inventory/equipment/detail/220808","LIVE",""
"https://ims.internationalprocessplants.com/inventory/equipment/detail/23132","LIVE",""
"https://ims.internationalprocessplants.com/inventory/equipment/detail/23133","LIVE",""
"https://ims.internationalprocessplants.com/inventory/equipment/detail/23134","LIVE",""
"https://ims.internationalprocessplants.com/inventory/equipment/detail/704681","LIVE",""
"https://ims.internationalprocessplants.com/inventory/equipment/detail/92819","LIVE",""
"https://ims.internationalprocessplants.com/inventory/equipment/detail/92820","LIVE",""
"https://ims.internationalprocessplants.com/inventory/equipment/detail/94654","LIVE",""
"https://ims.internationalprocessplants.com/inventory/equipment/detail/99779","LIVE",""
