"stock_number","title","url","attribute_count","Cold-side Pressure","Cold-side Temperature","Condition","Heat Transfer Surface Area","Hot-side Pressure","Hot-side Temperature","Housing Material","Length","Manufacturer","Material","Model","Nozzle Schedule","Number of Plates","Subtype","Type"
"100862","Stainless Steel 316 APV Baker 3HH-208/1 Plate and Frame Heat Exchanger - IPP# 100862","https://ims.internationalprocessplants.com/inventory/equipment/detail/heat-exchanger/plate-and-frame/100862","13","25 bar (362.6 psi)","200 °C (392 °F)","Used","0.8 m&#xB2; (8.6 ft&#xB2;)","25 bar (362.6 psi)","200 °C (392 °F)","","","APV Baker","Stainless Steel 316","3HH-208/1","openings: tube side 2-2"; shell 2-3"","23","Plate and Frame","Heat Exchanger"
"100863","Stainless Steel 316 APV Baker 3HH-208/171 Plate and Frame Heat Exchanger - IPP# 100863","https://ims.internationalprocessplants.com/inventory/equipment/detail/heat-exchanger/plate-and-frame/100863","13","16 bar (232.1 psi)","150 °C (302 °F)","Used","0.8 m&#xB2; (8.6 ft&#xB2;)","16 bar (232.1 psi)","150 °C (302 °F)","","","APV Baker","Stainless Steel 316","3HH-208/171","Openings: tube side 2-2"; shell 2-3"","23","Plate and Frame","Heat Exchanger"
"102130","Stainless Steel 316 Plate and Frame Heat Exchanger - IPP# 102130","https://ims.internationalprocessplants.com/inventory/equipment/detail/heat-exchanger/plate-and-frame/102130","7","","","Used","20.9 m&#xB2; (225 ft&#xB2;)","","","","","","Stainless Steel 316","","Opening sizes: service 2-4"; product 2-4"","150","Plate and Frame","Heat Exchanger"
"102131","Stainless Steel 316 Plate and Frame Heat Exchanger - IPP# 102131","https://ims.internationalprocessplants.com/inventory/equipment/detail/heat-exchanger/plate-and-frame/102131","6","","","Used","20.9 m&#xB2; (225 ft&#xB2;)","","","","","","Stainless Steel 316","","","150","Plate and Frame","Heat Exchanger"
"108240","Stainless Steel 304 APV HXU8 Plate and Frame Heat Exchanger - IPP# 108240","https://ims.internationalprocessplants.com/inventory/equipment/detail/heat-exchanger/plate-and-frame/108240","9","","","Used","13 m&#xB2; (140 ft&#xB2;)","","","","","APV","Stainless Steel 304","HXU8","Openings: process side 2-2"; service side 2-2".","38","Plate and Frame","Heat Exchanger"
"108356","Stainless Steel 316 Plate and Frame Heat Exchanger - IPP# 108356","https://ims.internationalprocessplants.com/inventory/equipment/detail/heat-exchanger/plate-and-frame/108356","12","5.2 bar (75 psi)","65.6 °C (150 °F)","Used","169.5 m&#xB2; (1,800 ft&#xB2;)","5.2 bar (75 psi)","65.6 °C (150 °F)","","","Superchanger","Stainless Steel 316","06T96HP-301","Openings: process side 2-8' service side 2-8".","","Plate and Frame","Heat Exchanger"
"201438","Stainless Steel Other Plate and Frame Heat Exchanger - IPP# 201438","https://ims.internationalprocessplants.com/inventory/equipment/detail/heat-exchanger/plate-and-frame/201438","11","","","Used","148.3 m&#xB2; (1,600 ft&#xB2;)","10.3 bar (150 psi)","103.3 °C (218 °F)","","","APV Crapco","Stainless Steel Other","SR6AAO","Openings: 4-4"","152","Plate and Frame","Heat Exchanger"
"201439","Stainless Steel Other Plate and Frame Heat Exchanger - IPP# 201439","https://ims.internationalprocessplants.com/inventory/equipment/detail/heat-exchanger/plate-and-frame/201439","11","","","Used","148.3 m&#xB2; (1,600 ft&#xB2;)","10.3 bar (150 psi)","103.3 °C (218 °F)","","","APV","Stainless Steel Other","SR6AAO","- Openings: 4-4"","152","Plate and Frame","Heat Exchanger"
"201585","Hastelloy - C276 Plate and Frame Heat Exchanger - IPP# 201585","https://ims.internationalprocessplants.com/inventory/equipment/detail/heat-exchanger/plate-and-frame/201585","11","2.1 bar (30 psi)","50 °C (122 °F)","Used","10.8 m&#xB2; (116.3 ft&#xB2;)","3.1 bar (45 psi)","50 °C (122 °F)","","","VICARB","Hastelloy - C276","","- Openings: 2-3" process side, 2-2" service side","","Plate and Frame","Heat Exchanger"
"201586","Stainless Steel Austenitic VICARB Plate and Frame Heat Exchanger - IPP# 201586","https://ims.internationalprocessplants.com/inventory/equipment/detail/heat-exchanger/plate-and-frame/201586","11","10 bar (145 psi)","60 °C (140 °F)","Used","8.6 m&#xB2; (93 ft&#xB2;)","10 bar (145 psi)","60 °C (140 °F)","","","VICARB","Stainless Steel Austenitic","","Openings: 2-3" service side, 2-2" process side.","","Plate and Frame","Heat Exchanger"
"201600","Stainless Steel Austenitic Vicarb Plate and Frame Heat Exchanger - IPP# 201600","https://ims.internationalprocessplants.com/inventory/equipment/detail/heat-exchanger/plate-and-frame/201600","11","10 bar (145 psi)","185 °C (365 °F)","Used","8.6 m&#xB2; (93 ft&#xB2;)","10 bar (145 psi)","62.8 °C (145 °F)","","","Vicarb","Stainless Steel Austenitic","","Openings: 2-3" process side, 2-2" service side","","Plate and Frame","Heat Exchanger"
"202272","Stainless Steel 316 Alfa Laval (Switzerland) AM20-HBM Plate and Frame Heat Exchanger - IPP# 202272","https://ims.internationalprocessplants.com/inventory/equipment/detail/heat-exchanger/plate-and-frame/202272","11","8 bar (116 psi)","","Used","92.2 m&#xB2; (992 ft&#xB2;)","8 bar (116 psi)","","","","Alfa Laval (Switzerland)","Stainless Steel 316","AM20-HBM","Nozzles: 4-8" on one end","124","Plate and Frame","Heat Exchanger"
"202273","Stainless Steel 316 Alfa Laval MOM FM47 Plate and Frame Heat Exchanger - IPP# 202273","https://ims.internationalprocessplants.com/inventory/equipment/detail/heat-exchanger/plate-and-frame/202273","13","6.9 bar (100 psi)","93.3 °C (200 °F)","Used","18.2 m&#xB2; (196 ft&#xB2;)","6.9 bar (100 psi)","93.3 °C (200 °F)","","","Alfa Laval","Stainless Steel 316","MOM FM47","4-3" on one end","47","Plate and Frame","Heat Exchanger"
"202277","Stainless Steel 316 Alfa Laval M10B FN T Plate and Frame Heat Exchanger - IPP# 202277","https://ims.internationalprocessplants.com/inventory/equipment/detail/heat-exchanger/plate-and-frame/202277","9","","","Used","102.2 m&#xB2; (1,100 ft&#xB2;)","","","Carbon Steel","","Alfa Laval","Stainless Steel 316","M10B FN T","Openings: (4) 100MM, 150 psi flanged connections.","","Plate and Frame","Heat Exchanger"
"203244","IPP# 203244 - Plate and Frame Heat Exchanger 5.4 m&#xB2; (58 ft&#xB2;) Stainless Steel 316 For Sale","https://ims.internationalprocessplants.com/inventory/equipment/detail/heat-exchanger/plate-and-frame/203244","14","2 bar (29 psi)","100 °C (212 °F)","Used","5.4 m&#xB2; (58 ft&#xB2;)","2 bar (29 psi)","150 °C (302 °F)","Carbon Steel","1,950 mm (76.2 in)","Bariquand Platulaire Heat Exchanger","Stainless Steel 316","IXASP 1x11/5x2x1500x220","Openings include service side (2) 50mm, process side (1) 50mm, (1) 80mm.","","Plate and Frame","Heat Exchanger"
"203245","IPP# 203245 - Plate and Frame Heat Exchanger 18 m&#xB2; (194 ft&#xB2;) Stainless Steel 316 For Sale","https://ims.internationalprocessplants.com/inventory/equipment/detail/heat-exchanger/plate-and-frame/203245","13","5 bar (72.5 psi)","50 °C (122 °F)","Used","18 m&#xB2; (194 ft&#xB2;)","3 bar (43.5 psi)","150 °C (302 °F)","Carbon Steel","","Bariquand Platulaire Heat Exchanger","Stainless Steel 316","DIXASP 1x16/1x15x2500x280","Openings: Service side (2) 150mm, process side (2) 50mm, (1) 200mm","","Plate and Frame","Heat Exchanger"
"203552","IPP# 203552 - Plate and Frame Heat Exchanger 9.1 m&#xB2; (97.5 ft&#xB2;) Stainless Steel 304 For Sale","https://ims.internationalprocessplants.com/inventory/equipment/detail/heat-exchanger/plate-and-frame/203552","11","","","Used","9.1 m&#xB2; (97.5 ft&#xB2;)","6.9 bar (100 psi)","110 °C (230 °F)","","","Alfa Laval","Stainless Steel 304","P2-16","- Inlet/Outlet Size: 2" (on both hot and cold sides)","75","Plate and Frame","Heat Exchanger"
"204165","IPP# 204165 - Plate and Frame Heat Exchanger 8.1 m&#xB2; (87.4 ft&#xB2;) Stainless Steel 316 For Sale","https://ims.internationalprocessplants.com/inventory/equipment/detail/heat-exchanger/plate-and-frame/204165","13","4 bar (58 psi)","24.9 °C (76.8 °F)","Used","8.1 m&#xB2; (87.4 ft&#xB2;)","4 bar (58 psi)","-1.11 °C (30 °F)","","","VICARB","Stainless Steel 316","V28CH","- Openings: 4-100mm","31","Plate and Frame","Heat Exchanger"
"204166","IPP# 204166 - Plate and Frame Heat Exchanger 8.1 m&#xB2; (87.4 ft&#xB2;) Stainless Steel 316 For Sale","https://ims.internationalprocessplants.com/inventory/equipment/detail/heat-exchanger/plate-and-frame/204166","13","4 bar (58 psi)","24.9 °C (76.8 °F)","Used","8.1 m&#xB2; (87.4 ft&#xB2;)","4 bar (58 psi)","30 °C (86 °F)","","","VICARB","Stainless Steel 316","V28CH","4-100mm openings,","31","Plate and Frame","Heat Exchanger"
"204167","IPP# 204167 - Plate and Frame Heat Exchanger 8.1 m&#xB2; (87.4 ft&#xB2;) Stainless Steel 316 For Sale","https://ims.internationalprocessplants.com/inventory/equipment/detail/heat-exchanger/plate-and-frame/204167","13","4 bar (58 psi)","24.9 °C (76.8 °F)","Used","8.1 m&#xB2; (87.4 ft&#xB2;)","4 bar (58 psi)","30 °C (86 °F)","","","VICARB","Stainless Steel 316","V28CH","4-100mm openings,","31","Plate and Frame","Heat Exchanger"
"204508","IPP# 204508 - Plate and Frame Heat Exchanger 27 m&#xB2; (290.6 ft&#xB2;) Stainless Steel 316 For Sale","https://ims.internationalprocessplants.com/inventory/equipment/detail/heat-exchanger/plate-and-frame/204508","10","","","Used","27 m&#xB2; (290.6 ft&#xB2;)","6.9 bar (100.1 psi)","","","","Alfa Laval","Stainless Steel 316","Am 10-HX","- Openings: 4 x 100mm","63","Plate and Frame","Heat Exchanger"
"204579","Stainless Steel Other APV Plate and Frame Heat Exchanger - IPP# 204579","https://ims.internationalprocessplants.com/inventory/equipment/detail/heat-exchanger/plate-and-frame/204579","9","","","Used","185.8 m&#xB2; (2,000 ft&#xB2;)","10.3 bar (150 psi)","135 °C (275 °F)","","","APV","Stainless Steel Other","","","360","Plate and Frame","Heat Exchanger"
"204580","Stainless Steel Other APV R 860 Plate and Frame Heat Exchanger - IPP# 204580","https://ims.internationalprocessplants.com/inventory/equipment/detail/heat-exchanger/plate-and-frame/204580","10","","","Used","139.4 m&#xB2; (1,500 ft&#xB2;)","10.3 bar (150 psi)","135 °C (275 °F)","","","APV","Stainless Steel Other","R 860","","189","Plate and Frame","Heat Exchanger"
"206743","Stainless Steel Other Paul Mueller AT 10 C20 Plate and Frame Heat Exchanger - IPP# 206743","https://ims.internationalprocessplants.com/inventory/equipment/detail/heat-exchanger/plate-and-frame/206743","10","","","Used","1.39 m&#xB2; (15 ft&#xB2;)","6.9 bar (100 psi)","100 °C (212 °F)","","","Paul Mueller","Stainless Steel Other","AT 10 C20","- Hot lines in and out: 2" NPT - Cold lines in and out: 2" NPT","","Plate and Frame","Heat Exchanger"
"206745","Stainless Steel Other Paul Mueller AT 10 C20 Plate and Frame Heat Exchanger - IPP# 206745","https://ims.internationalprocessplants.com/inventory/equipment/detail/heat-exchanger/plate-and-frame/206745","10","","","Used","1.39 m&#xB2; (15 ft&#xB2;)","6.9 bar (100 psi)","100 °C (212 °F)","","","Paul Mueller","Stainless Steel Other","AT 10 C20","- Hot lines in and out: 2" NPT - Cold lines in and out: 2" NPT","","Plate and Frame","Heat Exchanger"
"206746","Paul Mueller AT 10 C20 Plate and Frame Heat Exchanger - IPP# 206746","https://ims.internationalprocessplants.com/inventory/equipment/detail/heat-exchanger/plate-and-frame/206746","9","","","Used","1.39 m&#xB2; (15 ft&#xB2;)","6.9 bar (100 psi)","100 °C (212 °F)","","","Paul Mueller","","AT 10 C20","- Hot lines in and out: 2" NPT - Cold lines in and out: 2" NPT","","Plate and Frame","Heat Exchanger"
"207036","Stainless Steel 316 Graham GLP-18 Plate and Frame Heat Exchanger - IPP# 207036","https://ims.internationalprocessplants.com/inventory/equipment/detail/heat-exchanger/plate-and-frame/207036","10","","","Used","19.2 m&#xB2; (207 ft&#xB2;)","6.9 bar (100 psi)","93.3 °C (200 °F)","","","Graham Manufacturing Co.","Stainless Steel 316","GLP-18","- Inlet and outlet (cold side): Two, 3" flanges - Inlet and outlet (hot side): Two, # " flanges (size not specified)","","Plate and Frame","Heat Exchanger"
"207641","Stainless Steel 304 Mueller Accutherm AT40-HV-B310 Plate and Frame Heat Exchanger - IPP# 207641","https://ims.internationalprocessplants.com/inventory/equipment/detail/heat-exchanger/plate-and-frame/207641","11","","","Used","13.9 m&#xB2; (150 ft&#xB2;)","6.9 bar (100 psi)","148.9 °C (300 °F)","Carbon Steel","","Mueller Accutherm","Stainless Steel 304","AT40-HV-B310","- Inlets: (2) 4" - Outlets: (2) 4"","","Plate and Frame","Heat Exchanger"
"207642","Stainless Steel 304 Plate and Frame Heat Exchanger - IPP# 207642","https://ims.internationalprocessplants.com/inventory/equipment/detail/heat-exchanger/plate-and-frame/207642","11","","","Used","13.9 m&#xB2; (150 ft&#xB2;)","6.9 bar (100 psi)","148.9 °C (300 °F)","Carbon Steel","","Mueller Accutherm","Stainless Steel 304","AT40-HV-B310","- Inlets: (2) 4" - Outlets: (2) 4"","","Plate and Frame","Heat Exchanger"
"207660","Titanium APV SR25 Plate and Frame Heat Exchanger - IPP# 207660","https://ims.internationalprocessplants.com/inventory/equipment/detail/heat-exchanger/plate-and-frame/207660","11","","","Used","4.6 m&#xB2; (50 ft&#xB2;)","10.3 bar (150 psi)","135 °C (275 °F)","Carbon Steel","","APV","Stainless Steel 316","SR25","- Inlets: (2) 2.5" - Outlets: (2) 2.5"","","Plate and Frame","Heat Exchanger"
"209868","IPP# 209868 - Plate and Frame Heat Exchanger 9.9 m&#xB2; (107 ft&#xB2;) Stainless Steel 316 For Sale","https://ims.internationalprocessplants.com/inventory/equipment/detail/heat-exchanger/plate-and-frame/209868","11","10 bar (145 psi)","","Used","9.9 m&#xB2; (107 ft&#xB2;)","10 bar (145 psi)","","","","APV","Stainless Steel 316","N35-M6516","- Openings: 4-3"","27","Plate and Frame","Heat Exchanger"
"210848","Stainless Steel 316 Hebeler Corp Plate and Frame Heat Exchanger - IPP# 210848","https://ims.internationalprocessplants.com/inventory/equipment/detail/heat-exchanger/plate-and-frame/210848","11","","","Used","20.9 m&#xB2; (225 ft&#xB2;)","15.5 bar (225 psi)","93.3 °C (200 °F)","Carbon Steel","","Hebeler Corp","Stainless Steel 316","","Hot and cold side inlets and outlets, 4"","166","Plate and Frame","Heat Exchanger"
"212471","IPP# 212471 - Plate and Frame Heat Exchanger 7.6 m&#xB2; (81.8 ft&#xB2;) Hastelloy - C276 For Sale","https://ims.internationalprocessplants.com/inventory/equipment/detail/heat-exchanger/plate-and-frame/212471","8","","","Used","7.6 m&#xB2; (81.8 ft&#xB2;)","","","","","Alfa Laval","Hastelloy - C276","","4-100mm openings","29","Plate and Frame","Heat Exchanger"
"212495","Stainless Steel 316 Graham UFX-18 Plate and Frame Heat Exchanger - IPP# 212495","https://ims.internationalprocessplants.com/inventory/equipment/detail/heat-exchanger/plate-and-frame/212495","12","6.9 bar (100 psi)","160 °C (320 °F)","Used","12.4 m&#xB2; (134 ft&#xB2;)","6.9 bar (100 psi)","160 °C (320 °F)","","","Graham","Stainless Steel 316","UFX-18","- Inlet/outlet size: 2.5" flanged","","Plate and Frame","Heat Exchanger"
"212502","Stainless Steel 316 Plate and Frame Heat Exchanger - IPP# 212502","https://ims.internationalprocessplants.com/inventory/equipment/detail/heat-exchanger/plate-and-frame/212502","10","","","Used","16.3 m&#xB2; (175.9 ft&#xB2;)","8.6 bar (125 psi)","121.1 °C (250 °F)","","","American Heat Reclaiming","Stainless Steel 316","AM.10.FG","with (2) 4" openings cold side; (2) 4" opening hot side","","Plate and Frame","Heat Exchanger"
"212701","IPP# 212701 - Plate and Frame Heat Exchanger 1.6 m&#xB2; (17.2 ft&#xB2;) Stainless Steel Other For Sale","https://ims.internationalprocessplants.com/inventory/equipment/detail/heat-exchanger/plate-and-frame/212701","11","","","Used","1.6 m&#xB2; (17.2 ft&#xB2;)","6 bar (87 psi)","30 °C (86 °F)","","","Schmidt","Stainless Steel Other","Sigma 17-SVB-K","- Inlet/outlet size: 40 mm","14","Plate and Frame","Heat Exchanger"
"212765","IPP# 212765 - Plate and Frame Heat Exchanger 112 m&#xB2; (1,200 ft&#xB2;) Stainless Steel Other For Sale","https://ims.internationalprocessplants.com/inventory/equipment/detail/heat-exchanger/plate-and-frame/212765","10","","","Used","112 m&#xB2; (1,200 ft&#xB2;)","10 bar (145 psi)","110 °C (230 °F)","","","GEA Ahlborn","Stainless Steel Other","VT-40","- Openings: - Inlet: 2-100mm - Outlet: 2-100mm","","Plate and Frame","Heat Exchanger"
"213496","Stainless Steel 304 Alfa Laval A15-3FG Plate and Frame Heat Exchanger - IPP# 213496","https://ims.internationalprocessplants.com/inventory/equipment/detail/heat-exchanger/plate-and-frame/213496","13","10.3 bar (150 psi)","110 °C (230 °F)","Used","146.1 m&#xB2; (1,550 ft&#xB2;)","10.3 bar (150 psi)","110 °C (230 °F)","","2,150 mm (84 in)","Alfa Laval","Stainless Steel 304","A15-3FG","","195","Plate and Frame","Heat Exchanger"
"214105","IPP# 214105 - Plate and Frame Heat Exchanger 2.2 m&#xB2; (23.8 ft&#xB2;) Stainless Steel 316 For Sale","https://ims.internationalprocessplants.com/inventory/equipment/detail/heat-exchanger/plate-and-frame/214105","10","","","Used","2.2 m&#xB2; (23.8 ft&#xB2;)","","","Carbon Steel","","Tranter","Stainless Steel 316","GC-30NI*28","- Openings: 4-50mm","28","Plate and Frame","Heat Exchanger"
"214106","IPP# 214106 - Plate and Frame Heat Exchanger 2.2 m&#xB2; (23.8 ft&#xB2;) Stainless Steel 316 For Sale","https://ims.internationalprocessplants.com/inventory/equipment/detail/heat-exchanger/plate-and-frame/214106","10","","","Used","2.2 m&#xB2; (23.8 ft&#xB2;)","","","Carbon Steel","","Tranter","Stainless Steel 316","GC-30NI*28","- Openings: 4-50mm","28","Plate and Frame","Heat Exchanger"
"214107","IPP# 214107 - Plate and Frame Heat Exchanger 1.36 m&#xB2; (14.6 ft&#xB2;) Stainless Steel 316 For Sale","https://ims.internationalprocessplants.com/inventory/equipment/detail/heat-exchanger/plate-and-frame/214107","10","","","Used","1.36 m&#xB2; (14.6 ft&#xB2;)","","","Carbon Steel","","Tranter","Stainless Steel 316","GC-30N1-18","- Openings: 4-50mm","18","Plate and Frame","Heat Exchanger"
"214108","IPP# 214108 - Plate and Frame Heat Exchanger 1.02 m&#xB2; (11 ft&#xB2;) Stainless Steel 316 For Sale","https://ims.internationalprocessplants.com/inventory/equipment/detail/heat-exchanger/plate-and-frame/214108","10","","","Used","1.02 m&#xB2; (11 ft&#xB2;)","","","Carbon Steel","","Tranter","Stainless Steel 316","GC-30N1-14","Openings: 4-50mm","14","Plate and Frame","Heat Exchanger"
"214848","Unused Stainless Steel 316 Alfa Laval M30-FD Plate and Frame Heat Exchanger - IPP# 214848","https://ims.internationalprocessplants.com/inventory/equipment/detail/heat-exchanger/plate-and-frame/214848","12","","","Unused","938 m&#xB2; (10,100 ft&#xB2;)","20.7 bar (300 psi)","110 °C (230 °F)","Stainless Steel 316","","Alfa Laval","Stainless Steel 316","M30-FD","- Inlets: (2) 12" - Outlets: (2) 12"","588","Plate and Frame","Heat Exchanger"
"216059","Stainless Steel 316 Alfa Laval A10-BFD Type A Plate and Frame Heat Exchanger - IPP# 216059","https://ims.internationalprocessplants.com/inventory/equipment/detail/heat-exchanger/plate-and-frame/216059","15","150 bar (2,200 psi)","230 °C (446 °F)","Used","8.3 m&#xB2; (89 ft&#xB2;)","150 bar (2,200 psi)","230 °C (446 °F)","Carbon Steel","42 mm (1.65 in)","Alfa Laval","Stainless Steel 316","A10-BFD Type A","- Nozzle size: 6" for process and service.","36","Plate and Frame","Heat Exchanger"
"216094","Stainless Steel 304 Alfa Laval A10-BFD Plate and Frame Heat Exchanger - IPP# 216094","https://ims.internationalprocessplants.com/inventory/equipment/detail/heat-exchanger/plate-and-frame/216094","10","","","Used","36.1 m&#xB2; (389.1 ft&#xB2;)","11.4 bar (165 psi)","162.8 °C (325 °F)","","","Alfa Laval","Stainless Steel 304","A10-BFD","","36","Plate and Frame","Heat Exchanger"
"216118","Hastelloy - B Plate and Frame Heat Exchanger - IPP# 216118","https://ims.internationalprocessplants.com/inventory/equipment/detail/heat-exchanger/plate-and-frame/216118","12","","","Used","179.8 m&#xB2; (1,950 ft&#xB2;)","10.3 bar (150 psi)","93.3 °C (200 °F)","Carbon Steel","","Alfa Laval","Hastelloy - B","12" MA30-WFG","Inlet/Outlet Size: 12"","59","Plate and Frame","Heat Exchanger"
"216154","Unused Hastelloy - Other Plate and Frame Heat Exchanger - IPP# 216154","https://ims.internationalprocessplants.com/inventory/equipment/detail/heat-exchanger/plate-and-frame/216154","6","","","Unused","182.8 m&#xB2; (1,950 ft&#xB2;)","","","","","","Hastelloy - Other","","","59","Plate and Frame","Heat Exchanger"
"216324","Paul Mueller Plate and Frame Heat Exchanger - IPP# 216324","https://ims.internationalprocessplants.com/inventory/equipment/detail/heat-exchanger/plate-and-frame/216324","9","","","Used","9.3 m&#xB2; (100 ft&#xB2;)","10.3 bar (150 psi)","65.6 °C (150 °F)","","","Paul Mueller","","AT80 B-20","","72","Plate and Frame","Heat Exchanger"
"216388","Stainless Steel 304 Plate and Frame Heat Exchanger - IPP# 216388","https://ims.internationalprocessplants.com/inventory/equipment/detail/heat-exchanger/plate-and-frame/216388","10","","","Used","9.3 m&#xB2; (100 ft&#xB2;)","31 bar (450 psi)","195 °C (383 °F)","Carbon Steel","","","Stainless Steel 304","","- Nozzles: Four 4"-150 lb. flange, with 2 turned to 90 degrees","150","Plate and Frame","Heat Exchanger"
"217633","IPP# 217633 - Plate and Frame Heat Exchanger 2.5 m&#xB2; (26.5 ft&#xB2;) Hastelloy - C276 For Sale","https://ims.internationalprocessplants.com/inventory/equipment/detail/heat-exchanger/plate-and-frame/217633","13","7 bar (101.5 psi)","150 °C (302 °F)","Used","2.5 m&#xB2; (26.5 ft&#xB2;)","7 bar (101.5 psi)","150 °C (302 °F)","Hastelloy - C276","","Schmidtz","Hastelloy - C276","Sigma 27 NCL","","12","Plate and Frame","Heat Exchanger"
"217885","IPP# 217885 - Plate and Frame Heat Exchanger 2.5 m&#xB2; (26.6 ft&#xB2;) Stainless Steel Other For Sale","https://ims.internationalprocessplants.com/inventory/equipment/detail/heat-exchanger/plate-and-frame/217885","13","10 bar (145 psi)","150 °C (302 °F)","Used","2.5 m&#xB2; (26.6 ft&#xB2;)","10 bar (145 psi)","150 °C (302 °F)","","","VICARB","Stainless Steel Other","V13","openings (4) DN50","19","Plate and Frame","Heat Exchanger"
"219021","IPP# 219021 - Plate and Frame Heat Exchanger 11.8 m&#xB2; (127 ft&#xB2;) Stainless Steel 316 For Sale","https://ims.internationalprocessplants.com/inventory/equipment/detail/heat-exchanger/plate-and-frame/219021","10","","","Used","11.8 m&#xB2; (127 ft&#xB2;)","","","Stainless Steel 316","","Schmidtz","Stainless Steel 316","Sigma X19-NBL","- Plate openings: 4-50mm","61","Plate and Frame","Heat Exchanger"
"219022","IPP# 219022 - Plate and Frame Heat Exchanger 11.8 m&#xB2; (127 ft&#xB2;) Stainless Steel 316 For Sale","https://ims.internationalprocessplants.com/inventory/equipment/detail/heat-exchanger/plate-and-frame/219022","10","","","Used","11.8 m&#xB2; (127 ft&#xB2;)","","","Stainless Steel 316","","Schmidtz","Stainless Steel 316","Sigma X19-NBL","- Plate openings: 4-50mm","58","Plate and Frame","Heat Exchanger"
"219185","IPP# 219185 - Plate and Frame Heat Exchanger 51 m&#xB2; (549 ft&#xB2;) Stainless Steel Other For Sale","https://ims.internationalprocessplants.com/inventory/equipment/detail/heat-exchanger/plate-and-frame/219185","14","10 bar (145 psi)","100 °C (212 °F)","Used","51 m&#xB2; (549 ft&#xB2;)","10 bar (145 psi)","100 °C (212 °F)","Carbon Steel","","Schmidtz","Stainless Steel Other","Sigma 65-SBL","- Plate openings: 2-100mm, 2-80mm","80","Plate and Frame","Heat Exchanger"
"219186","IPP# 219186 - Plate and Frame Heat Exchanger 53 m&#xB2; (570 ft&#xB2;) Stainless Steel Other For Sale","https://ims.internationalprocessplants.com/inventory/equipment/detail/heat-exchanger/plate-and-frame/219186","14","10 bar (145 psi)","100 °C (212 °F)","Used","53 m&#xB2; (570 ft&#xB2;)","10 bar (145 psi)","100 °C (212 °F)","Carbon Steel","","Schmidtz","Stainless Steel Other","Sigma 65-SBL","- Plate openings: 2-100mm, 2-80mm","82","Plate and Frame","Heat Exchanger"
"219187","IPP# 219187 - Plate and Frame Heat Exchanger 51 m&#xB2; (549 ft&#xB2;) Stainless Steel Other For Sale","https://ims.internationalprocessplants.com/inventory/equipment/detail/heat-exchanger/plate-and-frame/219187","14","10 bar (145 psi)","100 °C (212 °F)","Used","51 m&#xB2; (549 ft&#xB2;)","10 bar (145 psi)","100 °C (212 °F)","Carbon Steel","","Schmidtz","Stainless Steel Other","Sigma 65-SBL","- Plate openings: 2-100mm, 2-80mm","80","Plate and Frame","Heat Exchanger"
"219259","IPP# 219259 - Plate and Frame Heat Exchanger 47.5 m&#xB2; (512 ft&#xB2;) Stainless Steel 316 For Sale","https://ims.internationalprocessplants.com/inventory/equipment/detail/heat-exchanger/plate-and-frame/219259","13","12 bar (174 psi)","115 °C (239 °F)","Used","47.5 m&#xB2; (512 ft&#xB2;)","12 bar (174 psi)","115 °C (239 °F)","Stainless Steel 321","","GEA Ahlborn GmbH Co KG/Germany","Stainless Steel 316","N40","","105","Plate and Frame","Heat Exchanger"
"219681","IPP# 219681 - Plate and Frame Heat Exchanger 54 m&#xB2; (581 ft&#xB2;) Stainless Steel Other For Sale","https://ims.internationalprocessplants.com/inventory/equipment/detail/heat-exchanger/plate-and-frame/219681","14","10 bar (145 psi)","140 °C (284 °F)","Used","54 m&#xB2; (581 ft&#xB2;)","10 bar (145 psi)","140 °C (284 °F)","Carbon Steel","","W.Schmidt KG","Stainless Steel Other","Sigma 64","Openings on product side: 2 DN100","83","Plate and Frame","Heat Exchanger"
"219739","IPP# 219739 - Plate and Frame Heat Exchanger 4.5 m&#xB2; (48.4 ft&#xB2;) Stainless Steel Other For Sale","https://ims.internationalprocessplants.com/inventory/equipment/detail/heat-exchanger/plate-and-frame/219739","8","","","Used","4.5 m&#xB2; (48.4 ft&#xB2;)","10 bar (145 psi)","100 °C (212 °F)","","","Schmit","Stainless Steel Other","","","","Plate and Frame","Heat Exchanger"
"219740","IPP# 219740 - Plate and Frame Heat Exchanger 4.5 m&#xB2; (48.4 ft&#xB2;) Stainless Steel Other For Sale","https://ims.internationalprocessplants.com/inventory/equipment/detail/heat-exchanger/plate-and-frame/219740","8","","","Used","4.5 m&#xB2; (48.4 ft&#xB2;)","10 bar (145 psi)","100 °C (212 °F)","","","Schmit","Stainless Steel Other","","","","Plate and Frame","Heat Exchanger"
"219741","IPP# 219741 - Plate and Frame Heat Exchanger 4.5 m&#xB2; (48.4 ft&#xB2;) Stainless Steel Other For Sale","https://ims.internationalprocessplants.com/inventory/equipment/detail/heat-exchanger/plate-and-frame/219741","8","","","Used","4.5 m&#xB2; (48.4 ft&#xB2;)","10 bar (145 psi)","100 °C (212 °F)","","","Schmit","Stainless Steel Other","","","","Plate and Frame","Heat Exchanger"
"219742","IPP# 219742 - Plate and Frame Heat Exchanger 4.5 m&#xB2; (48.4 ft&#xB2;) Stainless Steel Other For Sale","https://ims.internationalprocessplants.com/inventory/equipment/detail/heat-exchanger/plate-and-frame/219742","8","","","Used","4.5 m&#xB2; (48.4 ft&#xB2;)","10 bar (145 psi)","100 °C (212 °F)","","","Schmit","Stainless Steel Other","","","","Plate and Frame","Heat Exchanger"
"219743","IPP# 219743 - Plate and Frame Heat Exchanger 4.5 m&#xB2; (48.4 ft&#xB2;) Stainless Steel Other For Sale","https://ims.internationalprocessplants.com/inventory/equipment/detail/heat-exchanger/plate-and-frame/219743","8","","","Used","4.5 m&#xB2; (48.4 ft&#xB2;)","10 bar (145 psi)","100 °C (212 °F)","","","Schmit","Stainless Steel Other","","","","Plate and Frame","Heat Exchanger"
"219744","IPP# 219744 - Plate and Frame Heat Exchanger 4.5 m&#xB2; (48.4 ft&#xB2;) Stainless Steel Other For Sale","https://ims.internationalprocessplants.com/inventory/equipment/detail/heat-exchanger/plate-and-frame/219744","8","","","Used","4.5 m&#xB2; (48.4 ft&#xB2;)","10 bar (145 psi)","100 °C (212 °F)","","","Schmit","Stainless Steel Other","","","","Plate and Frame","Heat Exchanger"
"220407","IPP# 220407 - Plate and Frame Heat Exchanger 0.2 m&#xB2; (2.2 ft&#xB2;) Stainless Steel 316 For Sale","https://ims.internationalprocessplants.com/inventory/equipment/detail/heat-exchanger/plate-and-frame/220407","14","10 bar (145 psi)","200 °C (392 °F)","Used","0.2 m&#xB2; (2.2 ft&#xB2;)","10 bar (145 psi)","200 °C (392 °F)","Stainless Steel 316","","API Schmidt-Bretten, Germany","Stainless Steel 316","SIGMAWIG ST 3 VDN","- Openings: inlet 2-DN25, outlet 2-DN25","12","Plate and Frame","Heat Exchanger"
"221170","Stainless Steel 316 VICARB 760C95 Plate and Frame Heat Exchanger - IPP# 221170","https://ims.internationalprocessplants.com/inventory/equipment/detail/heat-exchanger/plate-and-frame/221170","13","4 bar (58 psi)","130 °C (266 °F)","Used","36.3 m&#xB2; (390.7 ft&#xB2;)","10 bar (145 psi)","130 °C (266 °F)","Carbon Steel","","VICARB","Stainless Steel 316","760C95","","34","Plate and Frame","Heat Exchanger"
"221171","IPP# 221171 - Plate and Frame Heat Exchanger 13.9 m&#xB2; (150 ft&#xB2;) Stainless Steel Austenitic For Sale","https://ims.internationalprocessplants.com/inventory/equipment/detail/heat-exchanger/plate-and-frame/221171","10","0.21 bar (3 psi)","35 °C (95 °F)","Used","13.9 m&#xB2; (150 ft&#xB2;)","0.21 bar (3 psi)","23.9 °C (75 °F)","","","VICARB","Stainless Steel Austenitic","","","","Plate and Frame","Heat Exchanger"
"221321","Stainless Steel 304 Tranter Superchanger GDX-060-L-5-UP-207 Plate and Frame Heat Exchanger - IPP# 221321","https://ims.internationalprocessplants.com/inventory/equipment/detail/heat-exchanger/plate-and-frame/221321","13","10.3 bar (150 psi)","121.1 °C (250 °F)","Used","114.8 m&#xB2; (1,250 ft&#xB2;)","10.3 bar (150 psi)","121.1 °C (250 °F)","Carbon Steel","","Tranter Superchanger","Stainless Steel 304","GDX-060-L-5-UP-207","","194","Plate and Frame","Heat Exchanger"
"221322","Stainless Steel 304 Graham UF-60 Plate and Frame Heat Exchanger - IPP# 221322","https://ims.internationalprocessplants.com/inventory/equipment/detail/heat-exchanger/plate-and-frame/221322","14","10.3 bar (150 psi)","93.3 °C (200 °F)","Used","84.5 m&#xB2; (910 ft&#xB2;)","10.3 bar (150 psi)","93.3 °C (200 °F)","Carbon Steel","","Graham","Stainless Steel 304","UF-60","Pass arrangement H.S.-1, C.S.-1Inlets and outlets are 8". Drain is 6".","153","Plate and Frame","Heat Exchanger"
"221365","Titanium Plate and Frame Heat Exchanger - IPP# 221365","https://ims.internationalprocessplants.com/inventory/equipment/detail/heat-exchanger/plate-and-frame/221365","10","","","Used","749 m&#xB2; (8,050 ft&#xB2;)","10.3 bar (150 psi)","65.6 °C (150 °F)","Carbon Steel","","Alfa Laval","Titanium","","","407","Plate and Frame","Heat Exchanger"
"221366","Titanium Plate and Frame Heat Exchanger - IPP# 221366","https://ims.internationalprocessplants.com/inventory/equipment/detail/heat-exchanger/plate-and-frame/221366","10","","","Used","749 m&#xB2; (8,050 ft&#xB2;)","10.3 bar (150 psi)","65.6 °C (150 °F)","Carbon Steel","","Alfa Laval","Titanium","","","407","Plate and Frame","Heat Exchanger"
"221368","Titanium Plate and Frame Heat Exchanger - IPP# 221368","https://ims.internationalprocessplants.com/inventory/equipment/detail/heat-exchanger/plate-and-frame/221368","10","","","Used","749 m&#xB2; (8,050 ft&#xB2;)","10.3 bar (150 psi)","65.6 °C (150 °F)","Carbon Steel","","Alfa Laval","Titanium","","","407","Plate and Frame","Heat Exchanger"
"221369","Titanium Plate and Frame Heat Exchanger - IPP# 221369","https://ims.internationalprocessplants.com/inventory/equipment/detail/heat-exchanger/plate-and-frame/221369","10","","","Used","749 m&#xB2; (8,050 ft&#xB2;)","10.3 bar (150 psi)","65.6 °C (150 °F)","Carbon Steel","","Alfa Laval","Titanium","","","407","Plate and Frame","Heat Exchanger"
"221370","Titanium Plate and Frame Heat Exchanger - IPP# 221370","https://ims.internationalprocessplants.com/inventory/equipment/detail/heat-exchanger/plate-and-frame/221370","10","","","Used","749 m&#xB2; (8,050 ft&#xB2;)","10.3 bar (150 psi)","65.6 °C (150 °F)","Carbon Steel","","Alfa Laval","Titanium","","","407","Plate and Frame","Heat Exchanger"
"221510","Graphite Sigri P05-28-2.1-F100 Plate and Frame Heat Exchanger - IPP# 221510","https://ims.internationalprocessplants.com/inventory/equipment/detail/heat-exchanger/plate-and-frame/221510","14","6 bar (87 psi)","140 °C (284 °F)","Used","1.3 m&#xB2; (14 ft&#xB2;)","6 bar (87 psi)","140 °C (284 °F)","Carbon Steel","","Sigri GmbH","Graphite","P05-28-2.1-F100","4-1"Openings,","28","Plate and Frame","Heat Exchanger"
"221511","Graphite SGL Technik P05-6-11-F100 Plate and Frame Heat Exchanger - IPP# 221511","https://ims.internationalprocessplants.com/inventory/equipment/detail/heat-exchanger/plate-and-frame/221511","13","6 bar (87 psi)","140 °C (284 °F)","Used","0.2 m&#xB2; (2.2 ft&#xB2;)","6 bar (87 psi)","140 °C (284 °F)","Carbon Steel","","SGL Technik","Graphite","P05-6-11-F100","4-1" openings,","","Plate and Frame","Heat Exchanger"
"221529","Graphite SGL P25-11-1.1-F100 Plate and Frame Heat Exchanger - IPP# 221529","https://ims.internationalprocessplants.com/inventory/equipment/detail/heat-exchanger/plate-and-frame/221529","13","6 bar (87 psi)","140 °C (284 °F)","Used","2.3 m&#xB2; (24.2 ft&#xB2;)","6 bar (87 psi)","140 °C (284 °F)","","","SGL","Graphite","P25-11-1.1-F100","4-4" openings","11","Plate and Frame","Heat Exchanger"
"221686","IPP# 221686 - Plate and Frame Heat Exchanger 20 m&#xB2; (215.3 ft&#xB2;) Stainless Steel Other For Sale","https://ims.internationalprocessplants.com/inventory/equipment/detail/heat-exchanger/plate-and-frame/221686","12","10 bar (145 psi)","120 °C (248 °F)","Used","20 m&#xB2; (215.3 ft&#xB2;)","10 bar (145 psi)","120 °C (248 °F)","","","CF Scheer & CIE","Stainless Steel Other","CP2050","","75","Plate and Frame","Heat Exchanger"
"222017","Stainless Steel 304 Graham UF-60 Plate and Frame Heat Exchanger - IPP# 222017","https://ims.internationalprocessplants.com/inventory/equipment/detail/heat-exchanger/plate-and-frame/222017","14","10.3 bar (150 psi)","93.3 °C (200 °F)","Used","84.5 m&#xB2; (910 ft&#xB2;)","10.3 bar (150 psi)","93.3 °C (200 °F)","Carbon Steel","","Graham","Stainless Steel 304","UF-60","Cold side inlet/outlet are 8", hot side inlet & outlet are 8". Six inch drain valve.","153","Plate and Frame","Heat Exchanger"
"222334","IPP# 222334 - Plate and Frame Heat Exchanger 10 m&#xB2; (107.6 ft&#xB2;) Stainless Steel Austenitic For Sale","https://ims.internationalprocessplants.com/inventory/equipment/detail/heat-exchanger/plate-and-frame/222334","14","8 bar (116 psi)","130 °C (266 °F)","Used","10 m&#xB2; (107.6 ft&#xB2;)","8 bar (116 psi)","130 °C (266 °F)","Carbon Steel","","Alfa Laval","Stainless Steel Austenitic","M6-MFM","openings side A: 2-50mm, side B: 2-50mm","71","Plate and Frame","Heat Exchanger"
"222335","IPP# 222335 - Plate and Frame Heat Exchanger 50.8 m&#xB2; (547 ft&#xB2;) Stainless Steel 316 For Sale","https://ims.internationalprocessplants.com/inventory/equipment/detail/heat-exchanger/plate-and-frame/222335","14","6 bar (87 psi)","120 °C (248 °F)","Used","50.8 m&#xB2; (547 ft&#xB2;)","6 bar (87 psi)","120 °C (248 °F)","Carbon Steel","","Schmidt API heat transfer","Stainless Steel 316","Sigma M66 SAL","openings 4-100mm","78","Plate and Frame","Heat Exchanger"
"222337","IPP# 222337 - Plate and Frame Heat Exchanger 15.9 m&#xB2; (171 ft&#xB2;) Stainless Steel Austenitic For Sale","https://ims.internationalprocessplants.com/inventory/equipment/detail/heat-exchanger/plate-and-frame/222337","13","6 bar (87 psi)","120 °C (248 °F)","Used","15.9 m&#xB2; (171 ft&#xB2;)","6 bar (87 psi)","120 °C (248 °F)","Carbon Steel","","","Stainless Steel Austenitic","TL 250 KAXL","openings 4-80mm 316Ti stainless steel (1.4571)","61","Plate and Frame","Heat Exchanger"
"222339","IPP# 222339 - Plate and Frame Heat Exchanger 2.3 m&#xB2; (24.8 ft&#xB2;) Stainless Steel Austenitic For Sale","https://ims.internationalprocessplants.com/inventory/equipment/detail/heat-exchanger/plate-and-frame/222339","14","10 bar (145 psi)","140 °C (284 °F)","Used","2.3 m&#xB2; (24.8 ft&#xB2;)","10 bar (145 psi)","140 °C (284 °F)","Carbon Steel","","Thermowave Gmbh","Stainless Steel Austenitic","TL 250 KBXL","openings 4-50mm 316Ti stainless steel (1.4571)","17","Plate and Frame","Heat Exchanger"
"222340","IPP# 222340 - Plate and Frame Heat Exchanger 1.4 m&#xB2; (15.1 ft&#xB2;) Stainless Steel Austenitic For Sale","https://ims.internationalprocessplants.com/inventory/equipment/detail/heat-exchanger/plate-and-frame/222340","14","6 bar (87 psi)","100 °C (212 °F)","Used","1.4 m&#xB2; (15.1 ft&#xB2;)","6 bar (87 psi)","100 °C (212 °F)","Carbon Steel","","Thermowave Gmbh","Stainless Steel Austenitic","TL 150 KBAL","openings 4-25mm","11","Plate and Frame","Heat Exchanger"
"222343","IPP# 222343 - Plate and Frame Heat Exchanger 20.6 m&#xB2; (221.7 ft&#xB2;) Titanium For Sale","https://ims.internationalprocessplants.com/inventory/equipment/detail/heat-exchanger/plate-and-frame/222343","14","6 bar (87 psi)","100 °C (212 °F)","Used","20.6 m&#xB2; (221.7 ft&#xB2;)","6 bar (87 psi)","100 °C (212 °F)","Carbon Steel","","Thermowave Gmbh","Titanium","TL 500 KAXL","openings 2-200mm 316Ti stainless steel (1.4571), 2-50mm 316Ti stainless steel (1.4571)","45","Plate and Frame","Heat Exchanger"
"222354","IPP# 222354 - Plate and Frame Heat Exchanger 20.2 m&#xB2; (217.4 ft&#xB2;) Stainless Steel 316 For Sale","https://ims.internationalprocessplants.com/inventory/equipment/detail/heat-exchanger/plate-and-frame/222354","14","10 bar (145 psi)","120 °C (248 °F)","Used","20.2 m&#xB2; (217.4 ft&#xB2;)","10 bar (145 psi)","120 °C (248 °F)","Carbon Steel","","Alfa Laval","Stainless Steel 316","TLM250 KBGL","openings : 4-100mm 316Ti stainless steel (1.4571)","77","Plate and Frame","Heat Exchanger"
"222355","IPP# 222355 - Plate and Frame Heat Exchanger 20.2 m&#xB2; (217.4 ft&#xB2;) Stainless Steel 316 For Sale","https://ims.internationalprocessplants.com/inventory/equipment/detail/heat-exchanger/plate-and-frame/222355","14","10 bar (145 psi)","120 °C (248 °F)","Used","20.2 m&#xB2; (217.4 ft&#xB2;)","10 bar (145 psi)","120 °C (248 °F)","Carbon Steel","","Alfa Laval","Stainless Steel 316","TLM250 KBGL","openings : 4-100mm 316Ti stainless steel (1.4571)","77","Plate and Frame","Heat Exchanger"
"223102","Stainless Steel 316 Thermaline T-13 Plate and Frame Heat Exchanger - IPP# 223102","https://ims.internationalprocessplants.com/inventory/equipment/detail/heat-exchanger/plate-and-frame/223102","11","","","Used","2.7 m&#xB2; (29.4 ft&#xB2;)","150 bar (2,200 psi)","300 °C (572 °F)","Carbon Steel","","Thermaline","Stainless Steel 316","T-13","","21","Plate and Frame","Heat Exchanger"
"223170","Stainless Steel 316 ITT Plate and Frame Heat Exchanger - IPP# 223170","https://ims.internationalprocessplants.com/inventory/equipment/detail/heat-exchanger/plate-and-frame/223170","12","10.3 bar (150 psi)","150 °C (302 °F)","Used","1.86 m&#xB2; (20 ft&#xB2;)","10.3 bar (150 psi)","150 °C (302 °F)","","","ITT","Stainless Steel 316","","Openings: (4) 2".","7","Plate and Frame","Heat Exchanger"
"223172","Stainless Steel 316 ITT Plate and Frame Heat Exchanger - IPP# 223172","https://ims.internationalprocessplants.com/inventory/equipment/detail/heat-exchanger/plate-and-frame/223172","12","10.3 bar (150 psi)","150 °C (302 °F)","Used","1.86 m&#xB2; (20 ft&#xB2;)","10.3 bar (150 psi)","150 °C (302 °F)","","","ITT","Stainless Steel 316","","Openings: (4) 2".","7","Plate and Frame","Heat Exchanger"
"228300","IPP# 228300 - Plate and Frame Heat Exchanger Stainless Steel Austenitic For Sale","https://ims.internationalprocessplants.com/inventory/equipment/detail/heat-exchanger/plate-and-frame/228300","9","6 bar (87 psi)","200 °C (392 °F)","Used","","6 bar (87 psi)","200 °C (392 °F)","","","Ley Kg","Stainless Steel Austenitic","","","","Plate and Frame","Heat Exchanger"
"228308","IPP# 228308 - Plate and Frame Heat Exchanger 13.1 m&#xB2; (141 ft&#xB2;) Stainless Steel 316 For Sale","https://ims.internationalprocessplants.com/inventory/equipment/detail/heat-exchanger/plate-and-frame/228308","12","","","Used","13.1 m&#xB2; (141 ft&#xB2;)","10 bar (145 psi)","60 °C (140 °F)","Carbon Steel","","API","Stainless Steel 316","SIGMA M 35 S SBL","openings: 4-100mm","34","Plate and Frame","Heat Exchanger"
"229489","Stainless Steel 316 Alfa Laval M15-BFM8 Plate and Frame Heat Exchanger - IPP# 229489","https://ims.internationalprocessplants.com/inventory/equipment/detail/heat-exchanger/plate-and-frame/229489","14","10 bar (145 psi)","80 °C (176 °F)","Used","76.9 m&#xB2; (828 ft&#xB2;)","10 bar (145 psi)","80 °C (176 °F)","Carbon Steel","","Alfa Laval","Stainless Steel 316","M15-BFM8","openings 4-140mm","124","Plate and Frame","Heat Exchanger"
"231037","Plate and Frame Heat Exchanger API Schmidt-Bretten, Germany Sigma M25 S NBL - IPP# 231037","https://ims.internationalprocessplants.com/inventory/equipment/detail/heat-exchanger/plate-and-frame/231037","12","10 bar (145 psi)","150 °C (302 °F)","Used","8.1 m&#xB2; (87.2 ft&#xB2;)","10 bar (145 psi)","150 °C (302 °F)","","","API Schmidt-Bretten, Germany","Titanium","Sigma M25 S NBL","","34","Plate and Frame","Heat Exchanger"
"231041","IPP# 231041 - Plate and Frame Heat Exchanger 2.3 m&#xB2; (24.6 ft&#xB2;) Stainless Steel 316 For Sale","https://ims.internationalprocessplants.com/inventory/equipment/detail/heat-exchanger/plate-and-frame/231041","12","10 bar (145 psi)","150 °C (302 °F)","Used","2.3 m&#xB2; (24.6 ft&#xB2;)","10 bar (145 psi)","150 °C (302 °F)","","","Vahterus","Stainless Steel 316","PSHE 3LL-32/1/1","","32","Plate and Frame","Heat Exchanger"
"231143","IPP# 231143 - Plate and Frame Heat Exchanger 6.1 m&#xB2; (65.7 ft&#xB2;) Stainless Steel 316 For Sale","https://ims.internationalprocessplants.com/inventory/equipment/detail/heat-exchanger/plate-and-frame/231143","12","10 bar (145 psi)","160 °C (320 °F)","Used","6.1 m&#xB2; (65.7 ft&#xB2;)","10 bar (145 psi)","160 °C (320 °F)","","","API Schmidt-Bretten, Germany","Stainless Steel 316","SIGMA M-19-NBL","","34","Plate and Frame","Heat Exchanger"
"231144","IPP# 231144 - Plate and Frame Heat Exchanger 1.9 m&#xB2; (20.5 ft&#xB2;) Stainless Steel 316 For Sale","https://ims.internationalprocessplants.com/inventory/equipment/detail/heat-exchanger/plate-and-frame/231144","8","","","Used","1.9 m&#xB2; (20.5 ft&#xB2;)","","","","","API Schmidt-Bretten, Germany","Stainless Steel 316","Sigmawig ST12-PF 1888","","16","Plate and Frame","Heat Exchanger"
"231147","IPP# 231147 - Plate and Frame Heat Exchanger 3.1 m&#xB2; (33.4 ft&#xB2;) Stainless Steel 316 For Sale","https://ims.internationalprocessplants.com/inventory/equipment/detail/heat-exchanger/plate-and-frame/231147","12","10 bar (145 psi)","200 °C (392 °F)","Used","3.1 m&#xB2; (33.4 ft&#xB2;)","10 bar (145 psi)","200 °C (392 °F)","","","API Schmidt-Bretten, Germany","Stainless Steel 316","Sigmawig ST12-VBN","","24","Plate and Frame","Heat Exchanger"
"231230","IPP# 231230 - Plate and Frame Heat Exchanger 12 m&#xB2; (129.2 ft&#xB2;) Titanium For Sale","https://ims.internationalprocessplants.com/inventory/equipment/detail/heat-exchanger/plate-and-frame/231230","11","6 bar (87 psi)","150 °C (302 °F)","Used","12 m&#xB2; (129.2 ft&#xB2;)","6 bar (87 psi)","150 °C (302 °F)","","","Tranter","Titanium","GC-26N-66","","","Plate and Frame","Heat Exchanger"
"231235","IPP# 231235 - Plate and Frame Heat Exchanger 12.8 m&#xB2; (137.8 ft&#xB2;) Stainless Steel Austenitic For Sale","https://ims.internationalprocessplants.com/inventory/equipment/detail/heat-exchanger/plate-and-frame/231235","6","","","Used","12.8 m&#xB2; (137.8 ft&#xB2;)","","","","","Vicarb Deutschland Gmbh","Stainless Steel Austenitic","","","","Plate and Frame","Heat Exchanger"
"232028","Stainless Steel 316 Alfa Laval 16-FG Plate and Frame Heat Exchanger - IPP# 232028","https://ims.internationalprocessplants.com/inventory/equipment/detail/heat-exchanger/plate-and-frame/232028","11","10.3 bar (150 psi)","121.1 °C (250 °F)","Used","3.2 m&#xB2; (34 ft&#xB2;)","10.3 bar (150 psi)","121.1 °C (250 °F)","","","Alfa Laval","Stainless Steel 316","16-FG","","","Plate and Frame","Heat Exchanger"
"232711","Stainless Steel 316 Plate and Frame Heat Exchanger - IPP# 232711","https://ims.internationalprocessplants.com/inventory/equipment/detail/heat-exchanger/plate-and-frame/232711","11","13.8 bar (200 psi)","162.8 °C (325 °F)","Used","84.7 m&#xB2; (912 ft&#xB2;)","13.8 bar (200 psi)","162.8 °C (325 °F)","","3,950 mm (156 in)","APV /Hebeler","Stainless Steel 316","","","","Plate and Frame","Heat Exchanger"
"232712","Stainless Steel 316 Plate and Frame Heat Exchanger - IPP# 232712","https://ims.internationalprocessplants.com/inventory/equipment/detail/heat-exchanger/plate-and-frame/232712","11","13.8 bar (200 psi)","162.8 °C (325 °F)","Used","84.7 m&#xB2; (912 ft&#xB2;)","13.8 bar (200 psi)","162.8 °C (325 °F)","","3,050 mm (120 in)","APV/Hebeler","Stainless Steel 316","","","","Plate and Frame","Heat Exchanger"
"232793","IPP# 232793 - New Plate and Frame Heat Exchanger 96 m&#xB2; (1,050 ft&#xB2;) Stainless Steel 316 For Sale","https://ims.internationalprocessplants.com/inventory/equipment/detail/heat-exchanger/plate-and-frame/232793","13","10 bar (145 psi)","250 °C (482 °F)","New","96 m&#xB2; (1,050 ft&#xB2;)","10 bar (145 psi)","110 °C (230 °F)","","2,300 mm (90.1 in)","Schiller Apparatebau Gmbh","Stainless Steel 316","","Openings: Plate side - 2-150mm, shell side - 1-700mm (top head), 1-200mm, 1-150mm (bottom head)","38","Plate and Frame","Heat Exchanger"
"232794","IPP# 232794 - New Plate and Frame Heat Exchanger 6.5 m&#xB2; (70 ft&#xB2;) Stainless Steel 316 For Sale","https://ims.internationalprocessplants.com/inventory/equipment/detail/heat-exchanger/plate-and-frame/232794","13","10 bar (145 psi)","250 °C (482 °F)","New","6.5 m&#xB2; (70 ft&#xB2;)","10 bar (145 psi)","110 °C (230 °F)","Stainless Steel 316","","Schiller Apparatebau Gmbh","Stainless Steel 316","","Openings: Plate side - 2-200mm, shell side - 1-50mm (top head), 1-50mm (bottom head), 1-40mm (bottom head)","12","Plate and Frame","Heat Exchanger"
"233139","Hastelloy - C276 Trantor UX-216-HJ-9 Plate and Frame Heat Exchanger - IPP# 233139","https://ims.internationalprocessplants.com/inventory/equipment/detail/heat-exchanger/plate-and-frame/233139","12","5.2 bar (75 psi)","148.9 °C (300 °F)","Used","1.5 m&#xB2; (16.1 ft&#xB2;)","5.2 bar (75 psi)","148.9 °C (300 °F)","","","Trantor","Hastelloy - C276","UX-216-HJ-9","","6","Plate and Frame","Heat Exchanger"
"233140","Hastelloy - C276 Trantor UX-216-HJ-9 Plate and Frame Heat Exchanger - IPP# 233140","https://ims.internationalprocessplants.com/inventory/equipment/detail/heat-exchanger/plate-and-frame/233140","12","5.2 bar (75 psi)","148.9 °C (300 °F)","Used","1.5 m&#xB2; (16.1 ft&#xB2;)","5.2 bar (75 psi)","148.9 °C (300 °F)","","","Trantor","Hastelloy - C276","UX-216-HJ-9","","6","Plate and Frame","Heat Exchanger"
"233721","Stainless Steel 316 Plate and Frame Heat Exchanger - IPP# 233721","https://ims.internationalprocessplants.com/inventory/equipment/detail/heat-exchanger/plate-and-frame/233721","13","10.3 bar (150 psi)","115 °C (239 °F)","Used","71 m&#xB2; (764 ft&#xB2;)","10.3 bar (150 psi)","115 °C (239 °F)","Carbon Steel","1,400 mm (55 in)","APV","Stainless Steel 316","","","73","Plate and Frame","Heat Exchanger"
"233786","Heat Exchanger - IPP# 233786","https://ims.internationalprocessplants.com/inventory/equipment/detail/heat-exchanger/plate-and-frame/233786","13","16 bar (232 psi)","148.9 °C (300 °F)","Used","9.5 m&#xB2; (102 ft&#xB2;)","16 bar (232 psi)","148.9 °C (300 °F)","Stainless Steel 316L","610 mm (24 in)","Alfa Laval","Stainless Steel 316L","","2" ANSIB 16.5 class 150 304 SS","","Plate and Frame","Heat Exchanger"
"236183","IPP# 236183 - Plate and Frame Heat Exchanger Stainless Steel Other For Sale","https://ims.internationalprocessplants.com/inventory/equipment/detail/heat-exchanger/plate-and-frame/236183","11","25 bar (362.6 psi)","150 °C (302 °F)","Used","","25 bar (362.6 psi)","150 °C (302 °F)","Stainless Steel Other","","Vahterus","Stainless Steel Other","PSHE 5HH-176/1/1","","","Plate and Frame","Heat Exchanger"
"245823","IPP# 245823 - Plate and Frame Heat Exchanger 6 m&#xB2; (64.6 ft&#xB2;) Stainless Steel 316 For Sale","https://ims.internationalprocessplants.com/inventory/equipment/detail/heat-exchanger/plate-and-frame/245823","12","10 bar (145 psi)","160 °C (320 °F)","Used","6 m&#xB2; (64.6 ft&#xB2;)","10 bar (145 psi)","160 °C (320 °F)","","","Fiorini Industries","Stainless Steel 316","PHE F 016 316 0,5 EPDM 043-1 10bar PEDI","","43","Plate and Frame","Heat Exchanger"
"245824","IPP# 245824 - Plate and Frame Heat Exchanger 21.1 m&#xB2; (227.1 ft&#xB2;) Stainless Steel 316 For Sale","https://ims.internationalprocessplants.com/inventory/equipment/detail/heat-exchanger/plate-and-frame/245824","12","2.4 bar (34.8 psi)","90 °C (194 °F)","Used","21.1 m&#xB2; (227.1 ft&#xB2;)","5 bar (72.5 psi)","90 °C (194 °F)","","","Alfa Laval","Stainless Steel 316","M10-MFG","","96","Plate and Frame","Heat Exchanger"
"245826","IPP# 245826 - Plate and Frame Heat Exchanger 108.8 m&#xB2; (1,150 ft&#xB2;) Stainless Steel 316 For Sale","https://ims.internationalprocessplants.com/inventory/equipment/detail/heat-exchanger/plate-and-frame/245826","10","10 bar (145 psi)","","Used","108.8 m&#xB2; (1,150 ft&#xB2;)","10 bar (145 psi)","","","","Alfa Laval","Stainless Steel 316","P31-HX","","340","Plate and Frame","Heat Exchanger"
"245827","IPP# 245827 - Plate and Frame Heat Exchanger 193.8 m&#xB2; (2,100 ft&#xB2;) Stainless Steel 316 For Sale","https://ims.internationalprocessplants.com/inventory/equipment/detail/heat-exchanger/plate-and-frame/245827","12","10 bar (145 psi)","90 °C (194 °F)","Used","193.8 m&#xB2; (2,100 ft&#xB2;)","10 bar (145 psi)","90 °C (194 °F)","","","Alfa Laval","Stainless Steel 316","M15-FFM8","","323","Plate and Frame","Heat Exchanger"
"245828","IPP# 245828 - Plate and Frame Heat Exchanger 202.7 m&#xB2; (2,200 ft&#xB2;) Stainless Steel 304 For Sale","https://ims.internationalprocessplants.com/inventory/equipment/detail/heat-exchanger/plate-and-frame/245828","12","10 bar (145 psi)","90 °C (194 °F)","Used","202.7 m&#xB2; (2,200 ft&#xB2;)","10 bar (145 psi)","90 °C (194 °F)","","","Alpha Laval","Stainless Steel 304","M15-MFG8","","327","Plate and Frame","Heat Exchanger"
"245829","Stainless Steel 304 Plate and Frame Heat Exchanger - IPP# 245829","https://ims.internationalprocessplants.com/inventory/equipment/detail/heat-exchanger/plate-and-frame/245829","12","10 bar (145 psi)","95 °C (203 °F)","Used","213.6 m&#xB2; (2,300 ft&#xB2;)","10 bar (145 psi)","95 °C (203 °F)","","","Alfa Laval","Stainless Steel 304","M15-FFM8","","356","Plate and Frame","Heat Exchanger"
"245830","IPP# 245830 - Plate and Frame Heat Exchanger 213.6 m&#xB2; (2,300 ft&#xB2;) Stainless Steel 304 For Sale","https://ims.internationalprocessplants.com/inventory/equipment/detail/heat-exchanger/plate-and-frame/245830","12","10 bar (145 psi)","150 °C (302 °F)","Used","213.6 m&#xB2; (2,300 ft&#xB2;)","10 bar (145 psi)","65 °C (149 °F)","","","Alfa Laval","Stainless Steel 304","T8-MFG","","34","Plate and Frame","Heat Exchanger"
"246423","Stainless Steel 316L APV K71 Plate and Frame Heat Exchanger - IPP# 246423","https://ims.internationalprocessplants.com/inventory/equipment/detail/heat-exchanger/plate-and-frame/246423","14","10 bar (145 psi)","50 °C (122 °F)","Used","141.3 m&#xB2; (1,500 ft&#xB2;)","10 bar (145 psi)","50 °C (122 °F)","Carbon Steel","","APV","Stainless Steel 316L","K71","inlet 2-100mm, outlet 2-100mm,","201","Plate and Frame","Heat Exchanger"
"246669","Stainless Steel 304 Plate and Frame Heat Exchanger - IPP# 246669","https://ims.internationalprocessplants.com/inventory/equipment/detail/heat-exchanger/plate-and-frame/246669","12","10.3 bar (150 psi)","93.3 °C (200 °F)","Used","33.4 m&#xB2; (359.7 ft&#xB2;)","10.3 bar (150 psi)","93.3 °C (200 °F)","Carbon Steel","","Sondex","Stainless Steel 304","1PL042PA150-85","","","Plate and Frame","Heat Exchanger"
"248317","Hastelloy Other Alfa Laval M10=MFG Plate Heat Exchanger - IPP# 248317","https://ims.internationalprocessplants.com/inventory/equipment/detail/heat-exchanger/plate-and-frame/248317","13","10 bar (145 psi)","150 °C (302 °F)","Used","9.2 m&#xB2; (99 ft&#xB2;)","10 bar (145 psi)","150 °C (302 °F)","Carbon Steel","","Alfa Laval","Hastelloy - Other","M10-MFG","","43","Plate and Frame","Heat Exchanger"
"248424","458 ft2 Stainless Steel 304 Plate and Frame Heat Exchanger - IPP# 248424","https://ims.internationalprocessplants.com/inventory/equipment/detail/heat-exchanger/plate-and-frame/248424","15","10.3 bar (150 psi)","93.3 °C (200 °F)","Used","42.5 m&#xB2; (458 ft&#xB2;)","10.3 bar (150 psi)","93.3 °C (200 °F)","Carbon Steel","1,550 mm (60.4 in)","Karbate Vicarb, Inc.","Stainless Steel 304","V60-SAT","(4) 6" inlet/outlet.","120","Plate and Frame","Heat Exchanger"
"248550","Plate and Frame Heat Exchanger - IPP# 248550","https://ims.internationalprocessplants.com/inventory/equipment/detail/heat-exchanger/plate-and-frame/248550","15","10.3 bar (150 psi)","65.6 °C (150 °F)","Used","21 m&#xB2; (226 ft&#xB2;)","10.3 bar (150 psi)","65.6 °C (150 °F)","Carbon Steel","1,200 mm (48 in)","Tranter-Superchanger","Stainless Steel 316","UX-226-UP-58","4" flange nozzle","58","Plate and Frame","Heat Exchanger"
"36150","Stainless Steel 304 Alfa Laval (Sweden) P-17HBM Plate and Frame Heat Exchanger - IPP# 36150","https://ims.internationalprocessplants.com/inventory/equipment/detail/heat-exchanger/plate-and-frame/36150","10","","","Used","339 m&#xB2; (3,650 ft&#xB2;)","","","Carbon Steel","","Alfa Laval","Stainless Steel 304","P-17HBM","(4) 7 1/2" diameter nozzles.","270","Plate and Frame","Heat Exchanger"
"39006","IPP# 39006 - Plate and Frame Heat Exchanger 42 m&#xB2; (452.1 ft&#xB2;) For Sale","https://ims.internationalprocessplants.com/inventory/equipment/detail/heat-exchanger/plate-and-frame/39006","9","","","Used","42 m&#xB2; (452.1 ft&#xB2;)","","","Carbon Steel","","APV","","PEX 462/1277/3","Openings: 2-4" inlets and 2-4" outlets.","110","Plate and Frame","Heat Exchanger"
"39143","IPP# 39143 - Plate and Frame Heat Exchanger 40.5 m&#xB2; (436 ft&#xB2;) Stainless Steel 316 For Sale","https://ims.internationalprocessplants.com/inventory/equipment/detail/heat-exchanger/plate-and-frame/39143","11","10.3 bar (150 psi)","","Used","40.5 m&#xB2; (436 ft&#xB2;)","10.3 bar (150 psi)","","","","APV","Stainless Steel 316","R405","Openings: 2-4" inlets and 2-4" outlets.","106","Plate and Frame","Heat Exchanger"
"39144","IPP# 39144 - Plate and Frame Heat Exchanger 40.5 m&#xB2; (436 ft&#xB2;) Stainless Steel 316 For Sale","https://ims.internationalprocessplants.com/inventory/equipment/detail/heat-exchanger/plate-and-frame/39144","11","10.3 bar (150 psi)","","Used","40.5 m&#xB2; (436 ft&#xB2;)","10.3 bar (150 psi)","","","","APV","Stainless Steel 316","R405","Openings: 2-4" inlets and 2-4" outlets.","106","Plate and Frame","Heat Exchanger"
"39200","Stainless Steel 304 Alfa Laval P-31-HBM Plate and Frame Heat Exchanger - IPP# 39200","https://ims.internationalprocessplants.com/inventory/equipment/detail/heat-exchanger/plate-and-frame/39200","12","20.5 bar (298 psi)","","Used","91.3 m&#xB2; (983 ft&#xB2;)","20.5 bar (298 psi)","","Carbon Steel","","Alfa Laval","Stainless Steel 304","P-31-HBM","Unit has 2-4" inlets, 2-4" outlets.","285","Plate and Frame","Heat Exchanger"
"49729","Stainless Steel 304 Kyffhausehutte (Germany) PAH500/213 Plate and Frame Heat Exchanger - IPP# 49729","https://ims.internationalprocessplants.com/inventory/equipment/detail/heat-exchanger/plate-and-frame/49729","8","","","Used","134.6 m&#xB2; (1,450 ft&#xB2;)","","","","","Kyffhausehutte (Germany)","Stainless Steel 304","PAH500/213","","272","Plate and Frame","Heat Exchanger"
"701105","IPP# 701105 - Plate and Frame Heat Exchanger 30 m&#xB2; (322.9 ft&#xB2;) Stainless Steel 316 For Sale","https://ims.internationalprocessplants.com/inventory/equipment/detail/heat-exchanger/plate-and-frame/701105","10","","","Used","30 m&#xB2; (322.9 ft&#xB2;)","","","Stainless Steel Other","","Paasch, Larson Peterson","Stainless Steel 316","561","Openings: 10-1 1/2" (37mm), 2-1" (25mm)","54","Plate and Frame","Heat Exchanger"
"701171","IPP# 701171 - Plate and Frame Heat Exchanger 93 m&#xB2; (1,000 ft&#xB2;) Stainless Steel 321 For Sale","https://ims.internationalprocessplants.com/inventory/equipment/detail/heat-exchanger/plate-and-frame/701171","10","4 bar (58 psi)","","Used","93 m&#xB2; (1,000 ft&#xB2;)","4 bar (58 psi)","","","","DeLaval","Stainless Steel 321","P161-HBM","","114","Plate and Frame","Heat Exchanger"
"703604","IPP# 703604 - Plate and Frame Heat Exchanger 14.8 m&#xB2; (159.3 ft&#xB2;) Stainless Steel 316 For Sale","https://ims.internationalprocessplants.com/inventory/equipment/detail/heat-exchanger/plate-and-frame/703604","11","","","Used","14.8 m&#xB2; (159.3 ft&#xB2;)","","","Carbon Steel","1,050 mm (42 in)","Paasch and Silkeborg","Stainless Steel 316","PBB-NR1","Openings: 3-50mm inlets, 2-38mm outlets","73","Plate and Frame","Heat Exchanger"
"703605","IPP# 703605 - Plate and Frame Heat Exchanger 14.8 m&#xB2; (159.3 ft&#xB2;) Stainless Steel 316 For Sale","https://ims.internationalprocessplants.com/inventory/equipment/detail/heat-exchanger/plate-and-frame/703605","11","","","Used","14.8 m&#xB2; (159.3 ft&#xB2;)","","","Carbon Steel","1,050 mm (42 in)","Paasch and Silkeborg","Stainless Steel 316","PBB-NR1","Openings: 3-50mm inlets, 2-38mm outlets","73","Plate and Frame","Heat Exchanger"
"703606","IPP# 703606 - Plate and Frame Heat Exchanger 30.7 m&#xB2; (330.5 ft&#xB2;) Stainless Steel 304 For Sale","https://ims.internationalprocessplants.com/inventory/equipment/detail/heat-exchanger/plate-and-frame/703606","11","","","Used","30.7 m&#xB2; (330.5 ft&#xB2;)","","","Carbon Steel","1,650 mm (64 in)","Paasch and Silkeborg","Stainless Steel 304","PBB-3","Openings: 7-75 inlets/outlets","73","Plate and Frame","Heat Exchanger"
"703607","IPP# 703607 - Plate and Frame Heat Exchanger 10.8 m&#xB2; (116.3 ft&#xB2;) Stainless Steel 304 For Sale","https://ims.internationalprocessplants.com/inventory/equipment/detail/heat-exchanger/plate-and-frame/703607","10","","","Used","10.8 m&#xB2; (116.3 ft&#xB2;)","","","","1,700 mm (66 in)","APV","Stainless Steel 304","HX","Openings: 9-50mm inlets/outlets.","67","Plate and Frame","Heat Exchanger"
"703724","IPP# 703724 - Plate and Frame Heat Exchanger 6 m&#xB2; (64.6 ft&#xB2;) Stainless Steel 316 For Sale","https://ims.internationalprocessplants.com/inventory/equipment/detail/heat-exchanger/plate-and-frame/703724","14","6 bar (87 psi)","50 °C (122 °F)","Used","6 m&#xB2; (64.6 ft&#xB2;)","6 bar (87 psi)","50 °C (122 °F)","","610 mm (24 in)","GEA","Stainless Steel 316","VT40P/C6","Openings: inlets: 1-1 1/2", 1-3"; outlets 1-1 1/2", 1-3"","13","Plate and Frame","Heat Exchanger"
"704662","IPP# 704662 - Plate and Frame Heat Exchanger 15 m&#xB2; (161.5 ft&#xB2;) Stainless Steel 316 For Sale","https://ims.internationalprocessplants.com/inventory/equipment/detail/heat-exchanger/plate-and-frame/704662","12","1 bar (14.5 psi)","150 °C (302 °F)","Used","15 m&#xB2; (161.5 ft&#xB2;)","1 bar (14.5 psi)","150 °C (302 °F)","","","Swep","Stainless Steel 316","G65","","40","Plate and Frame","Heat Exchanger"
"705321","IPP# 705321 - Plate and Frame Heat Exchanger 10.7 m&#xB2; (115.6 ft&#xB2;) Stainless Steel 316 For Sale","https://ims.internationalprocessplants.com/inventory/equipment/detail/heat-exchanger/plate-and-frame/705321","13","6 bar (87 psi)","100 °C (212 °F)","Used","10.7 m&#xB2; (115.6 ft&#xB2;)","6 bar (87 psi)","100 °C (212 °F)","","","GEA","Stainless Steel 316","VT20","Openings: 4-50mm.","31","Plate and Frame","Heat Exchanger"
"706475","Titanium Alfa Laval M15-MFG8 Plate and Frame Heat Exchanger - IPP# 706475","https://ims.internationalprocessplants.com/inventory/equipment/detail/heat-exchanger/plate-and-frame/706475","12","","","Used","37.2 m&#xB2; (400.4 ft&#xB2;)","10 bar (145 psi)","60 °C (140 °F)","Carbon Steel","","Alfa Laval","Titanium","M15-MFG8","Openings process side: 2-125mm - Openings service side: 2-125mm","62","Plate and Frame","Heat Exchanger"
"706476","Titanium APV Paraflow SR-35 Plate and Frame Heat Exchanger - IPP# 706476","https://ims.internationalprocessplants.com/inventory/equipment/detail/heat-exchanger/plate-and-frame/706476","11","","","Used","19.6 m&#xB2; (211 ft&#xB2;)","6 bar (87 psi)","","Carbon Steel","","APV","Titanium","Paraflow SR-35","openings process side: 2- 80mm, process side 2- 80mm,","56","Plate and Frame","Heat Exchanger"
"706477","IPP# 706477 - Plate and Frame Heat Exchanger 37.2 m&#xB2; (400.4 ft&#xB2;) Titanium For Sale","https://ims.internationalprocessplants.com/inventory/equipment/detail/heat-exchanger/plate-and-frame/706477","12","","","Used","37.2 m&#xB2; (400.4 ft&#xB2;)","10 bar (145 psi)","60 °C (140 °F)","Carbon Steel","","Alfa Laval","Titanium","M15-MFG8","Openings (process side): 2- 125mm - Openings (service side): 2-125mm","62","Plate and Frame","Heat Exchanger"
"706493","IPP# 706493 - Plate and Frame Heat Exchanger 39.9 m&#xB2; (429.5 ft&#xB2;) Stainless Steel 304 For Sale","https://ims.internationalprocessplants.com/inventory/equipment/detail/heat-exchanger/plate-and-frame/706493","10","","","Used","39.9 m&#xB2; (429.5 ft&#xB2;)","10 bar (145 psi)","","Stainless Steel Other","","Alfa Laval","Stainless Steel 304","H7-RC","","105","Plate and Frame","Heat Exchanger"
"706502","IPP# 706502 - Plate and Frame Heat Exchanger 7 m&#xB2; (75.3 ft&#xB2;) Stainless Steel 304 For Sale","https://ims.internationalprocessplants.com/inventory/equipment/detail/heat-exchanger/plate-and-frame/706502","11","","","Used","7 m&#xB2; (75.3 ft&#xB2;)","6 bar (87 psi)","","Stainless Steel Other","","Pasilac","Stainless Steel 304","1020","Number of openings: 8 (4-75mm and 4-50mm)","19","Plate and Frame","Heat Exchanger"
"706503","IPP# 706503 - Plate and Frame Heat Exchanger 11.1 m&#xB2; (119.5 ft&#xB2;) Stainless Steel 304 For Sale","https://ims.internationalprocessplants.com/inventory/equipment/detail/heat-exchanger/plate-and-frame/706503","11","","","Used","11.1 m&#xB2; (119.5 ft&#xB2;)","6 bar (87 psi)","","Stainless Steel Other","","Pasilac","Stainless Steel 304","1020","Number of openings: 4-75mm and 4-50mm","30","Plate and Frame","Heat Exchanger"
"706508","IPP# 706508 - Plate and Frame Heat Exchanger 9 m&#xB2; (96.4 ft&#xB2;) Stainless Steel 304 For Sale","https://ims.internationalprocessplants.com/inventory/equipment/detail/heat-exchanger/plate-and-frame/706508","11","","","Used","9 m&#xB2; (96.4 ft&#xB2;)","4 bar (58 psi)","","Stainless Steel Other","","Alfa Laval","Stainless Steel 304","P13-RB","4-50mm openings, divider plate with 2-50mm","56","Plate and Frame","Heat Exchanger"
"706590","IPP# 706590 - Plate and Frame Heat Exchanger 53.1 m&#xB2; (571 ft&#xB2;) Stainless Steel 316L For Sale","https://ims.internationalprocessplants.com/inventory/equipment/detail/heat-exchanger/plate-and-frame/706590","10","","","Used","53.1 m&#xB2; (571 ft&#xB2;)","6.9 bar (100 psi)","65.6 °C (150 °F)","","","Superchanger","Stainless Steel 316L","TW-188-HP-36","4-150mm openings","","Plate and Frame","Heat Exchanger"
"706711","Stainless Steel 316 Alfa Laval M10/MFM Plate and Frame Heat Exchanger - IPP# 706711","https://ims.internationalprocessplants.com/inventory/equipment/detail/heat-exchanger/plate-and-frame/706711","10","","","Used","4.6 m&#xB2; (49.5 ft&#xB2;)","10 bar (145 psi)","100 °C (212 °F)","","","Alfa Laval","Stainless Steel 316","M10/MFM","","21","Plate and Frame","Heat Exchanger"
"78659","Stainless Steel 304 Alfa Laval P14RB Plate and Frame Heat Exchanger - IPP# 78659","https://ims.internationalprocessplants.com/inventory/equipment/detail/heat-exchanger/plate-and-frame/78659","10","","","Used","25.8 m&#xB2; (277.7 ft&#xB2;)","6 bar (87 psi)","","","","Alfa Laval","Stainless Steel 304","P14RB","W/2-3" (75mm) nozzles on top of one endplate and 2-3" (75mm) nozzles on btm of other endplate.","38","Plate and Frame","Heat Exchanger"
"81090","Stainless Steel 304 Plate and Frame Heat Exchanger - IPP# 81090","https://ims.internationalprocessplants.com/inventory/equipment/detail/heat-exchanger/plate-and-frame/81090","11","","","Used","203.1 m&#xB2; (2,200 ft&#xB2;)","6.9 bar (100 psi)","93.3 °C (200 °F)","","","Paterson Kelly","Stainless Steel 304","HX-85H-241-M3-1","2-10" inlets, 2-10" outlets.","241","Plate and Frame","Heat Exchanger"
"81720","IPP# 81720 - Plate and Frame Heat Exchanger 10 m&#xB2; (107.6 ft&#xB2;) Stainless Steel 316 For Sale","https://ims.internationalprocessplants.com/inventory/equipment/detail/heat-exchanger/plate-and-frame/81720","10","","","Used","10 m&#xB2; (107.6 ft&#xB2;)","5 bar (72.5 psi)","65 °C (149 °F)","","","Schmit","Stainless Steel 316","","Openings: 6-35mm.","40","Plate and Frame","Heat Exchanger"
"82158","IPP# 82158 - Plate and Frame Heat Exchanger 6 m&#xB2; (64.6 ft&#xB2;) Stainless Steel 316 For Sale","https://ims.internationalprocessplants.com/inventory/equipment/detail/heat-exchanger/plate-and-frame/82158","10","","","Used","6 m&#xB2; (64.6 ft&#xB2;)","5 bar (72.5 psi)","100 °C (212 °F)","","","Schmidt","Stainless Steel 316","","Openings: 4-50mm","30","Plate and Frame","Heat Exchanger"
"82242","IPP# 82242 - Plate and Frame Heat Exchanger 8.1 m&#xB2; (87 ft&#xB2;) Stainless Steel 316 For Sale","https://ims.internationalprocessplants.com/inventory/equipment/detail/heat-exchanger/plate-and-frame/82242","8","","","Used","8.1 m&#xB2; (87 ft&#xB2;)","","","","","W Schmidt Kg","Stainless Steel 316","Sigma-20","","48","Plate and Frame","Heat Exchanger"
"82263","IPP# 82263 - Plate and Frame Heat Exchanger 4 m&#xB2; (42.6 ft&#xB2;) Stainless Steel 316 For Sale","https://ims.internationalprocessplants.com/inventory/equipment/detail/heat-exchanger/plate-and-frame/82263","11","5 bar (72.5 psi)","","Used","4 m&#xB2; (42.6 ft&#xB2;)","5 bar (72.5 psi)","","","","W Schmidt Kg","Stainless Steel 316","Sigma-20/22","Openings: process side 4-40mm; service side 2-40mm","43","Plate and Frame","Heat Exchanger"
"82696","IPP# 82696 - Plate and Frame Heat Exchanger 5 m&#xB2; (53.8 ft&#xB2;) Stainless Steel 316 For Sale","https://ims.internationalprocessplants.com/inventory/equipment/detail/heat-exchanger/plate-and-frame/82696","10","","","Used","5 m&#xB2; (53.8 ft&#xB2;)","6.2 bar (90 psi)","","","","Schmidtz","Stainless Steel 316","Sigma 20","4-1 1/2" (35mm) openings.","32","Plate and Frame","Heat Exchanger"
"82697","IPP# 82697 - Plate and Frame Heat Exchanger 6.5 m&#xB2; (70 ft&#xB2;) Stainless Steel 316 For Sale","https://ims.internationalprocessplants.com/inventory/equipment/detail/heat-exchanger/plate-and-frame/82697","9","","","Used","6.5 m&#xB2; (70 ft&#xB2;)","6.2 bar (90 psi)","","","","Schmidtz","Stainless Steel 316","","- Openings: 4- 65mm","41","Plate and Frame","Heat Exchanger"
"85060","IPP# 85060 - Plate and Frame Heat Exchanger 5.5 m&#xB2; (58.8 ft&#xB2;) Stainless Steel Other For Sale","https://ims.internationalprocessplants.com/inventory/equipment/detail/heat-exchanger/plate-and-frame/85060","13","6 bar (87 psi)","120 °C (248 °F)","Used","5.5 m&#xB2; (58.8 ft&#xB2;)","6 bar (87 psi)","120 °C (248 °F)","","","GEA","Stainless Steel Other","VT20C-6","- Openings: t-75mm","23","Plate and Frame","Heat Exchanger"
"89041","IPP# 89041 - Plate and Frame Heat Exchanger 22.4 m&#xB2; (241.5 ft&#xB2;) Stainless Steel Austenitic For Sale","https://ims.internationalprocessplants.com/inventory/equipment/detail/heat-exchanger/plate-and-frame/89041","11","10.3 bar (150 psi)","","Used","22.4 m&#xB2; (241.5 ft&#xB2;)","10.3 bar (150 psi)","","","","Stemmed","Stainless Steel Austenitic","Sigma G37","Openings: 4-75mm nozzles","34","Plate and Frame","Heat Exchanger"
"89365","IPP# 89365 - Plate and Frame Heat Exchanger 42 m&#xB2; (452.1 ft&#xB2;) Stainless Steel 316 For Sale","https://ims.internationalprocessplants.com/inventory/equipment/detail/heat-exchanger/plate-and-frame/89365","8","","","Used","42 m&#xB2; (452.1 ft&#xB2;)","","","","","","Stainless Steel 316","HMBL","4-50mm openings,","70","Plate and Frame","Heat Exchanger"
"89485","IPP# 89485 - Plate and Frame Heat Exchanger 10.8 m&#xB2; (116 ft&#xB2;) Stainless Steel 316 For Sale","https://ims.internationalprocessplants.com/inventory/equipment/detail/heat-exchanger/plate-and-frame/89485","13","6 bar (87 psi)","50 °C (122 °F)","Used","10.8 m&#xB2; (116 ft&#xB2;)","6 bar (87 psi)","50 °C (122 °F)","","","GEA","Stainless Steel 316","VT20","Openings: 4-100mm.","20","Plate and Frame","Heat Exchanger"
"90047","Stainless Steel 304 APV R860 Plate and Frame Heat Exchanger - IPP# 90047","https://ims.internationalprocessplants.com/inventory/equipment/detail/heat-exchanger/plate-and-frame/90047","9","","","Used","32.1 m&#xB2; (346 ft&#xB2;)","","","","","APV","Stainless Steel 304","R860","Has 4-6" openings.","44","Plate and Frame","Heat Exchanger"
"90596","IPP# 90596 - Plate and Frame Heat Exchanger 16.8 m&#xB2; (180.8 ft&#xB2;) Stainless Steel 316 For Sale","https://ims.internationalprocessplants.com/inventory/equipment/detail/heat-exchanger/plate-and-frame/90596","13","6 bar (87 psi)","120 °C (248 °F)","Used","16.8 m&#xB2; (180.8 ft&#xB2;)","6 bar (87 psi)","120 °C (248 °F)","","","Jaeggi (Switzerland)","Stainless Steel 316","HXH61-2-2(120)","- Openings: - One side: 2-100mm, 2-75mm","59","Plate and Frame","Heat Exchanger"
"91974","IPP# 91974 - Plate and Frame Heat Exchanger 19.2 m&#xB2; (206.7 ft&#xB2;) Stainless Steel 316 For Sale","https://ims.internationalprocessplants.com/inventory/equipment/detail/heat-exchanger/plate-and-frame/91974","13","8 bar (116 psi)","100 °C (212 °F)","Used","19.2 m&#xB2; (206.7 ft&#xB2;)","8 bar (116 psi)","100 °C (212 °F)","","","Schmidt","Stainless Steel 316","Sigma-27H","- Opening sizes: 4-65mm, 2-65mm, 2-65mm on sides.","32","Plate and Frame","Heat Exchanger"
