"stock_number","title","url","attribute_count","Bottom Head Fastening","Bottom Head Type","CIP","Clad","Condition","Controls","Diameter","Drive Motor HP","Drive Motor Hertz","Drive Motor RPM","Drive Motor Voltage","Drive Type","Electric Motor Phase","Evaporation Rate","Gearbox Input RPM","Gearbox Make","Gearbox Output Power","Gearbox Ratio","Gearbox Serial Number","Height","Internal Condenser","Internal Condenser size","Internal Finish","Jacket Material Of Construction","Jacket Pressure","Jacket Temperature","Jacket Type","Length","Manufacturer","Material","Mechanical Seal on Shaft","Model","Motor Frame Size","Nozzle Schedule","Number of Tubes","Orientation","Power Transmission","Pressure","Rotor Speed","Subtype","Support Details","Support Type","Temperature","Top Head Fastening","Top Head type","Total Heat Transfer Surface Area","Tube Diameter","Tube Length","Tube Material","Tube Thickness","Tubesheet Material","Type","Vacuum","Wipers MOC"
"100417","Wiped/Thin Film Evaporator 72.6 kg/h (160 lb/h) Stainless Steel 316 For Sale - IPP# 100417","https://ims.internationalprocessplants.com/inventory/equipment/detail/100417","28","Clamped","Cone","","","Used","","500 mm (19.7 in)","2 kW (2.7 HP)","50","1,445","240/415","","3","72.6 kg/h (160 lb/h)","","","","","","3,800 mm (149.6 in)","Yes","5 m&#xB2; (53.8 ft&#xB2;)","","","","","","","Leybold-Heraeus","Stainless Steel 316","Yes","KD300","","product 40mm; heating 50mm; vac 250mm; cooling water 40mm.","","Vertical","Gear","2 bar (29 psi)","","Wiped/Thin Film","","","200 °C (392 °F)","Clamped","Dish","3 m&#xB2; (32.3 ft&#xB2;)","","","","","","Evaporator","Yes",""
"101542","Stainless Steel 316 Votator Div 08-032 Wiped/Thin Film Evaporator - IPP# 101542","https://ims.internationalprocessplants.com/inventory/equipment/detail/101542","23","Bolted","Flat","","","Used","","203.2 mm (8 in)","5.6 kW (7.5 HP)","60","1,595","220/440","US VariDrive","3","","","","","","","813 mm (32 in)","","","","","","","","","Votator Div","Stainless Steel 316","","08-032","","","","","Belt","1.03 bar (15 psi)","","Wiped/Thin Film","Mtd hanging from ceiling","","371.1 °C (700 °F)","Bolted","Flat","0.47 m&#xB2; (5.1 ft&#xB2;)","","","","","","Evaporator","",""
"102461","Wiped/Thin Film Evaporator 11.3 kg/h (25 lb/h) Stainless Steel 316 For Sale - IPP# 102461","https://ims.internationalprocessplants.com/inventory/equipment/detail/102461","16","Welded","Flat","","","Used","","152.4 mm (6 in)","","","","","","","11.3 kg/h (25 lb/h)","","","","","","1,700 mm (66 in)","","","","","","","","","Luwa SMS","Stainless Steel 316","","","","side 1-4", 5-1", 4-1/2".","","Vertical","","1.1 bar (16 psi)","","Wiped/Thin Film","","","","Clamped","Flat","0.5 m&#xB2; (5.4 ft&#xB2;)","","","","","","Evaporator","",""
"102462","Stainless Steel 316 Wiped/Thin Film Evaporator - IPP# 102462","https://ims.internationalprocessplants.com/inventory/equipment/detail/102462","17","Bolted","Flat","","","Used","","152.4 mm (6 in)","","","","","","","11.3 kg/h (25 lb/h)","","","","","","1,850 mm (72 in)","","","","","","","","","Luwa SMS","Stainless Steel 316","","","","side 1-4", 5-1", 4-1/2".","","","","6.9 bar (100 psi)","","Wiped/Thin Film","","","350 °C (662 °F)","Bolted","Flat","0.5 m&#xB2; (5.4 ft&#xB2;)","","","","","","Evaporator","Yes",""
"102561","Stainless Steel 316 Luwa SMS HS0050 Wiped/Thin Film Evaporator - IPP# 102561","https://ims.internationalprocessplants.com/inventory/equipment/detail/102561","16","","","","","Used","","152.4 mm (6 in)","14.9 kW (20 HP)","","1,170","","","","11.3 kg/h (25 lb/h)","","","","","","1,850 mm (72 in)","","","","","","","","","Luwa SMS","Stainless Steel 316","","HS0050","","side 4-1", 4-3/4", 1-5"; 2" btm outlet.","","Vertical","","","","Wiped/Thin Film","","","200 °C (392 °F)","","","0.5 m&#xB2; (5.4 ft&#xB2;)","","","","","","Evaporator","Yes",""
"116939","Stainless Steel 316 Rodney Hunt Wiped/Thin Film Evaporator - IPP# 116939","https://ims.internationalprocessplants.com/inventory/equipment/detail/116939","25","Bolted","Cone","","","Used","","355.6 mm (14 in)","11.2 kW (15 HP)","60","1,760","440","","3","40.8 kg/h (90 lb/h)","","","","","","2,300 mm (90 in)","","","","","","","","","Rodney Hunt","Stainless Steel 316","","","","Openings: 1 1/2" product inlet, 4" product outlet.","","Vertical","","1.03 bar (15 psi)","","Wiped/Thin Film","Mounted on lugs.","Lugs","204.4 °C (400 °F)","Bolted","Flat","1.67 m&#xB2; (18 ft&#xB2;)","","","","","","Evaporator","Yes",""
"12259","Wiped/Thin Film Evaporator 113.4 kg/h (250 lb/h) Stainless Steel 304 For Sale - IPP# 12259","https://ims.internationalprocessplants.com/inventory/equipment/detail/12259","22","","Dish","","","Used","","914 mm (36 in)","1.12 kW (1.5 HP)","60","","550","U.S. synchro gear reducer","3","113.4 kg/h (250 lb/h)","","","","","","","","","","","","","","","","Stainless Steel 304","","S-482","","top 1-2" feed inlet, 1-1"; side 2-3"; btm 1-2" residue outlet, 1-2" distillate outlet, 1-10"","","","","5.2 bar (75 psi)","","Wiped/Thin Film","Lugs for mounting","Lugs","260 °C (500 °F)","","Dish","4.6 m&#xB2; (50 ft&#xB2;)","","","","","","Evaporator","Yes","316 Stainless Steel"
"18493","Glasslined Pfaudler Wiped/Thin Film Evaporator - IPP# 18493","https://ims.internationalprocessplants.com/inventory/equipment/detail/18493","21","Bolted","Cone","","","Re-glassed","","1,200 mm (48 in)","7.5 kW (10 HP)","","","","Pfaudler VS80-U21983","","242.7 kg/h (535 lb/h)","","","","","","1,050 mm (42 in)","","","","","","","","","Pfaudler","Glasslined","Yes","","","top section 4-4", 1-20" vapor outlet; 6" on cone bottom","","Vertical","","","","Wiped/Thin Film","","","200 °C (392 °F)","Bolted","Dish","10 m&#xB2; (107.6 ft&#xB2;)","","","","","","Evaporator","Yes","Glass Covered with Graphite"
"20067","Wiped/Thin Film Evaporator  Stainless Steel Austenitic For Sale - IPP# 20067","https://ims.internationalprocessplants.com/inventory/equipment/detail/20067","13","","","","","Used","","559 mm (22 in)","","","","","","","","","","","","","2,200 mm (87 in)","","","","","","","","","Luwa SMS","Stainless Steel Austenitic","","L-425","","16in - Vapor Nozzle, 3in - Bottom Discharge","","Vertical","","","","Wiped/Thin Film","","","230 °C (446 °F)","","","3.2 m&#xB2; (34.4 ft&#xB2;)","","","","","","Evaporator","Yes",""
"201618","Carbon Steel Wiped/Thin Film Evaporator - IPP# 201618","https://ims.internationalprocessplants.com/inventory/equipment/detail/201618","17","Welded","Flat","","","Used","","610 mm (24 in)","","","","","","","72.6 kg/h (160 lb/h)","","","","","","1,200 mm (48 in)","","","","","","","","","LCI","Carbon Steel","Yes","","","","","Horizontal","","","","Wiped/Thin Film","","","260 °C (500 °F)","Bolted","Flat","3 m&#xB2; (32 ft&#xB2;)","","","","","","Evaporator","Yes",""
"202611","Wiped/Thin Film Evaporator 242.7 kg/h (535 lb/h) Stainless Steel 316L For Sale - IPP# 202611","https://ims.internationalprocessplants.com/inventory/equipment/detail/202611","15","Clamped","Cone","","","Used","","800 mm (31.5 in)","","","","","","","242.7 kg/h (535 lb/h)","","","","","","6,000 mm (236.2 in)","","","","","","","","","Luwa SMS","Stainless Steel 316L","","","","openings: (1) DN500, (4) DN80, (1) DN32, (1) DN25, (1) DN15","","","","4.5 bar (65.3 psi)","","Wiped/Thin Film","","","","Clamped","Dish","10 m&#xB2; (107.6 ft&#xB2;)","","","","","","Evaporator","",""
"202612","Wiped/Thin Film Evaporator 242.7 kg/h (535 lb/h) Stainless Steel 316L For Sale - IPP# 202612","https://ims.internationalprocessplants.com/inventory/equipment/detail/202612","15","Clamped","Flat","","","Used","","800 mm (31.5 in)","","","","","","","242.7 kg/h (535 lb/h)","","","","","","5,200 mm (204.7 in)","","","","","","","","","Luwa SMS","Stainless Steel 316L","","","","openings: (1) DN500, (4) DN80, (1) DN32, (1) DN25, (1) DN15","","","","4.5 bar (65.3 psi)","","Wiped/Thin Film","","","","Clamped","Dish","10 m&#xB2; (107.6 ft&#xB2;)","","","","","","Evaporator","",""
"203196","Stainless Steel Other Wiped/Thin Film Evaporator - IPP# 203196","https://ims.internationalprocessplants.com/inventory/equipment/detail/203196","17","","","","","Used","","","2.2 kW (3 HP)","60","1,800","230/460","","3","11.3 kg/h (25 lb/h)","","","","","","","","","","","","","","","Luwa SMS","Stainless Steel Other","","LN0050","","","","Vertical","","","","Wiped/Thin Film","Entire system mounted in CS framework","","250 °C (482 °F)","","","0.5 m&#xB2; (5.4 ft&#xB2;)","","","","","","Evaporator","Yes",""
"205459","Stainless Steel 316 Wiped/Thin Film Evaporator - IPP# 205459","https://ims.internationalprocessplants.com/inventory/equipment/detail/205459","15","Bolted","Cone","","","Used","","152.4 mm (6 in)","","","","","","","4.5 kg/h (10 lb/h)","","","","","","","","","","","","","","","Pope Scientific","Stainless Steel 316","Yes","PU-1519","","","","","","","","Wiped/Thin Film","","","","","Hemi","0.22 m&#xB2; (2.4 ft&#xB2;)","","","","","","Evaporator","Yes","Teflon"
"206245","Wiped/Thin Film Evaporator  Stainless Steel 316 For Sale - IPP# 206245","https://ims.internationalprocessplants.com/inventory/equipment/detail/206245","17","","Cone","","","Used","","","14.9 kW (20 HP)","60","900","230/460","","3","","","","","","","","","","","","","","","","Buss-SMS-Canzler GmbH","Stainless Steel 316","","LN-1400","","3in inlet & outlet","","","","","","Wiped/Thin Film","","","343.3 °C (650 °F)","","Flat","13.9 m&#xB2; (150 ft&#xB2;)","","","","","","Evaporator","Yes",""
"211618","Wiped/Thin Film Evaporator  Stainless Steel 316 For Sale - IPP# 211618","https://ims.internationalprocessplants.com/inventory/equipment/detail/211618","27","Bolted","Cone","","","Used","","450 mm (17.7 in)","3.7 kW (5 HP)","50","1,420","380","Eberhard Bauer DF 2A43HZ/309","3","","","","","","","4,250 mm (166.7 in)","","","","","","","","","Buss-SMS-Canzler GmbH","Stainless Steel 316","Yes","450/3,5-KO","","","","Vertical","Direct Coupled","16 bar (232.1 psi)","","Wiped/Thin Film","Mounted on lugs.","Lugs","200 °C (392 °F)","Bolted","Dish","3.5 m&#xB2; (37.7 ft&#xB2;)","","","","","","Evaporator","Yes",""
"211632","Stainless Steel 316L Carl Canzler 600/3,0-K4,5 Wiped Film Evaporator - IPP# 211632","https://ims.internationalprocessplants.com/inventory/equipment/detail/211632","35","Bolted","Flat","","","Used","","600 mm (23.6 in)","2.2 kW (3 HP)","50","1,420","380","Eberhard Bauer DF 1A41AH/283","3","72.6 kg/h (160 lb/h)","","","","","","1,750 mm (68.9 in)","Yes","4.5 m&#xB2; (48.4 ft&#xB2;)","","","","","","","Carl Canzler","Stainless Steel 316L","Yes","600/3,0-K4,5","","top (1)40mm product inlet,(1)300 mm side bottom outlet,(1)50 mm side bottom; 1) 50mm and (1) 40 mm for internal condenser.","40","Vertical","Direct Coupled","5 bar (72.5 psi)","","Wiped/Thin Film","Mounted on (2) lugs.","Lugs","250 °C (482 °F)","Bolted","Dish","3 m&#xB2; (32.3 ft&#xB2;)","25 mm (0.98 in)","2,250 mm (89.4 in)","","","","Evaporator","Yes","Graphite"
"211633","Stainless Steel 316L Carl Canzler 900/6,0-K10 Wiped Film Evaporator - IPP# 211633","https://ims.internationalprocessplants.com/inventory/equipment/detail/211633","29","Bolted","Flat","","","Used","","900 mm (35.4 in)","3.7 kW (5 HP)","50","1,420","380","Eberhard Bauer DF 2A45HZ/309","3","145.1 kg/h (320 lb/h)","","","","","","4,700 mm (185.6 in)","Yes","","","","","","Half Pipe/Limpet","","Carl Canzler","Stainless Steel 316L","Yes","900/6,0-K10","","Top - (1) 40mm product inlet, (1) 300 mm side bottom outlet, (1) 50 mm side bottom; 1) 50mm and (1) 40 mm for internal condenser.","","Vertical","Direct Coupled","5 bar (72.5 psi)","","Wiped/Thin Film","","","250 °C (482 °F)","Bolted","Dish","6 m&#xB2; (64.6 ft&#xB2;)","","","","","","Evaporator","Yes",""
"211636","Stainless Steel 316Ti Carl Canzler 450/1.8-K2.7 Wiped Film Evaporator - IPP# 211636","https://ims.internationalprocessplants.com/inventory/equipment/detail/211636","26","Bolted","Flat","","","Used","","470 mm (18.5 in)","1.5 kW (2 HP)","50","1,420","380","Eberhard Bauer DKF 941AH/241","3","43.1 kg/h (95 lb/h)","","","","","","3,150 mm (124.9 in)","Yes","2.7 m&#xB2; (29.1 ft&#xB2;)","","","","","","","Carl Canzler","Stainless Steel Austenitic","","450/1.8-K2.7","","Top - (1) 40mm product inlet, (1) 250 mm side bottom outlet, (1) 40 mm side bottom; 1) 40mm and (1) 25 mm for internal condenser.","","","","5 bar (72.5 psi)","","Wiped/Thin Film","","","250 °C (482 °F)","Bolted","Flat","1.8 m&#xB2; (19.4 ft&#xB2;)","","","","","","Evaporator","Yes",""
"211713","Wiped/Thin Film Evaporator  Stainless Steel 316 For Sale - IPP# 211713","https://ims.internationalprocessplants.com/inventory/equipment/detail/211713","26","Bolted","Flat","","","Used","","900 mm (35.4 in)","3.6 kW (4.8 HP)","50","1,450","380","Brown Boveri eQU 112 MB4","3","","","","","","","4,700 mm (185.6 in)","Yes","","","","","","","","Buss-SMS-Canzler GmbH","Stainless Steel 316","Yes","900/6,5-K10","","Top - (1) 40mm product inlet, (1) 300 mm side bottom outlet, (1) 50 mm side bottom; 1) 50mm and (1) 40 mm for internal condenser.","","","","5 bar (72.5 psi)","","Wiped/Thin Film","","","250 °C (482 °F)","Bolted","Dish","6.5 m&#xB2; (70 ft&#xB2;)","","","","","","Evaporator","Yes","Graphite"
"211714","Wiped/Thin Film Evaporator 158.8 kg/h (350 lb/h) Stainless Steel 316 For Sale - IPP# 211714","https://ims.internationalprocessplants.com/inventory/equipment/detail/211714","28","Bolted","Flat","","","Used","","900 mm (35.4 in)","3.6 kW (4.8 HP)","50","1,450","380","Brown Boveri EQU112 MB4","3","158.8 kg/h (350 lb/h)","","","","","","4,700 mm (185.6 in)","Yes","","","","","","Half Pipe/Limpet","","Buss-SMS-Canzler GmbH","Stainless Steel 316","Yes","","","Top - (1) 40mm product inlet, (1) 300 mm side bottom outlet, (1) 50 mm side bottom; 1) 50mm and (1) 40 mm for internal condenser.","","Vertical","","5 bar (72.5 psi)","","Wiped/Thin Film","","","250 °C (482 °F)","Bolted","Dish","6.5 m&#xB2; (70 ft&#xB2;)","","","","","","Evaporator","Yes","Graphite"
"211715","Wiped/Thin Film Evaporator  Stainless Steel 316 For Sale - IPP# 211715","https://ims.internationalprocessplants.com/inventory/equipment/detail/211715","26","Welded","Dish","","","Used","","450 mm (17.7 in)","3.6 kW (4.8 HP)","50","1,450","380","","3","","","","","","","4,250 mm (166.7 in)","","","","","","","","","Buss-SMS-Canzler GmbH","Stainless Steel 316","Yes","450/3,5-KO","","1-250mm, 1-32mm, 4-40mm (jacket), bottom: 1-50mm, 2-32mm (jacket)","","Vertical","Direct Coupled","16 bar (232.1 psi)","","Wiped/Thin Film","","Lugs","200 °C (392 °F)","Bolted","Dish","3.5 m&#xB2; (37.7 ft&#xB2;)","","","","","","Evaporator","Yes",""
"211741","Stainless Steel 316L Carl Canzler 900/6,5-K10 Wiped Film Evaporator - IPP# 211741","https://ims.internationalprocessplants.com/inventory/equipment/detail/211741","23","","","","","Used","","900 mm (35.4 in)","3.6 kW (4.8 HP)","50","1,450","380","Brown Boveri eOU 112 MB 4","3","158.8 kg/h (350 lb/h)","","","","","","4,700 mm (185.6 in)","Yes","","","","","","","","Carl Canzler","Stainless Steel 316L","Yes","900/6,5-K10","","Top - (1) 40mm product inlet, (1) 300 mm side bottom outlet, (1) 50 mm side bottom; 1) 50mm and (1) 40 mm for internal condenser.","","","","5 bar (72.5 psi)","","Wiped/Thin Film","","","250 °C (482 °F)","","","6.5 m&#xB2; (70 ft&#xB2;)","","","","","","Evaporator","Yes","Graphite"
"211749","Stainless Steel 316Ti Carl Canzler 450/1.8-K2.7 Wiped Film Evaporator - IPP# 211749","https://ims.internationalprocessplants.com/inventory/equipment/detail/211749","19","Bolted","","","","Used","","470 mm (18.5 in)","","","","","","","","","","","","","3,150 mm (124.9 in)","Yes","2.7 m&#xB2; (29.1 ft&#xB2;)","","","","","","","Carl Canzler","Stainless Steel Austenitic","Yes","450/1.8-K2.7","","Top - (1) 40mm product inlet, (1) 250 mm side bottom outlet, (1) 40 mm side bottom; 1) 40mm and (1) 25 mm for internal condenser.","","Vertical","","5 bar (72.5 psi)","","Wiped/Thin Film","","","250 °C (482 °F)","","","1.8 m&#xB2; (19.4 ft&#xB2;)","","","","","","Evaporator","Yes","Graphite"
"211750","Stainless Steel 316Ti Carl Canzler 450/1.8-K2.7 Wiped Film Evaporator - IPP# 211750","https://ims.internationalprocessplants.com/inventory/equipment/detail/211750","29","Bolted","Flat","","","Used","","470 mm (18.5 in)","1.5 kW (2 HP)","50","1,420","380","Berhard Bauer DKF 941AH/241","3","43.1 kg/h (95 lb/h)","","","","","","3,150 mm (124.9 in)","Yes","2.7 m&#xB2; (29.1 ft&#xB2;)","","","","","","","Carl Canzler","Stainless Steel Austenitic","Yes","450/1.8-K2.7","","Top - (1) 40mm product inlet, (1) 250 mm side bottom outlet, (1) 40 mm side bottom; 1) 40mm and (1) 25 mm for internal condenser.","","Vertical","","5 bar (72.5 psi)","","Wiped/Thin Film","","","250 °C (482 °F)","Bolted","Dish","1.8 m&#xB2; (19.4 ft&#xB2;)","","","","","","Evaporator","Yes","Graphite"
"215302","Stainless Steel Austenitic Clad Luwa SMS Wiped/Thin Film Evaporator - IPP# 215302","https://ims.internationalprocessplants.com/inventory/equipment/detail/215302","24","Bolted","Flat","","Yes","Used","","323 mm (12.7 in)","17.5 kW (23.5 HP)","50","1,420","415","","3","204.1 kg/h (450 lb/h)","","","","","","8,450 mm (332.7 in)","","","","","","","Internal Pipe Coil","","Luwa SMS","Stainless Steel Austenitic","","","","internal 2-50mm, jacket 2-50mm","","Horizontal","","6 bar (87 psi)","","Wiped/Thin Film","mounted on cabon steel frame","","100 °C (212 °F)","","","8.4 m&#xB2; (90.5 ft&#xB2;)","","","","","","Evaporator","","316Ti Stainless Steel & Phenol Resin scrapers"
"215303","Stainless Steel Austenitic Clad Luwa SMS Wiped/Thin Film Evaporator - IPP# 215303","https://ims.internationalprocessplants.com/inventory/equipment/detail/215303","24","Bolted","Flat","","Yes","Used","","323 mm (12.7 in)","17.5 kW (23.5 HP)","50","1,420","415","","3","204.1 kg/h (450 lb/h)","","","","","","8,450 mm (332.7 in)","","","","","","","Internal Pipe Coil","","Luwa SMS","Stainless Steel Austenitic","","","","internal 2-50mm, jacket 2-50mm","","Horizontal","","6 bar (87 psi)","","Wiped/Thin Film","mounted on cabon steel frame","","100 °C (212 °F)","","","8.4 m&#xB2; (90.5 ft&#xB2;)","","","","","","Evaporator","","316Ti Stainless Steel & Phenol Resin scrapers"
"215304","Stainless Steel Austenitic Clad Luwa SMS Wiped/Thin Film Evaporator - IPP# 215304","https://ims.internationalprocessplants.com/inventory/equipment/detail/215304","24","Bolted","Flat","","Yes","Used","","323 mm (12.7 in)","9 kW (12.1 HP)","50","1,420","415","","3","204.1 kg/h (450 lb/h)","","","","","","8,450 mm (332.7 in)","","","","","","","Internal Pipe Coil","","Luwa SMS","Stainless Steel Austenitic","","","","internal 2-50mm, jacket 2-50mm","","Horizontal","","6 bar (87 psi)","","Wiped/Thin Film","mounted on cabon steel frame","","100 °C (212 °F)","","","8.4 m&#xB2; (90.5 ft&#xB2;)","","","","","","Evaporator","","316Ti Stainless Steel & Phenol Resin scrapers"
"215305","Wiped/Thin Film Evaporator 204.1 kg/h (450 lb/h) Stainless Steel Austenitic For Sale - IPP# 215305","https://ims.internationalprocessplants.com/inventory/equipment/detail/215305","24","Bolted","Flat","","Yes","Used","","323 mm (12.7 in)","9 kW (12.1 HP)","50","1,420","415","","3","204.1 kg/h (450 lb/h)","","","","","","8,450 mm (332.7 in)","","","","","","","Internal Pipe Coil","","Luwa SMS","Stainless Steel Austenitic","","","","internal 2-50mm, jacket 2-50mm","","Horizontal","","6 bar (87 psi)","","Wiped/Thin Film","mounted on cabon steel frame","","100 °C (212 °F)","","","8.4 m&#xB2; (90.5 ft&#xB2;)","","","","","","Evaporator","","316Ti Stainless Steel & Phenol Resin scrapers"
"215306","Wiped/Thin Film Evaporator 204.1 kg/h (450 lb/h) Stainless Steel Austenitic For Sale - IPP# 215306","https://ims.internationalprocessplants.com/inventory/equipment/detail/215306","18","Bolted","Flat","","Yes","Used","","323 mm (12.7 in)","","","","","","","204.1 kg/h (450 lb/h)","","","","","","8,450 mm (332.7 in)","","","","","","","","","Luwa SMS","Stainless Steel Austenitic","","","","internal 2-50mm, jacket 2-50mm","","Horizontal","","6 bar (87 psi)","","Wiped/Thin Film","mounted on cabon steel frame","","100 °C (212 °F)","","","8.4 m&#xB2; (90.5 ft&#xB2;)","","","","","","Evaporator","","316Ti Stainless Steel & Phenol Resin scrapers"
"215307","Stainless Steel Austenitic Clad Luwa SMS Wiped/Thin Film Evaporator - IPP# 215307","https://ims.internationalprocessplants.com/inventory/equipment/detail/215307","23","Bolted","Flat","","Yes","Used","","323 mm (12.7 in)","17.5 kW (23.5 HP)","50","1,420","415","","3","204.1 kg/h (450 lb/h)","","","","","","8,450 mm (332.7 in)","","","","","","","","","Luwa SMS","Stainless Steel Austenitic","","","","internal 2-50mm, jacket 2-50mm","","Horizontal","","6 bar (87 psi)","","Wiped/Thin Film","mounted on cabon steel frame","","100 °C (212 °F)","","","8.4 m&#xB2; (90.5 ft&#xB2;)","","","","","","Evaporator","","316Ti Stainless Steel & Phenol Resin scrapers"
"215308","Stainless Steel Austenitic Clad Luwa SMS Wiped/Thin Film Evaporator - IPP# 215308","https://ims.internationalprocessplants.com/inventory/equipment/detail/215308","24","Bolted","Flat","","Yes","Used","","323 mm (12.7 in)","9 kW (12.1 HP)","50","1,420","415","","3","204.1 kg/h (450 lb/h)","","","","","","8,450 mm (332.7 in)","","","","","","","Internal Pipe Coil","","Luwa SMS","Stainless Steel Austenitic","","","","internal 2-50mm, jacket 2-50mm","","Horizontal","","6 bar (87 psi)","","Wiped/Thin Film","mounted on cabon steel frame","","100 °C (212 °F)","","","8.4 m&#xB2; (90.5 ft&#xB2;)","","","","","","Evaporator","","316Ti Stainless Steel & Phenol Resin scrapers"
"215309","Stainless Steel Austenitic Clad Luwa SMS Wiped/Thin Film Evaporator - IPP# 215309","https://ims.internationalprocessplants.com/inventory/equipment/detail/215309","24","Bolted","Flat","","Yes","Used","","323 mm (12.7 in)","9 kW (12.1 HP)","50","1,420","415","","3","204.1 kg/h (450 lb/h)","","","","","","8,450 mm (332.7 in)","","","","","","","Internal Pipe Coil","","Luwa SMS","Stainless Steel Austenitic","","","","internal 2-50mm, jacket 2-50mm","","Horizontal","","6 bar (87 psi)","","Wiped/Thin Film","mounted on cabon steel frame","","100 °C (212 °F)","","","8.4 m&#xB2; (90.5 ft&#xB2;)","","","","","","Evaporator","","316Ti Stainless Steel & Phenol Resin scrapers"
"215310","Wiped/Thin Film Evaporator 204.1 kg/h (450 lb/h) Stainless Steel Austenitic For Sale - IPP# 215310","https://ims.internationalprocessplants.com/inventory/equipment/detail/215310","24","Bolted","Flat","","Yes","Used","","323 mm (12.7 in)","17.5 kW (23.5 HP)","50","1,420","415","","3","204.1 kg/h (450 lb/h)","","","","","","8,450 mm (332.7 in)","","","","","","","Internal Pipe Coil","","Luwa SMS","Stainless Steel Austenitic","","","","internal 2-50mm, jacket 2-50mm","","Horizontal","","6 bar (87 psi)","","Wiped/Thin Film","mounted on cabon steel frame","","100 °C (212 °F)","","","8.4 m&#xB2; (90.5 ft&#xB2;)","","","","","","Evaporator","","316Ti Stainless Steel & Phenol Resin scrapers"
"215311","Wiped/Thin Film Evaporator 204.1 kg/h (450 lb/h) Stainless Steel Austenitic For Sale - IPP# 215311","https://ims.internationalprocessplants.com/inventory/equipment/detail/215311","24","Bolted","Flat","","Yes","Used","","323 mm (12.7 in)","17.5 kW (23.5 HP)","50","1,420","415","","3","204.1 kg/h (450 lb/h)","","","","","","8,450 mm (332.7 in)","","","","","","","Internal Pipe Coil","","Luwa SMS","Stainless Steel Austenitic","","","","internal 2-50mm, jacket 2-50mm","","Horizontal","","6 bar (87 psi)","","Wiped/Thin Film","mounted on cabon steel frame","","100 °C (212 °F)","","","8.4 m&#xB2; (90.5 ft&#xB2;)","","","","","","Evaporator","","316Ti Stainless Steel & Phenol Resin scrapers"
"215312","Wiped/Thin Film Evaporator 204.1 kg/h (450 lb/h) Stainless Steel Austenitic For Sale - IPP# 215312","https://ims.internationalprocessplants.com/inventory/equipment/detail/215312","24","Bolted","Flat","","Yes","Used","","323 mm (12.7 in)","17.5 kW (23.5 HP)","50","1,420","415","","3","204.1 kg/h (450 lb/h)","","","","","","8,450 mm (332.7 in)","","","","","","","Internal Pipe Coil","","Luwa SMS","Stainless Steel Austenitic","","","","internal 2-50mm, jacket 2-50mm","","Horizontal","","6 bar (87 psi)","","Wiped/Thin Film","mounted on cabon steel frame","","100 °C (212 °F)","","","8.4 m&#xB2; (90.5 ft&#xB2;)","","","","","","Evaporator","","316Ti Stainless Steel & Phenol Resin scrapers"
"215313","Wiped/Thin Film Evaporator 204.1 kg/h (450 lb/h) Stainless Steel Austenitic For Sale - IPP# 215313","https://ims.internationalprocessplants.com/inventory/equipment/detail/215313","23","Bolted","Flat","","","Used","","323 mm (12.7 in)","6.1 kW (8.2 HP)","60","1,150","440/460","","3","204.1 kg/h (450 lb/h)","","","","","","8,450 mm (332.7 in)","","","","","","","Internal Pipe Coil","","Luwa SMS","Stainless Steel Austenitic","","","","internal: 1-200mm, 1-150mm, jacket: 2-75mm, 2-50mm","","Horizontal","","6 bar (87 psi)","","Wiped/Thin Film","mounted on carbon steel frame","","100 °C (212 °F)","","","8.4 m&#xB2; (90.5 ft&#xB2;)","","","","","","Evaporator","","316Ti Stainless Steel & Phenol Resin scrapers"
"215314","Wiped/Thin Film Evaporator 204.1 kg/h (450 lb/h) Stainless Steel Austenitic For Sale - IPP# 215314","https://ims.internationalprocessplants.com/inventory/equipment/detail/215314","23","Bolted","Flat","","Yes","Used","","392 mm (15.4 in)","17.5 kW (23.5 HP)","50","1,420","415","","3","204.1 kg/h (450 lb/h)","","","","","","8,450 mm (332.7 in)","","","","","","","Internal Pipe Coil","","Luwa SMS","Stainless Steel Austenitic","","","","","","Horizontal","","6 bar (87 psi)","","Wiped/Thin Film","mounted on c/steel frame","","100 °C (212 °F)","","","8.4 m&#xB2; (90.5 ft&#xB2;)","","","","","","Evaporator","","Phenol resin"
"217500","Wiped/Thin Film Evaporator 47.6 kg/h (105 lb/h) Stainless Steel Other For Sale - IPP# 217500","https://ims.internationalprocessplants.com/inventory/equipment/detail/217500","16","Clamped","Cone","","","Used","","340 mm (13.4 in)","","","","","","","47.6 kg/h (105 lb/h)","","","","","","2,200 mm (86.6 in)","","","","","","","","","Luwa SMS","Stainless Steel Other","","","","internal: 1-300mm, 1-50mm (bottom), jacket: 4-30mm,","","","Belt","8 bar (116 psi)","","Wiped/Thin Film","","","","Clamped","Dish","2 m&#xB2; (21.5 ft&#xB2;)","","","","","","Evaporator","",""
"217821","Stainless Steel 316 Luwa SMS LB-0050 Wiped/Thin Film Evaporator - IPP# 217821","https://ims.internationalprocessplants.com/inventory/equipment/detail/217821","24","Welded","Dish","","","Used","","180 mm (7.1 in)","1.5 kW (2 HP)","50","710","500","","3","11.3 kg/h (25 lb/h)","","","","","","1,400 mm (55.1 in)","","","","","","","","","Luwa SMS","Stainless Steel 316","Yes","LB-0050","","","","Vertical","","3 bar (43.5 psi)","","Wiped/Thin Film","","","350 °C (662 °F)","Bolted","Flat","0.5 m&#xB2; (5.4 ft&#xB2;)","","","","","","Evaporator","Yes",""
"219255","Wiped/Thin Film Evaporator 47.6 kg/h (105 lb/h) Stainless Steel 316 For Sale - IPP# 219255","https://ims.internationalprocessplants.com/inventory/equipment/detail/219255","26","Bolted","Cone","","","Used","","","4 kW (5.4 HP)","50","710","400","MarelliMotori D5X 160 MA8 B3","3","47.6 kg/h (105 lb/h)","","","","","","2,100 mm (83.5 in)","","","","","","","","","Buss-SMS-Canzler GmbH","Stainless Steel 316","Yes","Sambay B-300-N","","","","Vertical","Belt","0.5 bar (7.3 psi)","","Wiped/Thin Film","","","185 °C (365 °F)","Bolted","Flat","2 m&#xB2; (21.5 ft&#xB2;)","","","","","","Evaporator","Yes","Teflon Lined"
"219924","Wiped/Thin Film Evaporator 108.9 kg/h (240 lb/h) Stainless Steel Austenitic For Sale - IPP# 219924","https://ims.internationalprocessplants.com/inventory/equipment/detail/219924","27","Bolted","Flat","","","Used","","759 mm (29.9 in)","15 kW (20.1 HP)","50","1,460","500","Eberhard Bauer G52-10/D6A4-499","3","108.9 kg/h (240 lb/h)","","","","","","2,600 mm (102.4 in)","","","","","","","Dimple","","Luwa-SMS","Stainless Steel Austenitic","","KH-450","","","","Horizontal","Direct Coupled","3 bar (43.5 psi)","","Wiped/Thin Film","mounted on carbon steel frame","","250 °C (482 °F)","Bolted","Flat","4.5 m&#xB2; (48.4 ft&#xB2;)","","","","","","Evaporator","Yes",""
"220954","Hastelloy - C22 Clad Wiped/Thin Film Evaporator - IPP# 220954","https://ims.internationalprocessplants.com/inventory/equipment/detail/220954","26","Bolted","Cone","","Yes","Used","","850 mm (33.5 in)","18.6 kW (25 HP)","60","","230/460","","3","340.2 kg/h (750 lb/h)","","","","","","6,300 mm (248.8 in)","","","","","","","Standard","","SMS Buss","Hastelloy - C22","Yes","LN 1400","","","","Vertical","","1.72 bar (25 psi)","","Wiped/Thin Film","","","250 °C (482 °F)","Bolted","Flat","14 m&#xB2; (150.7 ft&#xB2;)","","","","","","Evaporator","Yes","316L Stainless Steel, with Carbon Steel tips"
"221098","Wiped/Thin Film Evaporator  Stainless Steel Other For Sale - IPP# 221098","https://ims.internationalprocessplants.com/inventory/equipment/detail/221098","7","","","","","Used","","352.3 mm (13.9 in)","","","","","","","","","","","","","314.2 mm (12.4 in)","","","","","","","","","Luwa SMS","Stainless Steel Other","","","","","","","","","","Wiped/Thin Film","","","","","","","","","","","","Evaporator","",""
"221539","Stainless Steel 316L Luwa SMS KH-600-S SAKO Wiped/Thin Film Evaporator - IPP# 221539","https://ims.internationalprocessplants.com/inventory/equipment/detail/221539","30","Bolted","Flat","","","Used","","1,200 mm (47.2 in)","22 kW (29.5 HP)","50","730","380/660","Loher DNGW-225MB-08A","3","145.1 kg/h (320 lb/h)","","","","","","3,100 mm (122 in)","","","","","","","Standard","","Luwa SMS","Stainless Steel 316L","Yes","KH-600-S SAKO","","1-800mm, 1-100mm, jacket: 1-75mm, 2-65mm, bottom: 1-100mm","","Horizontal","","6.4 bar (92.8 psi)","","Wiped/Thin Film","mounted on c/steel skid","Skid","350 °C (662 °F)","Bolted","Flat","6 m&#xB2; (64.6 ft&#xB2;)","","","","","","Evaporator","Yes","316L Stainless Steel"
"226240","Hastelloy - C276 Luwa SMS MLK4-0600/4500/90 Wiped/Thin Film Evaporator - IPP# 226240","https://ims.internationalprocessplants.com/inventory/equipment/detail/226240","25","Clamped","Cone","","","Used","","600 mm (23.6 in)","18.5 kW (24.8 HP)","50","975","415","","3","122.5 kg/h (270 lb/h)","","","","","","5,000 mm (196.9 in)","","","","Carbon Steel","","","Half Pipe/Limpet","","Luwa SMS","Hastelloy - C276","","MLK4-0600/4500/90","","","","Vertical","","1 bar (14.5 psi)","","Wiped/Thin Film","","","","Clamped","Flat","5 m&#xB2; (53.8 ft&#xB2;)","","","","","","Evaporator","Yes","Hastelloy C276"
"232537","Stainless Steel 316  Wiped/Thin Film Evaporator - IPP# 232537","https://ims.internationalprocessplants.com/inventory/equipment/detail/232537","16","","","","","Used","Yes","","3.7 kW (5 HP)","60","1,750","208-230/460","","3","4.5 kg/h (10 lb/h)","","","","","","","","","","","","","Standard","","","Stainless Steel 316","","","","","","Vertical","","","","Wiped/Thin Film","","","340 °C (644 °F)","","","0.2 m&#xB2; (2.2 ft&#xB2;)","","","","","","Evaporator","Yes",""
"233690","Wiped/Thin Film Evaporator 208.7 kg/h (460 lb/h) Stainless Steel 316 For Sale - IPP# 233690","https://ims.internationalprocessplants.com/inventory/equipment/detail/233690","19","Bolted","Flat","","","Used","","","29.8 kW (40 HP)","","","","","","208.7 kg/h (460 lb/h)","","","","","","","","","","","","","","","Luwa SMS","Stainless Steel 316","","KH-850-S","","","","Horizontal","","1.1 bar (16 psi)","","Wiped/Thin Film","","Saddle","350 °C (662 °F)","Bolted","Flat","8.5 m&#xB2; (91.8 ft&#xB2;)","","","","","","Evaporator","Yes","Stainless Steel"
"233717","Stainless Steel 316L Pfaudler Wiped/Thin Film Evaporator - IPP# 233717","https://ims.internationalprocessplants.com/inventory/equipment/detail/233717","17","","Dish","","","Used","","914 mm (36 in)","","","","","","","79.4 kg/h (175 lb/h)","","","","","","1,100 mm (44 in)","","","","","","","Standard","","Pfaudler","Stainless Steel 316L","","","","","","Vertical","","1.03 bar (15 psi)","","Wiped/Thin Film","","","343.3 °C (650 °F)","Bolted","Flat","3.3 m&#xB2; (35 ft&#xB2;)","","","","","","Evaporator","Yes",""
"235999","Wiped/Thin Film Evaporator 97.5 kg/h (215 lb/h) Stainless Steel Other For Sale - IPP# 235999","https://ims.internationalprocessplants.com/inventory/equipment/detail/235999","18","Clamped","Cone","","","Used","","488 mm (19.2 in)","","","","","","","97.5 kg/h (215 lb/h)","","","","","","3,500 mm (138.3 in)","","","","","","","","","Luwa SMS","Stainless Steel Other","","NL-430","","Vapor outlet 16", Product inlet 1.5", product outlet 4", steam to Jackets 2" condensate outlet 2"","","Vertical","","","","Wiped/Thin Film","","","","Clamped","Flat","4 m&#xB2; (43.2 ft&#xB2;)","","","","","","Evaporator","Yes","Stainless Steel"
"236071","Stainless Steel 316 DeDietrich M450P 4M2 Wiped/Thin Film Evaporator - IPP# 236071","https://ims.internationalprocessplants.com/inventory/equipment/detail/236071","29","Clamped","Cone","","","Used","","584 mm (23 in)","7.5 kW (10.1 HP)","50","1,440","400","CE, Ex II2G Ex de IIC T4 Gb ATEX DeDietrich drive","3","97.5 kg/h (215 lb/h)","","","","","","4,150 mm (162.8 in)","","","","","","","Standard","","DeDietrich","Stainless Steel 316","Yes","M450P 4M2","","","","Vertical","Belt","1.01 bar (14.7 psi)","","Wiped/Thin Film","mounted on lugs","Lugs","190 °C (374 °F)","Clamped","Dish","4 m&#xB2; (43.1 ft&#xB2;)","","","","","","Evaporator","Yes",""
"245617","Wiped/Thin Film Evaporator   For Sale - IPP# 245617","https://ims.internationalprocessplants.com/inventory/equipment/detail/245617","3","","","","","Used","","","","","","","","","","","","","","","","","","","","","","","","","","","","","","","","","","","Wiped/Thin Film","","","","","","","","","","","","Evaporator","",""
"246862","Unused Stainless Steel 304 Pfaudler 103.4-36V-274 Wiped/Thin Film Evaporator - IPP# 246862","https://ims.internationalprocessplants.com/inventory/equipment/detail/246862","36","Clamped","Flat","","","Unused","","889 mm (35 in)","5.6 kW (7.5 HP)","60","1,800","480","CGL","3","226.8 kg/h (500 lb/h)","","","","","","4,650 mm (183 in)","Yes","2.4 m&#xB2; (25.4 ft&#xB2;)","","","","","Standard","","Pfaudler","Stainless Steel 304","Yes","103.4-36V-274","","","46","Vertical","Chain","5.9 bar (85 psi)","","Wiped/Thin Film","Bonnett","Lugs","300 °C (572 °F)","Clamped","Flat","9.5 m&#xB2; (102 ft&#xB2;)","","","Stainless Steel 304","1,500 mm (60 in)","Stainless Steel 304","Evaporator","Yes","Chevron centrifugal wipers ( Graphite )"
"247169","Stainless Steel 304 Clad Hitachi Adjust-O-Film Wiped/Thin Film Evaporator - IPP# 247169","https://ims.internationalprocessplants.com/inventory/equipment/detail/247169","43","Bolted","Flat","","Yes","Used","","1,200 mm (48 in)","18.6 kW (25 HP)","60","1,765","230/460","Electric","3","3,650 kg/h (8,000 lb/h)","1,750","Quantis","32.2 kW (43.2 HP)","7.59:1","BT191502085","1,850 mm (72 in)","","","180 Grit Polish","Carbon Steel","8.6 bar (125 psi)","182.2 °C (360 °F)","Standard","4,000 mm (158 in)","Hitachi","Stainless Steel 304","Yes","Adjust-O-Film","284T","","","Horizontal","Belt","1.03 bar (15 psi)","190","Wiped/Thin Film","Skid Mounted","Skid","182.2 °C (360 °F)","Bolted","Flat","5 m&#xB2; (54 ft&#xB2;)","","","","","","Evaporator","Yes","Teflon Wipes"
"247796","LCI (Luwa) Wiped/Thin Film Evaporator Pilot Skid 5.1 sq. ft. - IPP# 247796","https://ims.internationalprocessplants.com/inventory/equipment/detail/247796","38","Bolted","Flat","Yes","","Used","","381 mm (15 in)","3.7 kW (5 HP)","60","1,800","460","Electric Motor","3","11.3 kg/h (25 lb/h)","","","","","","2,100 mm (83.5 in)","","","Ra 25","Stainless Steel 304","10.3 bar (150 psi)","204.4 °C (400 °F)","Standard","914 mm (36 in)","LCI","Stainless Steel 316L","Yes","CVSE-0048","184T","","","Vertical","Belt","1.72 bar (25 psi)","1,200","Wiped/Thin Film","Mounted in a frame","Lugs","151.7 °C (305 °F)","Bolted","Flat","0.47 m&#xB2; (5.1 ft&#xB2;)","","","","","","Evaporator","Yes","Straight blade fixed clearance"
"31726","Wiped/Thin Film Evaporator 626 kg/h (1,400 lb/h) Stainless Steel 304 For Sale - IPP# 31726","https://ims.internationalprocessplants.com/inventory/equipment/detail/31726","25","Bolted","Flat","","Yes","Used","","1,000 mm (40 in)","14.9 kW (20 HP)","60","480","220/440","","3","626 kg/h (1,400 lb/h)","","","","","","1,750 mm (68 in)","","","","","","","","","Buflovak/Blaw Knox","Stainless Steel 304","Yes","Roto-Vak Mdl","","separator: top 1-8"; side 1-18" w/cover & sight glass, 10" x 24" tangential; btm 1-3" discharge","","","","1.03 bar (15 psi)","","Wiped/Thin Film","","","204.4 °C (400 °F)","Welded","Flat","4.6 m&#xB2; (50 ft&#xB2;)","","","","","","Evaporator","Yes",""
"31727","Wiped/Thin Film Evaporator 626 kg/h (1,400 lb/h) Stainless Steel 304 For Sale - IPP# 31727","https://ims.internationalprocessplants.com/inventory/equipment/detail/31727","26","Bolted","Flat","","Yes","Used","","1,000 mm (40 in)","14.9 kW (20 HP)","60","480","220/480","","3","626 kg/h (1,400 lb/h)","","","","","","1,750 mm (68 in)","","","","","","","","","Buflovak/Blaw Knox","Stainless Steel 304","Yes","Roto-Vak Mdl","","separator top 1-8"; side 1-18" w/cover & sight glass, 10" x 24" tangential; bottom 1-3" discharge.","","","Belt","1.03 bar (15 psi)","","Wiped/Thin Film","","","204.4 °C (400 °F)","Welded","Flat","4.6 m&#xB2; (50 ft&#xB2;)","","","","","","Evaporator","Yes",""
"38727","Wiped/Thin Film Evaporator 45.4 kg/h (100 lb/h) Stainless Steel 316 For Sale - IPP# 38727","https://ims.internationalprocessplants.com/inventory/equipment/detail/38727","28","Bolted","Flat","","","Used","","610 mm (24 in)","5.6 kW (7.5 HP)","60","1,170","230/460","","3","45.4 kg/h (100 lb/h)","","","","","","1,700 mm (66 in)","","","","","","","","","Artisan","Stainless Steel 316","","63595A","","(1x) -1 1/2", (1x) - 3/4", (2x) - 1", (1x) - 4", (3x) - 2"","","Horizontal","Belt","1.03 bar (15 psi)","","Wiped/Thin Film","Mtd on saddles.","Saddle","204.4 °C (400 °F)","Bolted","Flat","1.86 m&#xB2; (20 ft&#xB2;)","","","","","","Evaporator","Yes","316 Stainless Steel"
"47921","Unused Stainless Steel 316 Chema-Bulke-Duerr RDA350/2.5-A Wiped/Thin Film Evaporator - IPP# 47921","https://ims.internationalprocessplants.com/inventory/equipment/detail/47921","21","","Cone","","","Unused","","406.4 mm (16 in)","5.5 kW (7.4 HP)","50","710","380/660","","3","61.2 kg/h (135 lb/h)","","","","","","2,350 mm (93 in)","","","","","","","","","Chema Balke D&#xFC;rr GmbH","Stainless Steel 316","","RDA350/2.5-A","","entrainment separator 12" (300mm), 2-32mm, 2-25mm;","","Vertical","","2 bar (29 psi)","","Wiped/Thin Film","","","180 °C (356 °F)","","","2.6 m&#xB2; (27.7 ft&#xB2;)","","","","","","Evaporator","Yes",""
"49898","Wiped/Thin Film Evaporator 181.4 kg/h (400 lb/h) Stainless Steel 316 For Sale - IPP# 49898","https://ims.internationalprocessplants.com/inventory/equipment/detail/49898","27","Bolted","Flat","","","Used","","1,050 mm (42 in)","29.8 kW (40 HP)","60","885","208/220/440","","3","181.4 kg/h (400 lb/h)","","","","","","2,150 mm (84 in)","","","","","","","","","Artisan","Stainless Steel 316","Yes","R-49-3-1H-70","","","","Horizontal","Belt","1.72 bar (25 psi)","","Wiped/Thin Film","Mounted on weld saddles.","Saddle","398.9 °C (750 °F)","Bolted","Flat","7.4 m&#xB2; (80 ft&#xB2;)","","","","","","Evaporator","","Carbon Steel"
"701152","Wiped/Thin Film Evaporator  Stainless Steel 316 For Sale - IPP# 701152","https://ims.internationalprocessplants.com/inventory/equipment/detail/701152","17","Clamped","Cone","","","Used","","304.8 mm (12 in)","5 kW (6.7 HP)","","","","","","","","","","","","1,700 mm (66 in)","","","","","","","","","Luwa SMS","Stainless Steel 316","","L300","","(1x) 12" vapor outlet, (2x) 1" inlets","","Vertical","","0.69 bar (10 psi)","","Wiped/Thin Film","","","","","Flat","1.4 m&#xB2; (15.1 ft&#xB2;)","","","","","","Evaporator","Yes",""
"70252","Wiped/Thin Film Evaporator  Stainless Steel 316 For Sale - IPP# 70252","https://ims.internationalprocessplants.com/inventory/equipment/detail/70252","11","","","","","Used","","","","","","","","","","","","","","","","","","","","","","","","Luwa","Stainless Steel 316","","DL-1000/6000/10","","","","Horizontal","","0.5 bar (7.3 psi)","","Wiped/Thin Film","","","200 °C (392 °F)","","","16 m&#xB2; (172.2 ft&#xB2;)","","","","","","Evaporator","Yes",""
"70260","Wiped/Thin Film Evaporator 267.6 kg/h (590 lb/h) Stainless Steel 316 For Sale - IPP# 70260","https://ims.internationalprocessplants.com/inventory/equipment/detail/70260","25","Clamped","Flat","","","Used","","850 mm (33.5 in)","30 kW (40.2 HP)","50","260","380","","3","267.6 kg/h (590 lb/h)","","","","","","4,800 mm (189 in)","","","","","","","","","Luwa SMS","Stainless Steel 316","","D-850/4700/10","","product inlet 200mm, product outlet 300mm. Inert gas inlet 50mm. jacket 2-80mm.","","Horizontal","Belt","0.5 bar (7.3 psi)","","Wiped/Thin Film","","","220 °C (428 °F)","Clamped","Flat","11 m&#xB2; (118.4 ft&#xB2;)","","","","","","Evaporator","Yes",""
"704959","Wiped/Thin Film Evaporator  Stainless Steel 304 For Sale - IPP# 704959","https://ims.internationalprocessplants.com/inventory/equipment/detail/704959","28","Bolted","Hemi","","","Used","","152.4 mm (6 in)","7.5 kW (10.1 HP)","50","1,440","415","Eurodrive RGUV-031A","3","","","","","","","762 mm (30 in)","","","","","","","","","Balfour","Stainless Steel 304","Yes","Stratavap","","","","Vertical","Direct Coupled","1 bar (14.5 psi)","","Wiped/Thin Film","mounted on a carbon steel frame.","Skid","200 °C (392 °F)","Clamped","Flat","0.23 m&#xB2; (2.5 ft&#xB2;)","","","","","","Evaporator","Yes","Teflon"
"70573","Wiped/Thin Film Evaporator 47.6 kg/h (105 lb/h) Stainless Steel 316 For Sale - IPP# 70573","https://ims.internationalprocessplants.com/inventory/equipment/detail/70573","13","","","","","Used","","342.9 mm (13.5 in)","","","","","","","47.6 kg/h (105 lb/h)","","","","","","2,200 mm (86 in)","","","","","","","","","Luwa SMS","Stainless Steel 316","","","","","","","Belt","","","Wiped/Thin Film","","","","Clamped","Dish","2 m&#xB2; (21.5 ft&#xB2;)","","","","","","Evaporator","Yes",""
"706885","Stainless Steel 316L Luwa SMS HM-1200 Wiped/Thin Film Evaporator - IPP# 706885","https://ims.internationalprocessplants.com/inventory/equipment/detail/706885","40","Welded","Cone","","","Used","Yes","750 mm (29.5 in)","54 kW (72.4 HP)","60","1,765","380/420","Loher ANGA-225ME-04M","3","279 kg/h (615 lb/h)","","","","","","4,850 mm (190.9 in)","","","","","7 bar (101.5 psi)","200 °C (392 °F)","Standard","","Luwa SMS","Stainless Steel 316L","Yes","HM-1200","","","16","Vertical","Direct Coupled","3.2 bar (46.4 psi)","135","Wiped/Thin Film","evaporator mounted on carbon steel lugs","Lugs","200 °C (392 °F)","Clamped","Flat","11.5 m&#xB2; (123.8 ft&#xB2;)","44.5 mm (1.75 in)","4,000 mm (157.5 in)","Stainless Steel 316L","2 mm (0.08 in)","Stainless Steel 316L","Evaporator","Yes","316Ti SS (1.4571)"
"74896","Stainless Steel 316 Hitachi Wiped/Thin Film Evaporator - IPP# 74896","https://ims.internationalprocessplants.com/inventory/equipment/detail/74896","26","Bolted","Flat","","","Used","","1,050 mm (42 in)","22.4 kW (30 HP)","60","890","460","","3","317.5 kg/h (700 lb/h)","","","","","","3,050 mm (120 in)","","","","","","","","","Hitachi","Stainless Steel 316","Yes","","","top 1-32", 1-1 1/2"; btm 1-6", 1-1 1/2".","","Horizontal","","1.03 bar (15 psi)","","Wiped/Thin Film","Mtd on saddles.","Saddle","176.7 °C (350 °F)","Bolted","Flat","13 m&#xB2; (140 ft&#xB2;)","","","","","","Evaporator","Yes",""
"81577","Wiped/Thin Film Evaporator 154.2 kg/h (340 lb/h) Stainless Steel 316 For Sale - IPP# 81577","https://ims.internationalprocessplants.com/inventory/equipment/detail/81577","18","Clamped","Cone","","","Used","","660 mm (26 in)","","","","","","","154.2 kg/h (340 lb/h)","","","","","","1,950 mm (77.4 in)","","","","","","","","","Luwa SMS","Stainless Steel 316","Yes","504","","","","","Belt","","","Wiped/Thin Film","","","140 °C (284 °F)","Clamped","Dish","6.3 m&#xB2; (67.8 ft&#xB2;)","","","","","","Evaporator","Yes",""
"82182","Unused Wiped/Thin Film Evaporator   For Sale - IPP# 82182","https://ims.internationalprocessplants.com/inventory/equipment/detail/82182","6","","","","","Unused","","1,200 mm (48 in)","","","","","","","","","","","","","4,550 mm (180 in)","","","","","","","","","Luwa SMS","","","","","","","","","","","Wiped/Thin Film","","","","","","","","","","","","Evaporator","",""
"82183","Unused Luwa SMS Wiped/Thin Film Evaporator - IPP# 82183","https://ims.internationalprocessplants.com/inventory/equipment/detail/82183","6","","","","","Unused","","1,400 mm (56 in)","","","","","","","","","","","","","4,550 mm (180 in)","","","","","","","","","Luwa SMS","","","","","","","","","","","Wiped/Thin Film","","","","","","","","","","","","Evaporator","",""
"86446","Wiped/Thin Film Evaporator 11.3 kg/h (25 lb/h) Stainless Steel 316 For Sale - IPP# 86446","https://ims.internationalprocessplants.com/inventory/equipment/detail/86446","13","","Cone","","","Used","","152.4 mm (6 in)","","","","","","","11.3 kg/h (25 lb/h)","","","","","","1,200 mm (48 in)","","","","","","","","","Luwa SMS","Stainless Steel 316","","","","(1x) 6in entrainment opening, (1x) 4in bottom outlet","","","Direct Coupled","","","Wiped/Thin Film","","","","","","0.5 m&#xB2; (5.4 ft&#xB2;)","","","","","","Evaporator","Yes",""
"87891","Stainless Steel 316 Wiped/Thin Film Evaporator - IPP# 87891","https://ims.internationalprocessplants.com/inventory/equipment/detail/87891","20","Bolted","Flat","","","Used","","","14.9 kW (20 HP)","60","","230/460","","3","90.7 kg/h (200 lb/h)","","","","","","","","","","","","","","","Kontro","Stainless Steel 316","","R-243-1H40","","","","Horizontal","Belt","1.03 bar (15 psi)","","Wiped/Thin Film","","","176.7 °C (350 °F)","Bolted","Flat","3.7 m&#xB2; (40 ft&#xB2;)","","","","","","Evaporator","",""
"87894","Wiped/Thin Film Evaporator 195 kg/h (430 lb/h) Stainless Steel 316 For Sale - IPP# 87894","https://ims.internationalprocessplants.com/inventory/equipment/detail/87894","20","","Cone","","","Used","","610 mm (24 in)","11.2 kW (15 HP)","60","1,140","220/440","","3","195 kg/h (430 lb/h)","","","","","","4,550 mm (180 in)","","","","","","","","","Luwa SMS","Stainless Steel 316","","L-600-450-10","","","","","Belt","","","Wiped/Thin Film","","","","Clamped","Dish","8 m&#xB2; (86.4 ft&#xB2;)","","","","","","Evaporator","Yes",""
"88542","Stainless Steel 316 Luwa SMS Wiped/Thin Film Evaporator - IPP# 88542","https://ims.internationalprocessplants.com/inventory/equipment/detail/88542","13","","Cone","","","Used","","152.4 mm (6 in)","","","","","","","13.6 kg/h (30 lb/h)","","","","","","1,200 mm (48 in)","","","","","","","","","Luwa SMS","Stainless Steel 316","","","","entrainment 1-6", 2-1"; bottom 1-2".","","Vertical","","","","Wiped/Thin Film","","","","","","0.58 m&#xB2; (6.2 ft&#xB2;)","","","","","","Evaporator","Yes",""
"91223","Stainless Steel 316 Artisan Wiped/Thin Film Evaporator - IPP# 91223","https://ims.internationalprocessplants.com/inventory/equipment/detail/91223","17","","","","","Used","","","5.6 kW (7.5 HP)","60","1,750","230/460","","3","6.8 kg/h (15 lb/h)","","","","","","","","","","","","","","","Artisan","Stainless Steel 316","","","","shell 2-8", 2-2".","","","","1.03 bar (15 psi)","","Wiped/Thin Film","Mounted on CS stand with angle","","232.2 °C (450 °F)","","","0.28 m&#xB2; (3 ft&#xB2;)","","","","","","Evaporator","Yes",""
