"stock_number","title","url","attribute_count","Back Drive","Bowl Diameter","Bowl Length","Bowl Max RPM","Bowl Type","Condition","Diameter of Weirs","Food Grade","G-Force","Gas Tight","Main Motor Horsepower","Manufacturer","Material","Model","Number of Weirs","Subtype","Type","Washing"
"103216","Stainless Steel 304 Humboldt Wedag SVS900 x 2500 Centrifuge-Solid Bowl-Decanter - IPP# 103216","https://ims.internationalprocessplants.com/inventory/equipment/detail/103216","10","","900 mm (35.4 in)","2,500 mm (98.4 in)","1,800","","Used","","","1,900","","160 kW (214.6 HP)","Humboldt Wedag","Stainless Steel 304","SVS900 x 2500","","","Centrifuge-Solid Bowl-Decanter",""
"104056","Stainless Steel 316 Westfalia SDA-360L Centrifuge-Solid Bowl-Decanter - IPP# 104056","https://ims.internationalprocessplants.com/inventory/equipment/detail/104056","9","","354 mm (13.9 in)","1,200 mm (48.1 in)","400","","Used","","","","","30 kW (40.2 HP)","Westfalia","Stainless Steel 316","SDA-360L","","","Centrifuge-Solid Bowl-Decanter",""
"112252","Stainless Steel 316 Bird  Centrifuge-Solid Bowl-Decanter - IPP# 112252","https://ims.internationalprocessplants.com/inventory/equipment/detail/112252","7","","457.2 mm (18 in)","1,050 mm (42 in)","","","Refurbished/Rebuilt","","","","","29.8 kW (40 HP)","Bird","Stainless Steel 316","","","","Centrifuge-Solid Bowl-Decanter",""
"201473","Centrifuge - Screen Bowl Decanter Bird Stainless Steel 304 - IPP# 201473","https://ims.internationalprocessplants.com/inventory/equipment/detail/201473","11","","914 mm (36 in)","1,850 mm (72 in)","1,600","Screen Bowl","Used","","","","","149.1 kW (200 HP)","Bird","Stainless Steel 304","","4","","Centrifuge-Solid Bowl-Decanter","Yes"
"201474","Stainless Steel 304 Bird 36 Centrifuge-Screen Bowl - IPP# 201474","https://ims.internationalprocessplants.com/inventory/equipment/detail/201474","13","","914 mm (36 in)","1,850 mm (72 in)","1,600","Contour screen","Used","152.4 mm (6 in)","","","","149.1 kW (200 HP)","Bird","Stainless Steel 304","36","4","","Centrifuge-Solid Bowl-Decanter","Yes"
"205102","Centrifuge-Solid Bowl-Decanter - IPP# 205102","https://ims.internationalprocessplants.com/inventory/equipment/detail/205102","7","","","","15,000","Tubular clarifier","Used","","","","","2.2 kW (3 HP)","Sharples","","AS16","","","Centrifuge-Solid Bowl-Decanter",""
"206776","Stainless Steel 304 Bird  Centrifuge-Solid Bowl-Decanter - IPP# 206776","https://ims.internationalprocessplants.com/inventory/equipment/detail/206776","6","","610 mm (24 in)","1,500 mm (60 in)","","","Used","","","","","","Bird","Stainless Steel 304","","","","Centrifuge-Solid Bowl-Decanter",""
"207135","Centrifuge-Solid Bowl-Decanter  Stainless Steel Other For Sale - IPP# 207135","https://ims.internationalprocessplants.com/inventory/equipment/detail/207135","9","","220 mm (8.7 in)","600 mm (23.6 in)","5,100","","Used","","","","Yes","","Westfalia","Stainless Steel Other","SDA 230","","","Centrifuge-Solid Bowl-Decanter",""
"207274","Bird HB3900 Centrifuge-Solid Bowl-Decanter with ceramic flights - IPP# 207274","https://ims.internationalprocessplants.com/inventory/equipment/detail/207274","9","","635 mm (25 in)","2,450 mm (96 in)","1,800","","Used","","","","","44.7 kW (60 HP)","Bird","Carbon Steel","HB3900","","","Centrifuge-Solid Bowl-Decanter",""
"208821","Stainless Steel 304 Bird  Centrifuge-Solid Bowl-Decanter - IPP# 208821","https://ims.internationalprocessplants.com/inventory/equipment/detail/208821","10","","610 mm (24 in)","1,500 mm (60 in)","2,200","Contour screen bowl","Used","","","1,500","","74.6 kW (100 HP)","Bird","Stainless Steel 304","","","","Centrifuge-Solid Bowl-Decanter",""
"210552","Parts Only Centrifuge-Solid Bowl-Decanter   For Sale - IPP# 210552","https://ims.internationalprocessplants.com/inventory/equipment/detail/210552","4","","","","","","Used","","","","","","Bird","","","","Parts Only","Centrifuge-Solid Bowl-Decanter",""
"210724","Stainless Steel 316L Bird HP 2400 Centrifuge-Solid Bowl-Decanter - IPP# 210724","https://ims.internationalprocessplants.com/inventory/equipment/detail/210724","10","Yes","355.6 mm (14 in)","1,050 mm (42 in)","3,900","","Used","","","","","37.3 kW (50 HP)","Bird","Stainless Steel 316L","HP 2400","","","Centrifuge-Solid Bowl-Decanter",""
"212885","Stainless Steel 316 Alfa Laval P-2000 VME Centrifuge-Solid Bowl-Decanter - IPP# 212885","https://ims.internationalprocessplants.com/inventory/equipment/detail/212885","8","","355.6 mm (14 in)","648 mm (25.5 in)","","","Used","","","","","18.6 kW (25 HP)","Alfa Laval","Stainless Steel 316","P-2000 VME","","","Centrifuge-Solid Bowl-Decanter",""
"212886","Stainless Steel 316 Alfa Laval P-2000 VME Centrifuge-Solid Bowl-Decanter - IPP# 212886","https://ims.internationalprocessplants.com/inventory/equipment/detail/212886","8","","355.6 mm (14 in)","648 mm (25.5 in)","","","Used","","","","","18.6 kW (25 HP)","Alfa Laval","Stainless Steel 316","P-2000 VME","","","Centrifuge-Solid Bowl-Decanter",""
"212888","Stainless Steel 316 Alfa Laval P-2000 VME Centrifuge-Solid Bowl-Decanter - IPP# 212888","https://ims.internationalprocessplants.com/inventory/equipment/detail/212888","8","","355.6 mm (14 in)","648 mm (25.5 in)","","","Used","","","","","18.6 kW (25 HP)","Alfa Laval","Stainless Steel 316","P-2000 VME","","","Centrifuge-Solid Bowl-Decanter",""
"212889","Stainless Steel 316 Alfa Laval P-2000 S-D-C Centrifuge-Solid Bowl-Decanter - IPP# 212889","https://ims.internationalprocessplants.com/inventory/equipment/detail/212889","8","","355.6 mm (14 in)","648 mm (25.5 in)","","","Used","","","","","18.6 kW (25 HP)","Alfa Laval","Stainless Steel 316","P-2000 S-D-C","","","Centrifuge-Solid Bowl-Decanter",""
"212920","Westfalia Decanter CA 365-010 Centrifuge-Solid Bowl-Decanter - IPP# 212920","https://ims.internationalprocessplants.com/inventory/equipment/detail/212920","8","","345 mm (13.6 in)","205 mm (8.1 in)","3,300","","Used","","","","","30 kW (40.2 HP)","Westfalia","","Decanter CA 365-010","","","Centrifuge-Solid Bowl-Decanter",""
"212921","Westfalia Decanter CA 365-010 Centrifuge-Solid Bowl-Decanter - IPP# 212921","https://ims.internationalprocessplants.com/inventory/equipment/detail/212921","7","","345 mm (13.6 in)","205 mm (8.1 in)","","","Used","","","","","30 kW (40.2 HP)","Westfalia","","Decanter CA 365-010","","","Centrifuge-Solid Bowl-Decanter",""
"214882","Stainless Steel 316 Bird  Centrifuge-Solid Bowl-Decanter - IPP# 214882","https://ims.internationalprocessplants.com/inventory/equipment/detail/214882","6","","457.2 mm (18 in)","711 mm (28 in)","","","Used","","","","","","Bird","Stainless Steel 316","","","","Centrifuge-Solid Bowl-Decanter",""
"217825","Stainless Steel 316L TEMA Siebtechnik TS-420-EK Centrifuge-Solid Bowl-Decanter - IPP# 217825","https://ims.internationalprocessplants.com/inventory/equipment/detail/217825","9","","420 mm (16.5 in)","1,200 mm (46.5 in)","3,600","","Used","","","","","37 kW (49.6 HP)","TEMA Siebtechnik","Stainless Steel 316L","TS-420-EK","","","Centrifuge-Solid Bowl-Decanter",""
"217928","Stainless Steel Other Alfa Laval CHNX-414-31G Centrifuge-Solid Bowl-Decanter - IPP# 217928","https://ims.internationalprocessplants.com/inventory/equipment/detail/217928","9","","353 mm (13.9 in)","860 mm (33.9 in)","4,000","","Used","","","","","22 kW (29.5 HP)","Alfa Laval","Stainless Steel Other","CHNX-414-31G","","","Centrifuge-Solid Bowl-Decanter",""
"218160","Parts Only Centrifuge-Solid Bowl-Decanter   For Sale - IPP# 218160","https://ims.internationalprocessplants.com/inventory/equipment/detail/218160","5","","","","","","Used","","","","","","Sharples","","P-2000","","Parts Only","Centrifuge-Solid Bowl-Decanter",""
"218161","Centrifuge-Solid Bowl-Decanter   For Sale - IPP# 218161","https://ims.internationalprocessplants.com/inventory/equipment/detail/218161","4","","","","","","Used","","","","","","Sharples","","P-2000","","","Centrifuge-Solid Bowl-Decanter",""
"218162","Centrifuge-Solid Bowl-Decanter   For Sale - IPP# 218162","https://ims.internationalprocessplants.com/inventory/equipment/detail/218162","4","","","","","","Used","","","","","","Sharples","","P-2000","","","Centrifuge-Solid Bowl-Decanter",""
"218164","Stainless Steel 316 Sharples P-2000 Parts Only Centrifuge-Solid Bowl-Decanter - IPP# 218164","https://ims.internationalprocessplants.com/inventory/equipment/detail/218164","6","","","","","","Used","","","","","","Sharples","Stainless Steel 316","P-2000","","Parts Only","Centrifuge-Solid Bowl-Decanter",""
"218244","Stainless Steel Other Centrisys CS26-4/Z62-4 Centrifuge-Solid Bowl-Decanter - IPP# 218244","https://ims.internationalprocessplants.com/inventory/equipment/detail/218244","10","","660 mm (26 in)","2,850 mm (112 in)","3,100","","Used","","","3,000","","93.2 kW (125 HP)","Centrisys","Stainless Steel Other","CS26-4/Z62-4","","","Centrifuge-Solid Bowl-Decanter",""
"219895","Centrifuge-Solid Bowl-Decanter 11 kW (14.8 HP) Stainless Steel Other For Sale - IPP# 219895","https://ims.internationalprocessplants.com/inventory/equipment/detail/219895","10","","250 mm (9.8 in)","780 mm (30.7 in)","4,700","","Used","","","3,050","","11 kW (14.8 HP)","Alfa Laval","Stainless Steel Other","P1600 Super-D-Canter","","","Centrifuge-Solid Bowl-Decanter",""
"222787","Stainless Steel 316 Alfa Laval AVNX 418 K -31 Centrifuge-Solid Bowl-Decanter - IPP# 222787","https://ims.internationalprocessplants.com/inventory/equipment/detail/222787","12","Yes","355.6 mm (14 in)","1,400 mm (56 in)","3,250","Contour bowl design","Used","","","3,100","","25.3 kW (33.9 HP)","Alfa Laval","Stainless Steel 316","AVNX 418 K -31","","","Centrifuge-Solid Bowl-Decanter",""
"228101","Stainless Steel 316 Bird 2200 Centrifuge-Solid Bowl-Decanter - IPP# 228101","https://ims.internationalprocessplants.com/inventory/equipment/detail/228101","9","","610 mm (24 in)","914 mm (36 in)","3,000","","Used","","","","","22.4 kW (30 HP)","Bird","Stainless Steel 316","2200","","","Centrifuge-Solid Bowl-Decanter",""
"230190","Centrifuge-Solid Bowl-Decanter 3 kW (4 HP) Stainless Steel Other For Sale - IPP# 230190","https://ims.internationalprocessplants.com/inventory/equipment/detail/230190","10","","124 mm (4.9 in)","","1,500","Super centrifuge with classifier design bowl","Used","124 mm (4.9 in)","","","","3 kW (4 HP)","Alfa Laval","Stainless Steel Other","AS26","","","Centrifuge-Solid Bowl-Decanter",""
"230201","Stainless Steel 316 Pieralisi Baby 1 Centrifuge-Solid Bowl-Decanter - IPP# 230201","https://ims.internationalprocessplants.com/inventory/equipment/detail/230201","11","Yes","228.6 mm (9 in)","508 mm (20 in)","5,200","","Used","","","4,700","","5.5 kW (7.4 HP)","Pieralisi","Stainless Steel 316","Baby 1","","","Centrifuge-Solid Bowl-Decanter",""
"234000","Stainless Steel Austenitic TEMA Siebtechnik TS-420-EK Centrifuge-Solid Bowl-Decanter - IPP# 234000","https://ims.internationalprocessplants.com/inventory/equipment/detail/234000","6","","","","","","Used","","","","","30 kW (40.2 HP)","TEMA Siebtechnik","Stainless Steel Austenitic","TS-420-EK","","","Centrifuge-Solid Bowl-Decanter",""
"236061","Stainless Steel 316 Westfalia CA366-29-00 Centrifuge-Solid Bowl-Decanter - IPP# 236061","https://ims.internationalprocessplants.com/inventory/equipment/detail/236061","9","","354 mm (13.9 in)","","3,300","","Used","","","","Yes","30 kW (40.2 HP)","Westfalia","Stainless Steel 316","CA366-29-00","","","Centrifuge-Solid Bowl-Decanter",""
"236063","Stainless Steel 316 Westfalia CA366-29-00 Centrifuge-Solid Bowl-Decanter - IPP# 236063","https://ims.internationalprocessplants.com/inventory/equipment/detail/236063","8","","354 mm (13.9 in)","","3,300","","Used","","","","","30 kW (40.2 HP)","Westfalia","Stainless Steel 316","CA366-29-00","","","Centrifuge-Solid Bowl-Decanter",""
"238371","Stainless Steel Other Decanter CD 40 I SP Centrifuge-Solid Bowl-Decanter - IPP# 238371","https://ims.internationalprocessplants.com/inventory/equipment/detail/238371","13","Yes","381 mm (15 in)","1,700 mm (67 in)","4,000","Duplex bowl and scroll","Used","","Yes","3,725","","22.4 kW (30 HP)","Decanter","Stainless Steel Other","CD 40 I SP","","","Centrifuge-Solid Bowl-Decanter",""
"238455","Stainless Steel 316  Centrifuge-Solid Bowl-Decanter - IPP# 238455","https://ims.internationalprocessplants.com/inventory/equipment/detail/238455","9","Yes","355.6 mm (14 in)","1,450 mm (58 in)","3,985","","Used","","","3,157","","22.4 kW (30 HP)","","Stainless Steel 316","","","","Centrifuge-Solid Bowl-Decanter",""
"26706","Centrifuge Solid Bowl Decanter Dorr Oliver **Parts Only** Stainless Steel 316 - IPP# 26706","https://ims.internationalprocessplants.com/inventory/equipment/detail/26706","5","","","","","","Used","","","","","","Dorr Oliver","Stainless Steel 316","","","Parts Only","Centrifuge-Solid Bowl-Decanter",""
"38768","Stainless Steel Other Sharples P-1000 Centrifuge-Solid Bowl-Decanter - IPP# 38768","https://ims.internationalprocessplants.com/inventory/equipment/detail/38768","12","","","","3,250","Conical 1/4" pitch double lead conveyor, with hard surfacing","Used","101.6 mm (4 in)","","2,100","Yes","11.2 kW (15 HP)","Sharples","Stainless Steel 316","P-1000","4","","Centrifuge-Solid Bowl-Decanter",""
"38769","Stainless Steel Other Sharples P-1000 Centrifuge-Solid Bowl-Decanter - IPP# 38769","https://ims.internationalprocessplants.com/inventory/equipment/detail/38769","5","","","","","","Used","","","","","","Sharples","Stainless Steel Other","P-1000","","","Centrifuge-Solid Bowl-Decanter",""
"42486","Stainless Steel Other Alfa Laval NX314 Parts Only Centrifuge-Solid Bowl-Decanter - IPP# 42486","https://ims.internationalprocessplants.com/inventory/equipment/detail/42486","6","","","","","","Used","","","","","","Alfa Laval","Stainless Steel Other","NX314","","Parts Only","Centrifuge-Solid Bowl-Decanter",""
"44533","Stainless Steel 316 Sharples P3400 Parts Only Centrifuge-Solid Bowl-Decanter - IPP# 44533","https://ims.internationalprocessplants.com/inventory/equipment/detail/44533","6","","","","","","Used","","","","","","Sharples","Stainless Steel 316","P3400","","Parts Only","Centrifuge-Solid Bowl-Decanter",""
"70534","Parts Only Centrifuge-Solid Bowl-Decanter  Stainless Steel 316 For Sale - IPP# 70534","https://ims.internationalprocessplants.com/inventory/equipment/detail/70534","8","","450 mm (17.7 in)","900 mm (35.4 in)","","","Used","","","","","","Sangerhausen","Stainless Steel 316","SKZSNh450S","","Parts Only","Centrifuge-Solid Bowl-Decanter",""
"90540","Stainless Steel 316 Guinard (France) 43E Centrifuge-Solid Bowl-Decanter - IPP# 90540","https://ims.internationalprocessplants.com/inventory/equipment/detail/90540","9","","430 mm (16.9 in)","1,400 mm (54.1 in)","3,000","","Used","","","","","22 kW (29.5 HP)","Guinard (France)","Stainless Steel 316","43E","","","Centrifuge-Solid Bowl-Decanter",""
"9413","Stainless Steel 316L Bird  Centrifuge-Solid Bowl-Decanter - IPP# 9413","https://ims.internationalprocessplants.com/inventory/equipment/detail/9413","6","","304.8 mm (12 in)","762 mm (30 in)","","","Used","","","","","","Bird","Stainless Steel 316L","","","","Centrifuge-Solid Bowl-Decanter",""
