ims_order,stock_number,title,featured,image,url,Agitator Seal Type,Capacity Liqid,Capacity Solids,Clad,Condition,Dust Collection,Jacket Pressure,Jacket Temperature,Manufacturer,Material,Model,Screw Heated,Screw Pressure,Screw Temperature,Type,Vacuum System,Vessel Pressure,Vessel Temperature,Vessel Vacuum Rated
1,241005,Dryer- Nauta / Conical Hastelloy - C276 Summix Holland DF-300-VD3 - IPP# 241005,1,https://ims.internationalprocessplants.com/productimage/MjQxLzI0MTAwNV82MS5qcGc/1,https://ims.internationalprocessplants.com/inventory/equipment/detail/nauta-dryer/241005,Double Mechanical Seal,"3,000 L (792 gallons)",3 m3 (105 ft3),,Used,Yes,10.3 bar (150 psi),200 °C (392 °F),Summix Holland,Hastelloy - C276,DF-300-VD3,,,,Dryer- Nauta / Conical,,6.1 bar (88 psi),200 °C (392 °F),
2,231137,Dryer Nauta Krauss Maffei MT 2/300 Stainless Steel 316 - IPP# 231137,1,https://ims.internationalprocessplants.com/productimage/MjMxLzIzMTEzNy5qcGc/1,https://ims.internationalprocessplants.com/inventory/equipment/detail/nauta-dryer/231137,,"3,300 L (871 gallons)",3.3 m3 (116 ft3),,Used,,7 bar (101.5 psi),170 °C (338 °F),Krauss Maffei,Stainless Steel 316,MT 2/300,Yes,7 bar (101.5 psi),150 °C (302 °F),Dryer- Nauta / Conical,,2 bar (29 psi),170 °C (338 °F),
3,246751,Dryer-Nauta Andritz GHD3000S Stainless Steel 316 - IPP# 246751,1,https://ims.internationalprocessplants.com/productimage/MjQ2LzI0Njc1MV83LmpwZw/1,https://ims.internationalprocessplants.com/inventory/equipment/detail/nauta-dryer/246751,Mechanical,"3,000 L (792 gallons)",3 m3 (105 ft3),,Used,Yes,3.4 bar (50 psi),54.4 °C (130 °F),Andritz,Stainless Steel 316,GHD3000S,Yes,3.4 bar (50 psi),54.4 °C (130 °F),Dryer- Nauta / Conical,Yes,9 bar (130 psi),54.4 °C (130 °F),
4,201391,Stainless Steel 304 JH Day FA-3.5 Mark II Dryer- Nauta / Conical - IPP# 201391,0,https://ims.internationalprocessplants.com/productimage/MjAxLzIwMTM5MS5qcGc/1,https://ims.internationalprocessplants.com/inventory/equipment/detail/nauta-dryer/201391,,98.4 L (26 gallons),0.1 m3 (3.5 ft3),,Used,,8.6 bar (125 psi),178.3 °C (353 °F),JH Day,Stainless Steel 304,FA-3.5 Mark II,,,,Dryer- Nauta / Conical,,-0.07 bar (-1 psi),176.7 °C (350 °F),Yes
5,231223,Stainless Steel 316 Clad Engelsmann AG Dryer- Nauta / Conical - IPP# 231223,0,https://ims.internationalprocessplants.com/productimage/MjMxLzIzMTIyMy5qcGc/1,https://ims.internationalprocessplants.com/inventory/equipment/detail/nauta-dryer/231223,,"10,000 L (2,650 gallons)",10 m3 (353 ft3),Yes,Used,,3 bar (43.5 psi),165 °C (329 °F),Engelsmann AG,Stainless Steel 316,,,,,Dryer- Nauta / Conical,,3.2 bar (46.4 psi),165 °C (329 °F),
6,248271,Stainless Steel 316L Bolz GmbH Dryer- Nauta / Conical - IPP# 248271,0,https://ims.internationalprocessplants.com/productimage/MjQ4LzI0ODI3MV8xLmpwZw/1,https://ims.internationalprocessplants.com/inventory/equipment/detail/nauta-dryer/248271,Mechanical,"3,000 L (793 gallons)",3 m3 (105.9 ft3),,Used,Yes,3 bar (43.5 psi),120 °C (248 °F),Bolz GmbH & Co KG,Stainless Steel 316L,,Yes,3 bar (43.5 psi),120 °C (248 °F),Dryer- Nauta / Conical,Yes,4 bar (58 psi),120 °C (248 °F),Yes
7,248077,Stainless Steel 304 Dryer- Nauta / Conical - IPP# 248077,0,https://ims.internationalprocessplants.com/productimage/MjQ4LzI0ODA3N18xOC5qcGc/1,https://ims.internationalprocessplants.com/inventory/equipment/detail/nauta-dryer/248077,,"5,850 L (1,550 gallons)",5.8 m3 (206 ft3),,Used,,4 bar (58 psi),120 °C (248 °F),Bolz Apparatebau,Stainless Steel 304,MF250,,,,Dryer- Nauta / Conical,,3 bar (43.5 psi),120 °C (248 °F),Yes
8,203543,Stainless Steel Austenitic Krauss Maffei TMT 20/300 Dryer- Nauta / Conical - IPP# 203543,0,https://ims.internationalprocessplants.com/productimage/MjAzLzIwMzU0My5qcGc/1,https://ims.internationalprocessplants.com/inventory/equipment/detail/nauta-dryer/203543,,"19,950 L (5,250 gallons)",19.9 m3 (704 ft3),,Used,Yes,3 bar (43.5 psi),150 °C (302 °F),Krauss Maffei,Stainless Steel Austenitic,TMT 20/300,,,,Dryer- Nauta / Conical,,2 bar (29 psi),150 °C (302 °F),
9,706888,Stainless Steel 316 Vrieco Nauta 20 VB-S Dryer-Nauta - IPP# 706888,0,https://ims.internationalprocessplants.com/productimage/NzA2LzcwNjg4OC5qcGc/1,https://ims.internationalprocessplants.com/inventory/equipment/detail/nauta-dryer/706888,,"2,000 L (528 gallons)",1.98 m3 (70 ft3),,Unused,,3 bar (43.5 psi),100 °C (212 °F),Vrieco Nauta,Stainless Steel 316,20 VB-S,,,,Dryer- Nauta / Conical,,6 bar (87 psi),100 °C (212 °F),
10,231222,Stainless Steel 316 Clad Bauer Mainz T710C Dryer-Nauta - IPP# 231222,0,https://ims.internationalprocessplants.com/productimage/MjMxLzIzMTIyMi5qcGc/1,https://ims.internationalprocessplants.com/inventory/equipment/detail/nauta-dryer/231222,,"10,000 L (2,650 gallons)",10 m3 (353 ft3),Yes,Used,,3 bar (43.5 psi),165 °C (329 °F),Bauer Mainz,Stainless Steel 316,T710C,,,,Dryer- Nauta / Conical,,3.2 bar (46.4 psi),250 °C (482 °F),
11,247055,Stainless Steel Other Hosokawa Alpine Dryer-Nauta - IPP# 247055,0,https://ims.internationalprocessplants.com/productimage/MjQ3LzI0NzA1NV8xLmpwZw/1,https://ims.internationalprocessplants.com/inventory/equipment/detail/nauta-dryer/247055,Mechanical,"10,000 L (2,650 gallons)",10 m3 (353 ft3),,Used,,,,Hosokawa Alpine,Stainless Steel Other,,,,,Dryer- Nauta / Conical,,,,
