ims_order,stock_number,title,featured,image,url,Bowl Capacity,Bowl Depth,Bowl Diameter,Condition,Controls,Hydraulics,Jacket Material,Jacket Pressure,Jacketed,Manufacturer,Material,Model,Motor Power,Pressure,Shaft RPM,Shaft Seal,Temperature,Type,Vacuum
1,238392,Stainless Steel 304 Mixer-Disperser - IPP# 238392,1,https://ims.internationalprocessplants.com/productimage/MjM4LzIzODM5Ml8xLmpwZw/1,https://ims.internationalprocessplants.com/inventory/equipment/detail/disperser-mixer/238392,566 L (20 ft3),"1,050 mm (41 in)",851 mm (33.5 in),Used,,,,1.01 bar (14.7 psi),Yes,Abbe,Stainless Steel 304,VP,18.6 kW (25 HP),0.28 bar (4 psi),,Mechanical,,Mixer-Disperser,Yes
2,706087,Stainless Steel 316 Joshua Greaves & Son Co. LTD. Mixer-Disperser - IPP# 706087,1,https://ims.internationalprocessplants.com/productimage/NzA2LzcwNjA4N18xLkpQRw/1,https://ims.internationalprocessplants.com/inventory/equipment/detail/disperser-mixer/706087,"11,000 L (388.5 ft3)","2,450 mm (96.5 in)","2,400 mm (94.5 in)",Used,,,Carbon Steel,,Yes,Joshua Greaves & Son Co. LTD.,Stainless Steel 316,,75 kW (100.6 HP),1.01 bar (14.7 psi),65,,60 °C (140 °F),Mixer-Disperser,
3,212576,IPP# 212576 - Mixer-Disperser 14.7 kW (19.7 HP) Stainless Steel 316 For Sale,0,https://ims.internationalprocessplants.com/productimage/MjEyLzIxMjU3Ni5qcGc/1,https://ims.internationalprocessplants.com/inventory/equipment/detail/disperser-mixer/212576,500 L (17.7 ft3),,,Used,Yes,Yes,,3 bar (43.5 psi),Yes,Fryma,Stainless Steel 316,VME-500,14.7 kW (19.7 HP),,,,,Mixer-Disperser,Yes
4,219063,IPP# 219063 - Mixer-Disperser 17.5 kW (23.5 HP) Stainless Steel Austenitic For Sale,0,https://ims.internationalprocessplants.com/productimage/MjE5LzIxOTA2My5qcGc/1,https://ims.internationalprocessplants.com/inventory/equipment/detail/disperser-mixer/219063,450 L (15.9 ft3),600 mm (23.6 in),"1,000 mm (39.4 in)",Used,Yes,Yes,,,,Drais,Stainless Steel Austenitic,RSV-24ex,17.5 kW (23.5 HP),,"1,700",,,Mixer-Disperser,
5,214311,Stainless Steel 304 Bowers 5VSM18 Mixer-Disperser - IPP# 214311,0,https://ims.internationalprocessplants.com/productimage/MjE0LzIxNDMxMS5KUEc/1,https://ims.internationalprocessplants.com/inventory/equipment/detail/disperser-mixer/214311,,,,Used,,Yes,,,,Bowers,Stainless Steel 304,5VSM18,3.7 kW (5 HP),,,,,Mixer-Disperser,
6,214764,IPP# 214764 - Mixer-Disperser 11.2 kW (15 HP) Carbon Steel For Sale,0,https://ims.internationalprocessplants.com/productimage/MjE0LzIxNDc2NC5KUEc/1,https://ims.internationalprocessplants.com/inventory/equipment/detail/disperser-mixer/214764,756 L (26.7 ft3),,813 mm (32 in),Used,,Yes,,,,MorehouseCowles Premier Mill,Carbon Steel,EHD15,11.2 kW (15 HP),,,,,Mixer-Disperser,
7,219081,IPP# 219081 - Mixer-Disperser 2.6 kW (3.5 HP) For Sale,0,https://ims.internationalprocessplants.com/productimage/MjE5LzIxOTA4MS5qcGc/1,https://ims.internationalprocessplants.com/inventory/equipment/detail/disperser-mixer/219081,,,,Used,,,,,,Fluid,,SM-31,2.6 kW (3.5 HP),,,,,Mixer-Disperser,
8,230483,Stainless Steel 321 Buhler Group SMP-50-TS-S/V Mixer-Disperser - IPP# 230483,0,https://ims.internationalprocessplants.com/productimage/MjMwLzIzMDQ4My5qcGc/1,https://ims.internationalprocessplants.com/inventory/equipment/detail/disperser-mixer/230483,,,,Used,,,,,,Buhler Group,Stainless Steel 321,SMP-50-TS-S/V,44.7 kW (60 HP),,"1,440",,,Mixer-Disperser,
9,706214,IPP# 706214 - Mixer-Disperser 18.5 kW (24.8 HP) For Sale,0,,https://ims.internationalprocessplants.com/inventory/equipment/detail/disperser-mixer/706214,,,,Used,,,,,,Barker & Aspey Ltd,,Vortexion mixer,18.5 kW (24.8 HP),,,,,Mixer-Disperser,
10,706213,IPP# 706213 - Mixer-Disperser 18.5 kW (24.8 HP) For Sale,0,,https://ims.internationalprocessplants.com/inventory/equipment/detail/disperser-mixer/706213,,,,Used,,,,,,Barker & Aspey Ltd,,Vortexion mixer,18.5 kW (24.8 HP),,,,,Mixer-Disperser,
