"stock_number","title","url","attribute_count","Capacity Design","Capacity Operating","Clad","Condition","Full Vacuum","Internal Finish","Jacket Pressure","Jacket Temperature","Manufacturer","Material","Model","Product Density","Type","Vacuum System Available","Vessel Pressure","Vessel Temperature"
"107007","Dryer-Twin Shell &amp; Double Cone 0.5 m3 (17.7 ft3) Hastelloy - C4 For Sale - IPP# 107007","https://ims.internationalprocessplants.com/inventory/equipment/detail/107007","13","0.5 m3 (17.7 ft3)","0.4 m3 (14.1 ft3)","","Used","Yes","","2 bar (29 psi)","100 °C (212 °F)","Klein Vakuumtechnik","Hastelloy - C4","DKM500","","Dryer-Twin Shell & Double Cone","Yes","-1 bar (-14.5 psi)","100 °C (212 °F)"
"107770","Dryer-Twin Shell &amp; Double Cone 3 m3 (107 ft3) Glasslined For Sale - IPP# 107770","https://ims.internationalprocessplants.com/inventory/equipment/detail/107770","5","3 m3 (107 ft3)","1.98 m3 (70 ft3)","","Re-glassed","","","","","","Glasslined","","","Dryer-Twin Shell & Double Cone","","",""
"109987","Glasslined Dryer-Twin Shell &amp; Double Cone - IPP# 109987","https://ims.internationalprocessplants.com/inventory/equipment/detail/109987","10","2.8 m3 (100 ft3)","1.98 m3 (70 ft3)","","Used","","","6.9 bar (100 psi)","204.4 °C (400 °F)","Pfaudler","Glasslined","","","Dryer-Twin Shell & Double Cone","","-1.03 bar (-14.9 psi)","204.4 °C (400 °F)"
"13589","Titanium Clad Komline Sanderson  Dryer-Twin Shell &amp; Double Cone - IPP# 13589","https://ims.internationalprocessplants.com/inventory/equipment/detail/13589","11","2.8 m3 (100 ft3)","1.98 m3 (70 ft3)","Yes","Used","","","6.9 bar (100 psi)","176.7 °C (350 °F)","Komline Sanderson","Titanium","","","Dryer-Twin Shell & Double Cone","","1.03 bar (15 psi)","176.7 °C (350 °F)"
"16176","Dryer-Twin Shell &amp; Double Cone 0.71 m3 (25 ft3) Stainless Steel 304 For Sale - IPP# 16176","https://ims.internationalprocessplants.com/inventory/equipment/detail/16176","6","0.71 m3 (25 ft3)","0.57 m3 (20 ft3)","","Used","","","","","Paul O Abbe","Stainless Steel 304","","","Dryer-Twin Shell & Double Cone","","",""
"200724","Glasslined Dryer-Twin Shell &amp; Double Cone - IPP# 200724","https://ims.internationalprocessplants.com/inventory/equipment/detail/200724","11","2.8 m3 (100 ft3)","1.98 m3 (70 ft3)","","Re-glassed","Yes","","3.4 bar (50 psi)","176.7 °C (350 °F)","Pfaudler","Glasslined","","","Dryer-Twin Shell & Double Cone","","2.1 bar (30 psi)","232.2 °C (450 °F)"
"201066","Dryer-Twin Shell &amp; Double Cone 4 m3 (141.3 ft3) Glasslined For Sale - IPP# 201066","https://ims.internationalprocessplants.com/inventory/equipment/detail/201066","11","4 m3 (141.3 ft3)","3 m3 (105.9 ft3)","","Used","","","3 bar (43.5 psi)","200 °C (392 °F)","Pfaudler","Glasslined","MT4000","","Dryer-Twin Shell & Double Cone","","0.5 bar (7.3 psi)","200 °C (392 °F)"
"201392","Stainless Steel 304 Gemco Formulator Dryer-Twin Shell &amp; Double Cone - IPP# 201392","https://ims.internationalprocessplants.com/inventory/equipment/detail/201392","8","0.17 m3 (6 ft3)","0.14 m3 (5 ft3)","","Used","","","","","Gemco","Stainless Steel 304","Formulator","1.84 m3 (65 ft3)","Dryer-Twin Shell & Double Cone","","",""
"202092","Stainless Steel 304 Dryer-Twin Shell &amp; Double Cone - IPP# 202092","https://ims.internationalprocessplants.com/inventory/equipment/detail/202092","10","3.8 m3 (133 ft3)","2.8 m3 (100 ft3)","","Used","Yes","","2.1 bar (30 psi)","176.7 °C (350 °F)","Patterson Kelly","Stainless Steel 304","","2.1 m3 (75 ft3)","Dryer-Twin Shell & Double Cone","","",""
"202093","Stainless Steel 316 Dryer-Twin Shell &amp; Double Cone - IPP# 202093","https://ims.internationalprocessplants.com/inventory/equipment/detail/202093","9","5 m3 (176.6 ft3)","2.8 m3 (100 ft3)","","Used","","","2.1 bar (30 psi)","121.1 °C (250 °F)","Patterson Kelly","Stainless Steel 316","","1.42 m3 (50 ft3)","Dryer-Twin Shell & Double Cone","","",""
"202094","Stainless Steel 316 Dryer-Twin Shell &amp; Double Cone - IPP# 202094","https://ims.internationalprocessplants.com/inventory/equipment/detail/202094","10","2.8 m3 (100 ft3)","2.1 m3 (75 ft3)","","Used","Yes","","2.1 bar (30 psi)","121.1 °C (250 °F)","Patterson Kelly","Stainless Steel 316","","1.42 m3 (50 ft3)","Dryer-Twin Shell & Double Cone","","",""
"202096","Stainless Steel 316 Patterson Process Equipment Dryer-Twin Shell &amp; Double Cone - IPP# 202096","https://ims.internationalprocessplants.com/inventory/equipment/detail/202096","12","4 m3 (141 ft3)","2.8 m3 (99 ft3)","","Used","Yes","","2.1 bar (30 psi)","148.9 °C (300 °F)","Patterson Process Equipment","Stainless Steel 316","","1.42 m3 (50 ft3)","Dryer-Twin Shell & Double Cone","","1.38 bar (20 psi)","148.9 °C (300 °F)"
"203140","Dryer-Twin Shell &amp; Double Cone 2.8 m3 (100 ft3) Glasslined For Sale - IPP# 203140","https://ims.internationalprocessplants.com/inventory/equipment/detail/203140","10","2.8 m3 (100 ft3)","1.98 m3 (70 ft3)","","Re-glassed","","","3.4 bar (50 psi)","176.7 °C (350 °F)","Pfaudler","Glasslined","","","Dryer-Twin Shell & Double Cone","","2.1 bar (30 psi)","343.3 °C (650 °F)"
"203325","Glasslined Pfaudler  Dryer-Twin Shell &amp; Double Cone - IPP# 203325","https://ims.internationalprocessplants.com/inventory/equipment/detail/203325","11","0.99 m3 (35 ft3)","0.59 m3 (21 ft3)","","Used","Yes","","3.4 bar (50 psi)","176.7 °C (350 °F)","Pfaudler","Glasslined","","","Dryer-Twin Shell & Double Cone","","2.1 bar (30 psi)","343.3 °C (650 °F)"
"203374","Dryer-Twin Shell &amp; Double Cone 2.5 m3 (90 ft3) Glasslined For Sale - IPP# 203374","https://ims.internationalprocessplants.com/inventory/equipment/detail/203374","12","2.5 m3 (90 ft3)","1.7 m3 (60 ft3)","","Used","Yes","","6.2 bar (90 psi)","200 °C (392 °F)","DeDietrich","Glasslined","SR-2500","","Dryer-Twin Shell & Double Cone","","7.2 bar (105 psi)","200 °C (392 °F)"
"206648","Dryer-Twin Shell &amp; Double Cone 2.8 m3 (100 ft3) Stainless Steel 316 For Sale - IPP# 206648","https://ims.internationalprocessplants.com/inventory/equipment/detail/206648","6","2.8 m3 (100 ft3)","2.1 m3 (75 ft3)","","Used","","","","","Paul O Abbe","Stainless Steel 316","","","Dryer-Twin Shell & Double Cone","","",""
"208001","Dryer-Twin Shell &amp; Double Cone 3 m3 (107 ft3) Glasslined For Sale - IPP# 208001","https://ims.internationalprocessplants.com/inventory/equipment/detail/208001","11","3 m3 (107 ft3)","1.98 m3 (70 ft3)","","Re-glassed","","","3.4 bar (50 psi)","176.7 °C (350 °F)","Pfaudler","Glasslined","72-45 CDSB","","Dryer-Twin Shell & Double Cone","","2.1 bar (30 psi)","343.3 °C (650 °F)"
"208002","Glasslined Pfaudler 72-45 CDSB Dryer-Twin Shell &amp; Double Cone - IPP# 208002","https://ims.internationalprocessplants.com/inventory/equipment/detail/208002","12","3 m3 (107 ft3)","1.98 m3 (70 ft3)","","Used","Yes","","3.4 bar (50 psi)","176.7 °C (350 °F)","Pfaudler","Glasslined","72-45 CDSB","","Dryer-Twin Shell & Double Cone","","2.1 bar (30 psi)","343.3 °C (650 °F)"
"208003","Dryer-Twin Shell &amp; Double Cone 3 m3 (107 ft3) Glasslined For Sale - IPP# 208003","https://ims.internationalprocessplants.com/inventory/equipment/detail/208003","12","3 m3 (107 ft3)","1.98 m3 (70 ft3)","","Used","Yes","","3.4 bar (50 psi)","176.7 °C (350 °F)","Pfaudler","Glasslined","72-45 CDSB","","Dryer-Twin Shell & Double Cone","","2.1 bar (30 psi)","343.3 °C (650 °F)"
"208004","Dryer-Twin Shell &amp; Double Cone 3 m3 (107 ft3) Glasslined For Sale - IPP# 208004","https://ims.internationalprocessplants.com/inventory/equipment/detail/208004","12","3 m3 (107 ft3)","1.98 m3 (70 ft3)","","Re-glassed","Yes","","3.4 bar (50 psi)","176.7 °C (350 °F)","Pfaudler","Glasslined","72-45 CDSB","","Dryer-Twin Shell & Double Cone","","2.1 bar (30 psi)","343.3 °C (650 °F)"
"208005","Dryer-Twin Shell &amp; Double Cone 3 m3 (107 ft3) Glasslined For Sale - IPP# 208005","https://ims.internationalprocessplants.com/inventory/equipment/detail/208005","12","3 m3 (107 ft3)","1.98 m3 (70 ft3)","","Re-glassed","Yes","","3.4 bar (50 psi)","176.7 °C (350 °F)","Pfaudler","Glasslined","72-45 CDSB","","Dryer-Twin Shell & Double Cone","","2.1 bar (30 psi)","343.3 °C (650 °F)"
"208079","Dryer-Twin Shell &amp; Double Cone 0.14 m3 (5 ft3) Stainless Steel 316 For Sale - IPP# 208079","https://ims.internationalprocessplants.com/inventory/equipment/detail/208079","11","0.14 m3 (5 ft3)","0.11 m3 (4 ft3)","","Used","Yes","","3.1 bar (45 psi)","176.7 °C (350 °F)","Patterson Ind","Stainless Steel 316","","","Dryer-Twin Shell & Double Cone","","2.1 bar (30 psi)","176.7 °C (350 °F)"
"208328","Dryer-Twin Shell &amp; Double Cone 1.6 m3 (56.5 ft3) Glasslined For Sale - IPP# 208328","https://ims.internationalprocessplants.com/inventory/equipment/detail/208328","12","1.6 m3 (56.5 ft3)","0.8 m3 (28.3 ft3)","","Used","Yes","","6 bar (87 psi)","200 °C (392 °F)","DeDietrich","Glasslined","SR1600","","Dryer-Twin Shell & Double Cone","","-1 bar (-14.5 psi)","200 °C (392 °F)"
"208369","Dryer-Twin Shell &amp; Double Cone 1.6 m3 (56.5 ft3) Glasslined For Sale - IPP# 208369","https://ims.internationalprocessplants.com/inventory/equipment/detail/208369","11","1.6 m3 (56.5 ft3)","0.7 m3 (24.7 ft3)","","Used","","","6 bar (87 psi)","200 °C (392 °F)","DeDietrich","Glasslined","SR1600","","Dryer-Twin Shell & Double Cone","","-1 bar (-14.5 psi)","200 °C (392 °F)"
"208476","Dryer-Twin Shell &amp; Double Cone 0.99 m3 (35 ft3) Glasslined For Sale - IPP# 208476","https://ims.internationalprocessplants.com/inventory/equipment/detail/208476","13","0.99 m3 (35 ft3)","0.99 m3 (35 ft3)","","Used","Yes","Glass Lined","6 bar (87 psi)","200 °C (392 °F)","Pfaudler","Glasslined","MT1000","","Dryer-Twin Shell & Double Cone","","6 bar (87 psi)","200 °C (392 °F)"
"210238","Unused Stainless Steel 304 Dryer-Twin Shell &amp; Double Cone - IPP# 210238","https://ims.internationalprocessplants.com/inventory/equipment/detail/210238","5","0.28 m3 (10 ft3)","0.19 m3 (6.6 ft3)","","Unused","","","","","","Stainless Steel 304","","","Dryer-Twin Shell & Double Cone","","",""
"213398","Dryer-Twin Shell &amp; Double Cone 0.17 m3 (6 ft3) Stainless Steel 316 For Sale - IPP# 213398","https://ims.internationalprocessplants.com/inventory/equipment/detail/213398","6","0.17 m3 (6 ft3)","0.14 m3 (5 ft3)","","Used","","","","","Patterson Kelly","Stainless Steel 316","","","Dryer-Twin Shell & Double Cone","","",""
"21644","Dryer-Twin Shell &amp; Double Cone 1.13 m3 (40 ft3) Glasslined For Sale - IPP# 21644","https://ims.internationalprocessplants.com/inventory/equipment/detail/21644","11","1.13 m3 (40 ft3)","0.85 m3 (30 ft3)","","Used","Yes","","3.4 bar (50 psi)","176.7 °C (350 °F)","Pfaudler","Glasslined","","","Dryer-Twin Shell & Double Cone","","2.1 bar (30 psi)","343.3 °C (650 °F)"
"221721","Dryer-Twin Shell &amp; Double Cone 2.5 m3 (88.3 ft3) Glasslined For Sale - IPP# 221721","https://ims.internationalprocessplants.com/inventory/equipment/detail/221721","12","2.5 m3 (88.3 ft3)","1.5 m3 (53 ft3)","","Used","Yes","","6 bar (87 psi)","200 °C (392 °F)","DeDietrich","Glasslined","SR-2500","","Dryer-Twin Shell & Double Cone","","-1 bar (-14.5 psi)","200 °C (392 °F)"
"221722","Dryer-Twin Shell &amp; Double Cone Glasslined Technoglass DA-4000l - IPP# 221722","https://ims.internationalprocessplants.com/inventory/equipment/detail/221722","12","4 m3 (141.3 ft3)","3 m3 (105.9 ft3)","","Used","Yes","","6 bar (87 psi)","200 °C (392 °F)","Technoglass","Glasslined","DA-4000l","","Dryer-Twin Shell & Double Cone","","1 bar (14.5 psi)","200 °C (392 °F)"
"222610","Dryer-Twin Shell &amp; Double Cone 1 m3 (35.3 ft3) Stainless Steel Austenitic For Sale - IPP# 222610","https://ims.internationalprocessplants.com/inventory/equipment/detail/222610","10","1 m3 (35.3 ft3)","0.66 m3 (23.3 ft3)","","Used","","","0.4 bar (5.8 psi)","148 °C (298.4 °F)","Henkhaus","Stainless Steel Austenitic","","","Dryer-Twin Shell & Double Cone","","4.5 bar (65.3 psi)","148 °C (298.4 °F)"
"233860","Stainless Steel 316 Dryer-Twin Shell &amp; Double Cone - IPP# 233860","https://ims.internationalprocessplants.com/inventory/equipment/detail/233860","10","3.8 m3 (133 ft3)","2.4 m3 (85 ft3)","","Used","","","1.03 bar (15 psi)","104.4 °C (220 °F)","A & B Process Systems","Stainless Steel 316","","","Dryer-Twin Shell & Double Cone","","1.03 bar (15 psi)","104.4 °C (220 °F)"
"238470","Dryer-Twin Shell &amp; Double Cone 3 m3 (107 ft3) Glasslined For Sale - IPP# 238470","https://ims.internationalprocessplants.com/inventory/equipment/detail/238470","12","3 m3 (107 ft3)","1.98 m3 (70 ft3)","","Used","Yes","","3.4 bar (50 psi)","176.7 °C (350 °F)","Pfaudler","Glasslined","72-45-CD","","Dryer-Twin Shell & Double Cone","","2.1 bar (30 psi)","232.2 °C (450 °F)"
"245546","Glasslined Dryer-Twin Shell &amp; Double Cone - IPP# 245546","https://ims.internationalprocessplants.com/inventory/equipment/detail/245546","14","2.5 m3 (88.3 ft3)","1.5 m3 (53 ft3)","","Used","Yes","Glass Lined","6 bar (87 psi)","200 °C (392 °F)","DeDietrich","Glasslined","SR 2500","","Dryer-Twin Shell & Double Cone","Yes","2 bar (29 psi)","200 °C (392 °F)"
"247058","Stainless Steel Other  Dryer-Twin Shell &amp; Double Cone - IPP# 247058","https://ims.internationalprocessplants.com/inventory/equipment/detail/247058","4","0.05 m3 (1.77 ft3)","","","Used","","","","","","Stainless Steel Other","","","Dryer-Twin Shell & Double Cone","","",""
"247059","Hastelloy - C22 Pfaudler CD60 Dryer-Twin Shell &amp; Double Cone - IPP# 247059","https://ims.internationalprocessplants.com/inventory/equipment/detail/247059","11","1.7 m3 (60 ft3)","","","Used","Yes","","3.1 bar (45 psi)","200 °C (392 °F)","Pfaudler","Hastelloy - C22","CD60","","Dryer-Twin Shell & Double Cone","","2.3 bar (33.4 psi)","200 °C (392 °F)"
"247137","Dryer-Twin Shell &amp; Double Cone - IPP# 247137","https://ims.internationalprocessplants.com/inventory/equipment/detail/247137","12","0.48 m3 (16.8 ft3)","","","Used","Yes","Glass Lined","6.2 bar (90 psi)","204.4 °C (400 °F)","DeDietrich","Glasslined","SR400","","Dryer-Twin Shell & Double Cone","","3.4 bar (50 psi)","204.4 °C (400 °F)"
"28830","Dryer-Twin Shell &amp; Double Cone 0.57 m3 (20 ft3) Stainless Steel 304 For Sale - IPP# 28830","https://ims.internationalprocessplants.com/inventory/equipment/detail/28830","12","0.57 m3 (20 ft3)","0.37 m3 (13 ft3)","","Used","Yes","","1.03 bar (15 psi)","93.3 °C (200 °F)","Patterson Kelly","Stainless Steel 304","","1.67 m3 (59 ft3)","Dryer-Twin Shell & Double Cone","","-0.07 bar (-1 psi)","93.3 °C (200 °F)"
"45084","Carbon Steel Pfaudler  Dryer-Twin Shell &amp; Double Cone - IPP# 45084","https://ims.internationalprocessplants.com/inventory/equipment/detail/45084","8","0.06 m3 (2 ft3)","0.03 m3 (1 ft3)","","Re-glassed","","","5.5 bar (80 psi)","","Pfaudler","Carbon Steel","","","Dryer-Twin Shell & Double Cone","","2.1 bar (30 psi)",""
"702213","Dryer-Twin Shell &amp; Double Cone 1.36 m3 (48 ft3) Stainless Steel 316 For Sale - IPP# 702213","https://ims.internationalprocessplants.com/inventory/equipment/detail/702213","9","1.36 m3 (48 ft3)","0.85 m3 (30 ft3)","","Used","","","2.1 bar (30 psi)","100 °C (212 °F)","Baker Perkins","Stainless Steel 316","","","Dryer-Twin Shell & Double Cone","","0.001 bar (0.019 psi)",""
"705511","Dryer-Twin Shell &amp; Double Cone 0.6 m3 (21.2 ft3) Stainless Steel 316 For Sale - IPP# 705511","https://ims.internationalprocessplants.com/inventory/equipment/detail/705511","10","0.6 m3 (21.2 ft3)","0.5 m3 (17.7 ft3)","","Used","","","1.38 bar (20 psi)","60 °C (140 °F)","Steele and Cowlishaw Limited","Stainless Steel 316","","","Dryer-Twin Shell & Double Cone","","1.38 bar (20 psi)","60 °C (140 °F)"
"705512","Dryer-Twin Shell &amp; Double Cone 0.6 m3 (21.2 ft3) Stainless Steel 316 For Sale - IPP# 705512","https://ims.internationalprocessplants.com/inventory/equipment/detail/705512","10","0.6 m3 (21.2 ft3)","0.5 m3 (17.7 ft3)","","Used","","","1.38 bar (20 psi)","60 °C (140 °F)","Steele and Cowlishaw Limited","Stainless Steel 316","","","Dryer-Twin Shell & Double Cone","","2.1 bar (30 psi)","60 °C (140 °F)"
"705826","Dryer-Twin Shell &amp; Double Cone 0.57 m3 (20 ft3) Glasslined For Sale - IPP# 705826","https://ims.internationalprocessplants.com/inventory/equipment/detail/705826","12","0.57 m3 (20 ft3)","0.4 m3 (14 ft3)","","Used","Yes","","6 bar (87 psi)","200 °C (392 °F)","Pfaudler","Glasslined","MT400-XPL","","Dryer-Twin Shell & Double Cone","","6 bar (87 psi)","200 °C (392 °F)"
"705827","Dryer-Twin Shell &amp; Double Cone 4 m3 (141.3 ft3) Glasslined For Sale - IPP# 705827","https://ims.internationalprocessplants.com/inventory/equipment/detail/705827","12","4 m3 (141.3 ft3)","3 m3 (105.9 ft3)","","Used","Yes","","6 bar (87 psi)","200 °C (392 °F)","Tycon","Glasslined","RD0-4000","","Dryer-Twin Shell & Double Cone","","6 bar (87 psi)","200 °C (392 °F)"
"92913","Dryer-Twin Shell &amp; Double Cone 0.05 m3 (1.7 ft3) Stainless Steel 304 For Sale - IPP# 92913","https://ims.internationalprocessplants.com/inventory/equipment/detail/92913","9","0.05 m3 (1.7 ft3)","0.03 m3 (1.1 ft3)","","Used","","","2.8 bar (40 psi)","","Paul O Abbe","Stainless Steel 304","18RCVD","1.42 m3 (50 ft3)","Dryer-Twin Shell & Double Cone","","",""
"93044","Hastelloy - B Alb. Klein  Dryer-Twin Shell &amp; Double Cone - IPP# 93044","https://ims.internationalprocessplants.com/inventory/equipment/detail/93044","11","0.6 m3 (21.2 ft3)","0.5 m3 (17.7 ft3)","","Used","Yes","","2.5 bar (36.3 psi)","250 °C (482 °F)","Alb. Klein","Hastelloy - B","","","Dryer-Twin Shell & Double Cone","","-1 bar (-14.5 psi)","250 °C (482 °F)"
"93775","Glasslined Schwelm TR100 Dryer-Twin Shell &amp; Double Cone - IPP# 93775","https://ims.internationalprocessplants.com/inventory/equipment/detail/93775","10","0.1 m3 (3.5 ft3)","0.07 m3 (2.5 ft3)","","Used","","","6 bar (87 psi)","200 °C (392 °F)","Schwelm","Glasslined","TR100","","Dryer-Twin Shell & Double Cone","","6 bar (87 psi)",""
"99891","Glasslined Pfaudler  Dryer-Twin Shell &amp; Double Cone - IPP# 99891","https://ims.internationalprocessplants.com/inventory/equipment/detail/99891","11","0.07 m3 (2.6 ft3)","0.05 m3 (1.6 ft3)","","Re-glassed","Yes","","5.5 bar (80 psi)","176.7 °C (350 °F)","Pfaudler","Glasslined","","","Dryer-Twin Shell & Double Cone","","2.1 bar (30 psi)","232.2 °C (450 °F)"
