"stock_number","title","url","attribute_count","Basket Depth","Basket Diameter","Brake","Condition","Controls","Filtration Area","G Force","Gas Tight","Load Weight","Manufacturer","Material","Model","Motor Power","Plow Action","Sanitary Construction","Speed-RPM Maximum","Subtype","Type"
"200902","Manual Discharge-Top Centrifuge-Basket 1,200 mm (47.2 in) Stainless Steel 316 For Sale - IPP# 200902","https://ims.internationalprocessplants.com/inventory/equipment/detail/200902","9","500 mm (19.7 in)","1,200 mm (47.2 in)","","Used","","","","","","Krauss Maffei","Stainless Steel 316","PZO 120","7 kW (9.4 HP)","","","","Manual Discharge-Top","Centrifuge-Basket"
"203151","Stainless Steel 316 Tolhurst Manual Discharge-Top Centrifuge-Basket - IPP# 203151","https://ims.internationalprocessplants.com/inventory/equipment/detail/203151","9","","762 mm (30 in)","Yes","Used","","","","","","Tolhurst","Stainless Steel 316","","2.2 kW (3 HP)","","","1,200","Manual Discharge-Top","Centrifuge-Basket"
"208049","Stainless Steel 316 DeLaval 48x24 Mark III Manual Discharge-Top Centrifuge-Basket - IPP# 208049","https://ims.internationalprocessplants.com/inventory/equipment/detail/208049","11","610 mm (24 in)","1,200 mm (48 in)","","Used","","","","","","DeLaval","Stainless Steel 316","48x24 Mark III","14.9 kW (20 HP)","Yes","","1,150","Manual Discharge-Top","Centrifuge-Basket"
"208338","Manual Discharge-Top Centrifuge-Basket 1,000 mm (39.4 in) Stainless Steel Austenitic For Sale - IPP# 208338","https://ims.internationalprocessplants.com/inventory/equipment/detail/208338","10","400 mm (15.7 in)","1,000 mm (39.4 in)","","Used","","","","","150 kg (330.7 lb)","Ellerwerk","Stainless Steel Austenitic","735-C","","","","1,000","Manual Discharge-Top","Centrifuge-Basket"
"213228","Stainless Steel 316 Heine Manual Discharge-Top Centrifuge-Basket - IPP# 213228","https://ims.internationalprocessplants.com/inventory/equipment/detail/213228","10","406.4 mm (16 in)","813 mm (32 in)","","Used","","","","","150 kg (330.7 lb)","Heine","Stainless Steel 316","","5.6 kW (7.5 HP)","","","1,000","Manual Discharge-Top","Centrifuge-Basket"
"217585","Luwa-Heine 342 Manual Discharge-Top Centrifuge-Basket - IPP# 217585","https://ims.internationalprocessplants.com/inventory/equipment/detail/217585","11","500 mm (19.7 in)","1,250 mm (49.2 in)","","Used","","","","","400 kg (882 lb)","Luwa-Heine","","342","30 kW (40.2 HP)","Yes","","800","Manual Discharge-Top","Centrifuge-Basket"
"217586","Stainless Steel 316L Luwa-Heine 342 Manual Discharge-Top Centrifuge-Basket - IPP# 217586","https://ims.internationalprocessplants.com/inventory/equipment/detail/217586","11","500 mm (19.7 in)","1,200 mm (47.2 in)","","Used","","","","","300 kg (661 lb)","Luwa-Heine","Stainless Steel 316L","342","30 kW (40.2 HP)","","","800","Manual Discharge-Top","Centrifuge-Basket"
"217587","Manual Discharge-Top Centrifuge-Basket 1,000 mm (39.4 in) Stainless Steel 316 For Sale - IPP# 217587","https://ims.internationalprocessplants.com/inventory/equipment/detail/217587","11","500 mm (19.7 in)","1,000 mm (39.4 in)","","Used","","","","","200 kg (440.9 lb)","Heine","Stainless Steel 316","","7.2 kW (9.7 HP)","Yes","","1,200","Manual Discharge-Top","Centrifuge-Basket"
"217590","Manual Discharge-Top Centrifuge-Basket 630 mm (24.8 in) Hastelloy - Other For Sale - IPP# 217590","https://ims.internationalprocessplants.com/inventory/equipment/detail/217590","13","315 mm (12.4 in)","630 mm (24.8 in)","","Used","","0.63 m&#xB2; (6.8 ft&#xB2;)","","","63 kg (138.9 lb)","GFT Trenntechnik","Hastelloy - Other","V63-U","7.5 kW (10.1 HP)","Yes","","1,500","Manual Discharge-Top","Centrifuge-Basket"
"217614","Rubberlined Krauss Maffei DZU-125/3.2 Manual Discharge-Top Centrifuge-Basket - IPP# 217614","https://ims.internationalprocessplants.com/inventory/equipment/detail/217614","14","800 mm (31.5 in)","1,250 mm (49.2 in)","","Used","Yes","3.2 m&#xB2; (34.4 ft&#xB2;)","","","500 kg (1,100 lb)","Krauss Maffei","Rubberlined","DZU-125/3.2","45 kW (60.3 HP)","Yes","","850","Manual Discharge-Top","Centrifuge-Basket"
"222622","Manual Discharge-Top Centrifuge-Basket 1,250 mm (49.2 in) Stainless Steel 316L For Sale - IPP# 222622","https://ims.internationalprocessplants.com/inventory/equipment/detail/222622","10","600 mm (23.6 in)","1,250 mm (49.2 in)","","Used","","","","","480 kg (1,050 lb)","Ferrum","Stainless Steel 316L","FIV55ELGR1","27 kW (36.2 HP)","","","","Manual Discharge-Top","Centrifuge-Basket"
"222623","Manual Discharge-Top Centrifuge-Basket 1,250 mm (49.2 in) Stainless Steel 316 For Sale - IPP# 222623","https://ims.internationalprocessplants.com/inventory/equipment/detail/222623","11","600 mm (23.6 in)","1,250 mm (49.2 in)","","Used","","","","","400 kg (882 lb)","Alfa Laval","Stainless Steel 316","PAZ-1250C","27 kW (36.2 HP)","","","950","Manual Discharge-Top","Centrifuge-Basket"
"224581","New Centrifuge-Basket Manual Discharge-Top 316 Stainless Steel SI-2 from GPS - IPP# 224581","https://ims.internationalprocessplants.com/inventory/equipment/detail/224581","15","1,500 mm (60 in)","1,200 mm (48 in)","Yes","New","Yes","2.3 m&#xB2; (24.8 ft&#xB2;)","541","","","Gale Process Solutions","Stainless Steel 316","SI-2","11 kW (14.8 HP)","","Yes","900","Manual Discharge-Top","Centrifuge-Basket"
"231007","Stainless Steel 316 Alfa Laval PAZ 1250 C Manual Discharge-Top Centrifuge-Basket - IPP# 231007","https://ims.internationalprocessplants.com/inventory/equipment/detail/231007","13","500 mm (19.7 in)","1,250 mm (49.2 in)","","Used","","1.96 m&#xB2; (21.1 ft&#xB2;)","","Yes","400 kg (882 lb)","Alfa Laval","Stainless Steel 316","PAZ 1250 C","22 kW (29.5 HP)","","","950","Manual Discharge-Top","Centrifuge-Basket"
"231008","Stainless Steel 316 Ellerwerk 736 C-T Manual Discharge-Top Centrifuge-Basket - IPP# 231008","https://ims.internationalprocessplants.com/inventory/equipment/detail/231008","12","630 mm (24.8 in)","1,250 mm (49.2 in)","","Used","","","","","400 kg (882 lb)","Ellerwerk","Stainless Steel 316","736 C-T","22 kW (29.5 HP)","Yes","","950","Manual Discharge-Top","Centrifuge-Basket"
"231009","Stainless Steel 316 Krauss Maffei VZO 125/3.2 Manual Discharge-Top Centrifuge-Basket - IPP# 231009","https://ims.internationalprocessplants.com/inventory/equipment/detail/231009","14","800 mm (31.5 in)","1,250 mm (49.2 in)","","Used","","3.2 m&#xB2; (34.4 ft&#xB2;)","","Yes","614 kg (1,350 lb)","Krauss Maffei","Stainless Steel 316","VZO 125/3.2","30 kW (40.2 HP)","Yes","","950","Manual Discharge-Top","Centrifuge-Basket"
"231133","Manual Discharge-Top Centrifuge-Basket 1,250 mm (49.2 in) Stainless Steel 316 For Sale - IPP# 231133","https://ims.internationalprocessplants.com/inventory/equipment/detail/231133","13","600 mm (23.6 in)","1,250 mm (49.2 in)","","Used","","2.4 m&#xB2; (25.3 ft&#xB2;)","630","","480 kg (1,050 lb)","Ferrum","Stainless Steel 316","POR-1250","","Yes","","950","Manual Discharge-Top","Centrifuge-Basket"
"231134","Manual Discharge-Top Centrifuge-Basket 1,250 mm (49.2 in) Stainless Steel 316 For Sale - IPP# 231134","https://ims.internationalprocessplants.com/inventory/equipment/detail/231134","14","630 mm (24.8 in)","1,250 mm (49.2 in)","","Used","","2.5 m&#xB2; (26.9 ft&#xB2;)","","Yes","500 kg (1,100 lb)","Krauss Maffei","Stainless Steel 316","VZO 125/2.5 S","30 kW (40.2 HP)","Yes","","950","Manual Discharge-Top","Centrifuge-Basket"
"231217","Alloy 926 Krauss Maffei VZO 125/3.2C Manual Discharge-Top Centrifuge-Basket - IPP# 231217","https://ims.internationalprocessplants.com/inventory/equipment/detail/231217","14","800 mm (31.5 in)","1,250 mm (49.2 in)","","Used","","3.2 m&#xB2; (34.4 ft&#xB2;)","","Yes","606 kg (1,350 lb)","Krauss Maffei","Alloy 926","VZO 125/3.2C","30 kW (40.2 HP)","Yes","","950","Manual Discharge-Top","Centrifuge-Basket"
"231218","Alloy 926 Krauss Maffei VZO 125/3.2C Manual Discharge-Top Centrifuge-Basket - IPP# 231218","https://ims.internationalprocessplants.com/inventory/equipment/detail/231218","13","800 mm (31.5 in)","1,250 mm (49.2 in)","","Used","","3.2 m&#xB2; (34.4 ft&#xB2;)","","Yes","606 kg (1,350 lb)","Krauss Maffei","Alloy 926","VZO 125/3.2C","30 kW (40.2 HP)","","","950","Manual Discharge-Top","Centrifuge-Basket"
"231219","Manual Discharge-Top Centrifuge-Basket 1,250 mm (49.2 in) Alloy 926 For Sale - IPP# 231219","https://ims.internationalprocessplants.com/inventory/equipment/detail/231219","14","800 mm (31.5 in)","1,250 mm (49.2 in)","","Used","","3.2 m&#xB2; (34.4 ft&#xB2;)","","Yes","606 kg (1,350 lb)","Krauss Maffei","Alloy 926","VZO 125/3.2C","30 kW (40.2 HP)","Yes","","950","Manual Discharge-Top","Centrifuge-Basket"
"30299","Manual Discharge-Top Centrifuge-Basket 1,250 mm (50 in) Stainless Steel 304 For Sale - IPP# 30299","https://ims.internationalprocessplants.com/inventory/equipment/detail/30299","9","457.2 mm (18 in)","1,250 mm (50 in)","","Used","","","","","","Deutsch-Sharples","Stainless Steel 304","","30 kW (40.2 HP)","","","900","Manual Discharge-Top","Centrifuge-Basket"
"38876","Unused Manual Discharge-Top Centrifuge-Basket 500 mm (19.7 in) Lined For Sale - IPP# 38876","https://ims.internationalprocessplants.com/inventory/equipment/detail/38876","11","250 mm (9.8 in)","500 mm (19.7 in)","","Unused","","","","","50 kg (110.2 lb)","Cepa","Lined","GZ500","4 kW (5.4 HP)","","","750","Manual Discharge-Top","Centrifuge-Basket"
"39701","Stainless Steel 316 Heine d-FU1000/400/470 Manual Discharge-Top Centrifuge-Basket - IPP# 39701","https://ims.internationalprocessplants.com/inventory/equipment/detail/39701","10","406.4 mm (16 in)","1,000 mm (40 in)","","Refurbished/Rebuilt","","","","","200 kg (440.9 lb)","Heine","Stainless Steel 316","d-FU1000/400/470","5.2 kW (7 HP)","","","","Manual Discharge-Top","Centrifuge-Basket"
"45429","Manual Discharge-Top Centrifuge-Basket 850 mm (33.5 in) Stainless Steel 316 For Sale - IPP# 45429","https://ims.internationalprocessplants.com/inventory/equipment/detail/45429","9","400 mm (15.7 in)","850 mm (33.5 in)","","Refurbished/Rebuilt","","","","","150 kg (330.7 lb)","Heine","Stainless Steel 316","","","","","1,300","Manual Discharge-Top","Centrifuge-Basket"
"46315","Stainless Steel 316 Ferrum Manual Discharge-Top Centrifuge-Basket - IPP# 46315","https://ims.internationalprocessplants.com/inventory/equipment/detail/46315","11","500 mm (19.7 in)","1,000 mm (39.4 in)","Yes","Refurbished/Rebuilt","","","","","120 kg (264.6 lb)","Ferrum","Stainless Steel 316","","7.5 kW (10.1 HP)","","Yes","","Manual Discharge-Top","Centrifuge-Basket"
"46414","Unused Manual Discharge-Top Centrifuge-Basket 850 mm (33.5 in) Stainless Steel 316 For Sale - IPP# 46414","https://ims.internationalprocessplants.com/inventory/equipment/detail/46414","11","400 mm (15.7 in)","850 mm (33.5 in)","","Unused","","","","","75 kg (165.3 lb)","Sangerhausen","Stainless Steel 316","FZPO850","4 kW (5.4 HP)","","","960","Manual Discharge-Top","Centrifuge-Basket"
"46415","Unused Manual Discharge-Top Centrifuge-Basket 850 mm (33.5 in) Stainless Steel 316 For Sale - IPP# 46415","https://ims.internationalprocessplants.com/inventory/equipment/detail/46415","11","400 mm (15.7 in)","850 mm (33.5 in)","","Unused","","","","","75 kg (165.3 lb)","Sangerhausen","Stainless Steel 316","FZPO-850-C","4 kW (5.4 HP)","","","960","Manual Discharge-Top","Centrifuge-Basket"
"702018","Stainless Steel 316 Rousselet Robatel Rapide120-SC120-2DEC Manual Discharge-Top Centrifuge-Basket - IPP# 702018","https://ims.internationalprocessplants.com/inventory/equipment/detail/702018","10","600 mm (23.6 in)","1,200 mm (47.2 in)","","Refurbished/Rebuilt","","","","","250 kg (551 lb)","Rousselet Robatel","Stainless Steel 316","Rapide120-SC120-2DEC","","Yes","","","Manual Discharge-Top","Centrifuge-Basket"
"702022","Manual Discharge-Top Centrifuge-Basket 1,200 mm (47.2 in) Stainless Steel 316 For Sale - IPP# 702022","https://ims.internationalprocessplants.com/inventory/equipment/detail/702022","14","500 mm (19.7 in)","1,200 mm (47.2 in)","Yes","Refurbished/Rebuilt","","1.88 m&#xB2; (20.2 ft&#xB2;)","377","","300 kg (661 lb)","Rousselet Robatel","Stainless Steel 316","OCS","8.2 kW (11 HP)","","","750","Manual Discharge-Top","Centrifuge-Basket"
"702023","Manual Discharge-Top Centrifuge-Basket 1,200 mm (47.2 in) Stainless Steel 316 For Sale - IPP# 702023","https://ims.internationalprocessplants.com/inventory/equipment/detail/702023","12","500 mm (19.7 in)","1,200 mm (47.2 in)","Yes","Used","","","","","250 kg (551 lb)","Rousselet Robatel","Stainless Steel 316","UCS","11.2 kW (15 HP)","","","750","Manual Discharge-Top","Centrifuge-Basket"
"702191","Stainless Steel 316 Broadbent Broadbent 36 Manual Discharge-Top Centrifuge-Basket - IPP# 702191","https://ims.internationalprocessplants.com/inventory/equipment/detail/702191","12","400 mm (15.7 in)","1,200 mm (47.2 in)","","Used","Yes","","","","250 kg (551 lb)","Broadbent","Stainless Steel 316","Broadbent 36","7.5 kW (10 HP)","","","450","Manual Discharge-Top","Centrifuge-Basket"
"704885","Manual Discharge-Top Centrifuge-Basket 850 mm (33.5 in) Stainless Steel 316 For Sale - IPP# 704885","https://ims.internationalprocessplants.com/inventory/equipment/detail/704885","11","400 mm (15.7 in)","850 mm (33.5 in)","","Used","","","","","75 kg (165.3 lb)","Sangerhausen","Stainless Steel 316","FZPO-850-C","4 kW (5.4 HP)","","","960","Manual Discharge-Top","Centrifuge-Basket"
"705476","Manual Discharge-Top Centrifuge-Basket 800 mm (31.5 in) Hastelloy - C4 For Sale - IPP# 705476","https://ims.internationalprocessplants.com/inventory/equipment/detail/705476","11","500 mm (19.7 in)","800 mm (31.5 in)","","Used","","","","","160 kg (352.7 lb)","Heine","Hastelloy - C4","338","15 kW (20.1 HP)","","","1,500","Manual Discharge-Top","Centrifuge-Basket"
"705477","Manual Discharge-Top Centrifuge-Basket 1,200 mm (47.2 in) Stainless Steel Austenitic For Sale - IPP# 705477","https://ims.internationalprocessplants.com/inventory/equipment/detail/705477","11","500 mm (19.7 in)","1,200 mm (47.2 in)","","Used","","","","","300 kg (661 lb)","Heine","Stainless Steel Austenitic","FV","18.5 kW (24.8 HP)","","","900","Manual Discharge-Top","Centrifuge-Basket"
"706275","Stainless Steel 316 Ferrum J8P-S Manual Discharge-Top Centrifuge-Basket - IPP# 706275","https://ims.internationalprocessplants.com/inventory/equipment/detail/706275","14","360 mm (14.2 in)","800 mm (31.5 in)","Yes","Refurbished/Rebuilt","","0.9 m&#xB2; (9.7 ft&#xB2;)","","","140 kg (308.6 lb)","Ferrum","Stainless Steel 316","J8P-S","2.2 kW (3 HP)","","Yes","960","Manual Discharge-Top","Centrifuge-Basket"
"70846","Manual Discharge-Top Centrifuge-Basket 1,200 mm (48 in) Hastelloy - B For Sale - IPP# 70846","https://ims.internationalprocessplants.com/inventory/equipment/detail/70846","7","457.2 mm (18 in)","1,200 mm (48 in)","","Refurbished/Rebuilt","","","","","","","Hastelloy - B","","","Yes","","","Manual Discharge-Top","Centrifuge-Basket"
"74617","Hastelloy - C276 Tolhurst H-1211 Manual Discharge-Top Centrifuge-Basket - IPP# 74617","https://ims.internationalprocessplants.com/inventory/equipment/detail/74617","10","508 mm (20 in)","1,200 mm (48 in)","","Refurbished/Rebuilt","","","","","","Tolhurst","Hastelloy - C276","H-1211","14.9 kW (20 HP)","Yes","","","Manual Discharge-Top","Centrifuge-Basket"
"74697","Manual Discharge-Top Centrifuge-Basket 762 mm (30 in) Monel For Sale - IPP# 74697","https://ims.internationalprocessplants.com/inventory/equipment/detail/74697","10","457.2 mm (18 in)","762 mm (30 in)","Yes","Used","","","","","","Tolhurst","Monel","","2.2 kW (3 HP)","","","950","Manual Discharge-Top","Centrifuge-Basket"
"81823","Manual Discharge-Top Centrifuge-Basket 1,200 mm (48 in) Rubberlined For Sale - IPP# 81823","https://ims.internationalprocessplants.com/inventory/equipment/detail/81823","10","508 mm (20 in)","1,200 mm (48 in)","","Refurbished/Rebuilt","","","","","259.5 kg (572 lb)","Krauss Maffei","Rubberlined","","4.8 kW (6.5 HP)","","","850","Manual Discharge-Top","Centrifuge-Basket"
"81825","Manual Discharge-Top Centrifuge-Basket 1,200 mm (48 in) Rubberlined For Sale - IPP# 81825","https://ims.internationalprocessplants.com/inventory/equipment/detail/81825","11","508 mm (20 in)","1,200 mm (48 in)","Yes","Refurbished/Rebuilt","","","","","259.5 kg (572 lb)","Krauss Maffei","Rubberlined","","4.8 kW (6.5 HP)","","","850","Manual Discharge-Top","Centrifuge-Basket"
"85004","Manual Discharge-Top Centrifuge-Basket 1,000 mm (40 in) Lined For Sale - IPP# 85004","https://ims.internationalprocessplants.com/inventory/equipment/detail/85004","13","508 mm (20 in)","1,000 mm (40 in)","","Used","Yes","","","","250 kg (551 lb)","Alfa Laval","Lined","PAZ1000CX500","24 kW (32.2 HP)","Yes","","1,250","Manual Discharge-Top","Centrifuge-Basket"
"87370","Tolhurst Manual Discharge-Top Centrifuge-Basket - IPP# 87370","https://ims.internationalprocessplants.com/inventory/equipment/detail/87370","9","457.2 mm (18 in)","1,000 mm (40 in)","","Refurbished/Rebuilt","","","","","57.2 kg (126 lb)","Tolhurst","","","3.7 kW (5 HP)","","","850","Manual Discharge-Top","Centrifuge-Basket"
"89470","Manual Discharge-Top Centrifuge-Basket 1,000 mm (39.4 in) Stainless Steel Austenitic For Sale - IPP# 89470","https://ims.internationalprocessplants.com/inventory/equipment/detail/89470","13","400 mm (15.7 in)","1,000 mm (39.4 in)","","Used","","","363","Yes","470 kg (1,050 lb)","Ferrum","Stainless Steel Austenitic","Type FU1000/400/470","6.8 kW (9.1 HP)","","","800","Manual Discharge-Top","Centrifuge-Basket"
"94493","Manual Discharge-Top Centrifuge-Basket 700 mm (27.6 in) Stainless Steel 316 For Sale - IPP# 94493","https://ims.internationalprocessplants.com/inventory/equipment/detail/94493","11","350 mm (13.8 in)","700 mm (27.6 in)","Yes","Used","","","","","75 kg (165.3 lb)","Heine","Stainless Steel 316","","4 kW (5.4 HP)","","","1,500","Manual Discharge-Top","Centrifuge-Basket"
"94507","Manual Discharge-Top Centrifuge-Basket 800 mm (31.5 in) Stainless Steel 316 For Sale - IPP# 94507","https://ims.internationalprocessplants.com/inventory/equipment/detail/94507","12","400 mm (15.7 in)","800 mm (31.5 in)","","Used","","","","Yes","125 kg (275.6 lb)","Ferrum","Stainless Steel 316","POR800HP","7.5 kW (10.1 HP)","","","1,000","Manual Discharge-Top","Centrifuge-Basket"
"95981","Manual Discharge-Top Centrifuge-Basket 800 mm (31.5 in) Stainless Steel Austenitic For Sale - IPP# 95981","https://ims.internationalprocessplants.com/inventory/equipment/detail/95981","12","400 mm (15.7 in)","800 mm (31.5 in)","","Used","","","","Yes","100 kg (220.5 lb)","Ellerwerk","Stainless Steel Austenitic","734 C","11 kW (14.8 HP)","","","2,300","Manual Discharge-Top","Centrifuge-Basket"
"95984","Manual Discharge-Top Centrifuge-Basket 1,250 mm (49.2 in) Stainless Steel Austenitic For Sale - IPP# 95984","https://ims.internationalprocessplants.com/inventory/equipment/detail/95984","11","500 mm (19.7 in)","1,250 mm (49.2 in)","","Used","","","","Yes","400 kg (882 lb)","Alfa Laval","Stainless Steel Austenitic","PCL1250","","","","950","Manual Discharge-Top","Centrifuge-Basket"
"95985","Manual Discharge-Top Centrifuge-Basket 1,250 mm (49.2 in) Stainless Steel Other For Sale - IPP# 95985","https://ims.internationalprocessplants.com/inventory/equipment/detail/95985","11","500 mm (19.7 in)","1,250 mm (49.2 in)","","Used","","","","Yes","400 kg (882 lb)","Alfa Laval","Stainless Steel Other","PCL-1250","","","","950","Manual Discharge-Top","Centrifuge-Basket"
"96942","Manual Discharge-Top Centrifuge-Basket 630 mm (24.8 in) Rubberlined For Sale - IPP# 96942","https://ims.internationalprocessplants.com/inventory/equipment/detail/96942","12","400 mm (15.7 in)","630 mm (24.8 in)","","Used","","","","Yes","30 kg (66.1 lb)","Heine","Rubberlined","336","5.6 kW (7.5 HP)","","","1,500","Manual Discharge-Top","Centrifuge-Basket"
"96944","Manual Discharge-Top Centrifuge-Basket 1,250 mm (49.2 in) Rubberlined For Sale - IPP# 96944","https://ims.internationalprocessplants.com/inventory/equipment/detail/96944","13","500 mm (19.7 in)","1,250 mm (49.2 in)","","Used","","1.96 m&#xB2; (21.1 ft&#xB2;)","","Yes","400 kg (882 lb)","Heine","Rubberlined","342","18.5 kW (24.8 HP)","","","950","Manual Discharge-Top","Centrifuge-Basket"
"96945","Manual Discharge-Top Centrifuge-Basket 1,250 mm (49.2 in) Rubberlined For Sale - IPP# 96945","https://ims.internationalprocessplants.com/inventory/equipment/detail/96945","12","500 mm (19.7 in)","1,250 mm (49.2 in)","","Used","","","","Yes","400 kg (882 lb)","Heine","Rubberlined","342","15 kW (20.1 HP)","","","800","Manual Discharge-Top","Centrifuge-Basket"
"96946","Manual Discharge-Top Centrifuge-Basket 1,250 mm (49.2 in) Stainless Steel Austenitic For Sale - IPP# 96946","https://ims.internationalprocessplants.com/inventory/equipment/detail/96946","10","500 mm (19.7 in)","1,250 mm (49.2 in)","","Used","","","","","400 kg (882 lb)","Heine","Stainless Steel Austenitic","","18.5 kW (24.8 HP)","","","800","Manual Discharge-Top","Centrifuge-Basket"
"96947","Manual Discharge-Top Centrifuge-Basket 1,200 mm (47.2 in) Stainless Steel Austenitic For Sale - IPP# 96947","https://ims.internationalprocessplants.com/inventory/equipment/detail/96947","12","500 mm (19.7 in)","1,200 mm (47.2 in)","","Refurbished/Rebuilt","Yes","","","Yes","300 kg (661 lb)","Heine","Stainless Steel Austenitic","","","Yes","","800","Manual Discharge-Top","Centrifuge-Basket"
"96948","Manual Discharge-Top Centrifuge-Basket 1,000 mm (40 in) Stainless Steel Austenitic For Sale - IPP# 96948","https://ims.internationalprocessplants.com/inventory/equipment/detail/96948","12","508 mm (20 in)","1,000 mm (40 in)","","Used","","1.57 m&#xB2; (16.9 ft&#xB2;)","","Yes","250 kg (551 lb)","Heine","Stainless Steel Austenitic","340","","","","1,000","Manual Discharge-Top","Centrifuge-Basket"
"99503","Manual Discharge-Top Centrifuge-Basket 1,000 mm (39.4 in) Stainless Steel Austenitic For Sale - IPP# 99503","https://ims.internationalprocessplants.com/inventory/equipment/detail/99503","10","630 mm (24.8 in)","1,000 mm (39.4 in)","","Used","","","","Yes","300 kg (661 lb)","Heine","Stainless Steel Austenitic","","","","","1,200","Manual Discharge-Top","Centrifuge-Basket"
"99504","Manual Discharge-Top Centrifuge-Basket 500 mm (19.7 in) Stainless Steel Austenitic For Sale - IPP# 99504","https://ims.internationalprocessplants.com/inventory/equipment/detail/99504","10","400 mm (15.7 in)","500 mm (19.7 in)","","Used","","","","Yes","","Ellerwerk","Stainless Steel Austenitic","733C","7.5 kW (10.1 HP)","","","","Manual Discharge-Top","Centrifuge-Basket"
"99506","Manual Discharge-Top Centrifuge-Basket 1,000 mm (40 in) Stainless Steel 316 For Sale - IPP# 99506","https://ims.internationalprocessplants.com/inventory/equipment/detail/99506","10","406.4 mm (16 in)","1,000 mm (40 in)","","Refurbished/Rebuilt","","","","Yes","200 kg (440.9 lb)","Heine","Stainless Steel 316","","","","","1,000","Manual Discharge-Top","Centrifuge-Basket"
