ims_order,stock_number,title,featured,image,url,Air Flow Rate,Capacity,Condition,Heating Type,Lab,Manufacturer,Material,Model,Number of Shelves,Number of Trays,Operational Mode,Orientation,Pressure,Shelves MOC,Temperature,Type,Vacuum Rated
1,233218,Dryer Oven Lewco NS-HSC1T - IPP# 233218,1,https://ims.internationalprocessplants.com/productimage/MjMzLzIzMzIxOC5KUEc/1,https://ims.internationalprocessplants.com/inventory/equipment/detail/oven-dryer/233218,169.9 m3/h (100 CFM),2.7 m3 (96 ft3),Used,Steam,,Lewco,Carbon Steel,NS-HSC1T,,,Batch,Vertical,5.2 bar (75 psi),,148.9 °C (300 °F),Dryer-Oven,
2,245821,Dryer-Oven Amarc srl CCE10S-O41P Stainless Steel 304 - IPP# 245821,1,https://ims.internationalprocessplants.com/productimage/MjQ1LzI0NTgyMV8xLmpwZw/1,https://ims.internationalprocessplants.com/inventory/equipment/detail/oven-dryer/245821,,3 m3 (105.9 ft3),Used,Electric,,Amarc srl,Stainless Steel 304,CCE10S-O41P,,,Batch,Vertical,,,100 °C (212 °F),Dryer-Oven,
3,245820,IPP# 245820 - Dryer-Oven 3 m3 (105.9 ft3) Stainless Steel 304 For Sale,0,https://ims.internationalprocessplants.com/productimage/MjQ1LzI0NTgyMF8xLmpwZw/1,https://ims.internationalprocessplants.com/inventory/equipment/detail/oven-dryer/245820,,3 m3 (105.9 ft3),Used,Electric,,Amarc srl,Stainless Steel 304,CCE10S-O41P,,,Batch,Vertical,,,100 °C (212 °F),Dryer-Oven,
4,705426,IPP# 705426 - Dryer-Oven 0.06 m3 (2 ft3) Stainless Steel 316 For Sale,0,https://ims.internationalprocessplants.com/productimage/NzA1LzcwNTQyNi5qcGc/1,https://ims.internationalprocessplants.com/inventory/equipment/detail/oven-dryer/705426,,0.06 m3 (2 ft3),Used,Electric,,Barlow Whitney,Stainless Steel 316,E250-VACO-H-2442,5,2,,,,,250 °C (482 °F),Dryer-Oven,Yes
5,242857,Drum warming oven - IPP# 242857,0,https://ims.internationalprocessplants.com/productimage/MjQyLzI0Mjg1N18xLmpwZw/1,https://ims.internationalprocessplants.com/inventory/equipment/detail/oven-dryer/242857,,5.5 m3 (194.2 ft3),Used,Steam,,Hedinair ovens Ltd,Carbon Steel,,,,,Horizontal,,,,Dryer-Oven,
6,242856,Drum Warming Oven - IPP# 242856,0,https://ims.internationalprocessplants.com/productimage/MjQyLzI0Mjg1Nl8xLmpwZw/1,https://ims.internationalprocessplants.com/inventory/equipment/detail/oven-dryer/242856,,5.5 m3 (194.2 ft3),Used,Steam,,Hedinair ovens Ltd,Carbon Steel,,,,,Horizontal,,,,Dryer-Oven,
7,705427,IPP# 705427 - Dryer-Oven 0.06 m3 (2 ft3) Carbon Steel For Sale,0,https://ims.internationalprocessplants.com/productimage/NzA1LzcwNTQyNy5qcGc/1,https://ims.internationalprocessplants.com/inventory/equipment/detail/oven-dryer/705427,,0.06 m3 (2 ft3),Used,Electric,,Barlow Whitney,Carbon Steel,E250-VACO-H-2442,5,2,,Vertical,,,250 °C (482 °F),Dryer-Oven,Yes
8,705371,IPP# 705371 - Dryer-Oven 0.04 m3 (1.3 ft3) For Sale,0,https://ims.internationalprocessplants.com/productimage/NzA1LzcwNTM3MS5qcGc/1,https://ims.internationalprocessplants.com/inventory/equipment/detail/oven-dryer/705371,,0.04 m3 (1.3 ft3),Used,Electric,Yes,Normandie-Labo,,U-40,1,,,,,,200 °C (392 °F),Dryer-Oven,
9,74452,IPP# 74452 - Dryer-Oven 0.36 m3 (12.6 ft3) Stainless Steel 304 For Sale,0,https://ims.internationalprocessplants.com/productimage/NzQvNzQ0NTIuanBn/1,https://ims.internationalprocessplants.com/inventory/equipment/detail/oven-dryer/74452,,0.36 m3 (12.6 ft3),Used,Electric,Yes,Better Built Mach,Stainless Steel 304,8000,,,Batch,Vertical,,,204.4 °C (400 °F),Dryer-Oven,
10,212176,Carbon Steel Caltherm Dryer-Oven - IPP# 212176,0,https://ims.internationalprocessplants.com/productimage/MjEyLzIxMjE3Ni5qcGc/1,https://ims.internationalprocessplants.com/inventory/equipment/detail/oven-dryer/212176,,4.1 m3 (144 ft3),Used,Electric,,Caltherm,Carbon Steel,,4,,Batch,,,Carbon Steel,-16.7 °C (2 °F),Dryer-Oven,
11,800397,Stainless Steel 316 Lytzen HI Dryer-Oven - IPP# 800397,0,https://ims.internationalprocessplants.com/productimage/ODAwLzgwMDM5Ny5qcGc/1,https://ims.internationalprocessplants.com/inventory/equipment/detail/oven-dryer/800397,330 m3/h (194.2 CFM),1.7 m3 (60 ft3),Used,Steam,,Lytzen,Stainless Steel 316,HI,,,Batch,Vertical,2 bar (29.4 psi),,100 °C (212 °F),Dryer-Oven,
