ims_order,stock_number,title,featured,image,url,Basket Depth,Basket Diameter,Condition,Controls,Filtration Area,G Force,Gas Tight,Load Weight,Manufacturer,Material,Model,Motor Power,Number of Basket Stages,Speed-RPM Maximum,Type,Washing
1,232745,IPP# 232745 - Centrifuge-Pusher 500 mm (19.7 in) Stainless Steel 316 For Sale,0,https://ims.internationalprocessplants.com/productimage/MjMyLzIzMjc0NS5qcGc/1,https://ims.internationalprocessplants.com/inventory/equipment/detail/pusher-centrifuge/232745,,500 mm (19.7 in),Used,,,860,,,Escher Wyss,Stainless Steel 316,P500/2,30 kW (40.2 HP),2,"2,200",Centrifuge-Pusher,Yes
2,704397,Stainless Steel 316 Krauss Maffei SV70 Centrifuge-Pusher - IPP# 704397,0,https://ims.internationalprocessplants.com/productimage/NzA0LzcwNDM5Ny5qcGc/1,https://ims.internationalprocessplants.com/inventory/equipment/detail/pusher-centrifuge/704397,,700 mm (27.6 in),Refurbished/Rebuilt,,,,,70 kg (154.3 lb),Krauss Maffei,Stainless Steel 316,SV70,18.5 kW (24.8 HP),1,"1,450",Centrifuge-Pusher,
3,87347,IPP# 87347 - Centrifuge-Pusher 686 mm (27 in) Stainless Steel 316 For Sale,0,https://ims.internationalprocessplants.com/productimage/ODcvODczNDcuanBn/1,https://ims.internationalprocessplants.com/inventory/equipment/detail/pusher-centrifuge/87347,686 mm (27 in),686 mm (27 in),Used,,,,,70 kg (154.3 lb),Krauss Maffei,Stainless Steel 316,,22.4 kW (30 HP),1,"1,000",Centrifuge-Pusher,
4,240173,Stainless Steel 304 Krauss Maffei SB 1000/2 Centrifuge-Pusher - IPP# 240173,0,https://ims.internationalprocessplants.com/productimage/MjQwLzI0MDE3My5qcGc/1,https://ims.internationalprocessplants.com/inventory/equipment/detail/pusher-centrifuge/240173,315 mm (12.4 in),"1,050 mm (40.6 in)",Used,,2.1 m² (23 ft²),,Yes,,Krauss Maffei,Stainless Steel 304,SB 1000/2,93.2 kW (125 HP),,"1,800",Centrifuge-Pusher,Yes
5,79089,Stainless Steel Other Bird P5/2 Centrifuge-Pusher - IPP# 79089,0,https://ims.internationalprocessplants.com/productimage/NzkvNzkwODkuanBn/1,https://ims.internationalprocessplants.com/inventory/equipment/detail/pusher-centrifuge/79089,,800 mm (31.5 in),Used,,,,,,Bird,Stainless Steel Other,P5/2,44.7 kW (60 HP),2,"1,550",Centrifuge-Pusher,
6,232767,Stainless Steel 317 Andritz SZ400/2 Centrifuge-Pusher - IPP# 232767,0,https://ims.internationalprocessplants.com/productimage/MjMyLzIzMjc2Ny5qcGc/1,https://ims.internationalprocessplants.com/inventory/equipment/detail/pusher-centrifuge/232767,344 mm (13.5 in),400 mm (15.7 in),Refurbished/Rebuilt,,,570,,20.5 kg (45.2 lb),Andritz,Stainless Steel 317,SZ400/2,15 kW (20.1 HP),2,"1,600",Centrifuge-Pusher,Yes
7,232766,Stainless Steel 317 Andritz SZ400/2 Centrifuge-Pusher - IPP# 232766,0,https://ims.internationalprocessplants.com/productimage/MjMyLzIzMjc2Ni5qcGc/1,https://ims.internationalprocessplants.com/inventory/equipment/detail/pusher-centrifuge/232766,356 mm (14 in),400 mm (15.7 in),Refurbished/Rebuilt,Yes,,570,,17 kg (37.5 lb),Andritz,Stainless Steel 317,SZ400/2,11 kW (14.8 HP),2,"1,600",Centrifuge-Pusher,Yes
8,71232,IPP# 71232 - Centrifuge-Pusher 800 mm (31.5 in) Stainless Steel 316 For Sale,0,https://ims.internationalprocessplants.com/productimage/NzEvNzEyMzIuanBn/1,https://ims.internationalprocessplants.com/inventory/equipment/detail/pusher-centrifuge/71232,,800 mm (31.5 in),Used,,,,,100 kg (220.5 lb),Krauss Maffei,Stainless Steel 316,SZ80,24 kW (32.2 HP),1,"1,100",Centrifuge-Pusher,
9,232744,IPP# 232744 - Centrifuge-Pusher 500 mm (19.7 in) Stainless Steel 316 For Sale,0,https://ims.internationalprocessplants.com/productimage/MjMyLzIzMjc0NC5qcGc/1,https://ims.internationalprocessplants.com/inventory/equipment/detail/pusher-centrifuge/232744,,500 mm (19.7 in),Used,,,860,,,Escher Wyss,Stainless Steel 316,P500/2,30 kW (40.2 HP),2,"2,200",Centrifuge-Pusher,Yes
10,39548,Hastelloy - Other Escher Wyss P-3 Centrifuge-Pusher - IPP# 39548,0,https://ims.internationalprocessplants.com/productimage/MzkvMzk1NDguanBn/1,https://ims.internationalprocessplants.com/inventory/equipment/detail/pusher-centrifuge/39548,,400 mm (15.7 in),Refurbished/Rebuilt,,,,,,Escher Wyss,Hastelloy - Other,P-3,18.6 kW (25 HP),2,,Centrifuge-Pusher,
11,207273,IPP# 207273 - Centrifuge-Pusher 281 mm (11.1 in) Stainless Steel Other For Sale,0,https://ims.internationalprocessplants.com/productimage/MjA3LzIwNzI3My5qcGc/1,https://ims.internationalprocessplants.com/inventory/equipment/detail/pusher-centrifuge/207273,223 mm (8.8 in),281 mm (11.1 in),Used,,,,,4.5 kg (9.9 lb),Krauss Maffei,Stainless Steel Other,SZ 21/22,4 kW (5.4 HP),2,"2,100",Centrifuge-Pusher,
12,219589,"IPP# 219589 - Centrifuge-Pusher 1,000 mm (39.4 in) Stainless Steel Austenitic For Sale",0,https://ims.internationalprocessplants.com/productimage/MjE5LzIxOTU4OS5qcGc/1,https://ims.internationalprocessplants.com/inventory/equipment/detail/pusher-centrifuge/219589,670 mm (26.4 in),"1,000 mm (39.4 in)",Used,Yes,1.7 m² (18.3 ft²),,,156 kg (343.9 lb),Siebtechnik 'Konturbex,Stainless Steel Austenitic,H1000-K- 10/224-29,90 kW (120.7 HP),,"1,500",Centrifuge-Pusher,Yes
13,219594,"IPP# 219594 - Centrifuge-Pusher 1,000 mm (39.4 in) Stainless Steel Austenitic For Sale",0,https://ims.internationalprocessplants.com/productimage/MjE5LzIxOTU5NC5qcGc/1,https://ims.internationalprocessplants.com/inventory/equipment/detail/pusher-centrifuge/219594,670 mm (26.4 in),"1,000 mm (39.4 in)",Used,Yes,1.7 m² (18.3 ft²),,,156 kg (343.9 lb),Siebtechnik 'Konturbex,Stainless Steel Austenitic,H1000-K- 10/224-29,90 kW (120.7 HP),,"1,500",Centrifuge-Pusher,Yes
14,246884,Stainless Steel 316 Baker Perkins Ter Meer Centrifuge-Pusher - IPP# 246884,0,https://ims.internationalprocessplants.com/productimage/MjQ2LzI0Njg4NF8xLmpwZw/1,https://ims.internationalprocessplants.com/inventory/equipment/detail/pusher-centrifuge/246884,279.4 mm (11 in),304.8 mm (12 in),Used,Yes,0.25 m² (2.7 ft²),,,,Baker Perkins,Stainless Steel 316,Ter Meer,,1,"2,500",Centrifuge-Pusher,Yes
15,39547,IPP# 39547 - Centrifuge-Pusher 400 mm (15.7 in) Hastelloy - Other For Sale,0,https://ims.internationalprocessplants.com/productimage/MzkvMzk1NDcuanBn/1,https://ims.internationalprocessplants.com/inventory/equipment/detail/pusher-centrifuge/39547,,400 mm (15.7 in),Refurbished/Rebuilt,,,,,,Escher Wyss,Hastelloy - Other,Type P-3,22 kW (29.5 HP),2,,Centrifuge-Pusher,
16,240171,Stainless Steel 304 Krauss Maffei SB 1000/2 Centrifuge-Pusher - IPP# 240171,0,https://ims.internationalprocessplants.com/productimage/MjQwLzI0MDE3MS5qcGc/1,https://ims.internationalprocessplants.com/inventory/equipment/detail/pusher-centrifuge/240171,315 mm (12.4 in),"1,050 mm (40.6 in)",Used,,2.1 m² (23 ft²),,Yes,,Krauss Maffei,Stainless Steel 304,SB 1000/2,93.2 kW (125 HP),2,"1,800",Centrifuge-Pusher,Yes
17,240172,Stainless Steel 304 Krauss Maffei SB 1000/2 Centrifuge-Pusher - IPP# 240172,0,https://ims.internationalprocessplants.com/productimage/MjQwLzI0MDE3Mi5qcGc/1,https://ims.internationalprocessplants.com/inventory/equipment/detail/pusher-centrifuge/240172,315 mm (12.4 in),"1,050 mm (40.6 in)",Used,,2.1 m² (23 ft²),,Yes,,Krauss Maffei,Stainless Steel 304,SB 1000/2,93.2 kW (125 HP),2,"1,800",Centrifuge-Pusher,Yes
18,240170,Stainless Steel 304 Krauss Maffei SB 1000/2 Centrifuge-Pusher - IPP# 240170,0,https://ims.internationalprocessplants.com/productimage/MjQwLzI0MDE3MC5qcGc/1,https://ims.internationalprocessplants.com/inventory/equipment/detail/pusher-centrifuge/240170,315 mm (12.4 in),"1,050 mm (40.6 in)",Used,,2.1 m² (23 ft²),,Yes,,Krauss Maffei,Stainless Steel 304,SB 1000/2,93.2 kW (125 HP),2,"1,800",Centrifuge-Pusher,Yes
19,208505,IPP# 208505 - Centrifuge-Pusher 787 mm (31 in) Stainless Steel 316 For Sale,0,https://ims.internationalprocessplants.com/productimage/MjA4LzIwODUwNS5qcGc/1,https://ims.internationalprocessplants.com/inventory/equipment/detail/pusher-centrifuge/208505,,787 mm (31 in),Used,,,,,,Escher Wyss,Stainless Steel 316,P-5,44.7 kW (60 HP),Multi,,Centrifuge-Pusher,
20,240174,Stainless Steel 304 Krauss Maffei SB 1000/2 Centrifuge-Pusher - IPP# 240174,0,https://ims.internationalprocessplants.com/productimage/MjQwLzI0MDE3NC5qcGc/1,https://ims.internationalprocessplants.com/inventory/equipment/detail/pusher-centrifuge/240174,315 mm (12.4 in),"1,050 mm (40.6 in)",Used,,2.1 m² (23 ft²),,Yes,,Krauss Maffei,Stainless Steel 304,SB 1000/2,93.2 kW (125 HP),2,"1,800",Centrifuge-Pusher,Yes
21,240175,Stainless Steel 304 Krauss Maffei SB 1000/2 Centrifuge-Pusher - IPP# 240175,0,https://ims.internationalprocessplants.com/productimage/MjQwLzI0MDE3NS5qcGc/1,https://ims.internationalprocessplants.com/inventory/equipment/detail/pusher-centrifuge/240175,315 mm (12.4 in),"1,050 mm (40.6 in)",Used,,2.1 m² (23 ft²),,Yes,,Krauss Maffei,Stainless Steel 304,SB 1000/2,93.2 kW (125 HP),2,"1,800",Centrifuge-Pusher,Yes
22,71231,IPP# 71231 - Centrifuge-Pusher 800 mm (31.5 in) Stainless Steel 316 For Sale,0,https://ims.internationalprocessplants.com/productimage/NzEvNzEyMzEuanBn/1,https://ims.internationalprocessplants.com/inventory/equipment/detail/pusher-centrifuge/71231,,800 mm (31.5 in),Used,,,,,100 kg (220.5 lb),Krauss Maffei,Stainless Steel 316,SZ800,20 kW (26.8 HP),,"1,100",Centrifuge-Pusher,
23,37168,Stainless Steel Austenitic Alfa Laval SB800/2 Centrifuge-Pusher - IPP# 37168,0,https://ims.internationalprocessplants.com/productimage/MzcvMzcxNjguanBn/1,https://ims.internationalprocessplants.com/inventory/equipment/detail/pusher-centrifuge/37168,,800 mm (31.5 in),Used,,1.65 m² (17.8 ft²),,,94 kg (207.2 lb),Alfa Laval,Stainless Steel Austenitic,SB800/2,,2,"1,200",Centrifuge-Pusher,
24,704398,Stainless Steel 316 Escher Wyss P-5 Centrifuge-Pusher - IPP# 704398,0,https://ims.internationalprocessplants.com/productimage/NzA0LzcwNDM5OC5qcGc/1,https://ims.internationalprocessplants.com/inventory/equipment/detail/pusher-centrifuge/704398,,800 mm (31.5 in),Refurbished/Rebuilt,,,,,,Escher Wyss,Stainless Steel 316,P-5,55 kW (73.8 HP),2,,Centrifuge-Pusher,
25,704399,"IPP# 704399 - Centrifuge-Pusher 1,050 mm (41.9 in) Stainless Steel 316 For Sale",0,https://ims.internationalprocessplants.com/productimage/NzA0LzcwNDM5OS5qcGc/1,https://ims.internationalprocessplants.com/inventory/equipment/detail/pusher-centrifuge/704399,,"1,050 mm (41.9 in)",Used,,,,,,Escher Wyss,Stainless Steel 316,,17.9 kW (24 HP),1,,Centrifuge-Pusher,
26,39441,Stainless Steel Other Escher Wyss S-700 Centrifuge-Pusher - IPP# 39441,0,https://ims.internationalprocessplants.com/productimage/MzkvMzk0NDEuanBn/1,https://ims.internationalprocessplants.com/inventory/equipment/detail/pusher-centrifuge/39441,,700 mm (27.6 in),Refurbished/Rebuilt,,,,,,Escher Wyss,Stainless Steel Other,S-700,11.9 kW (16 HP),2,,Centrifuge-Pusher,
