ims_order,stock_number,title,featured,image,url,Chamber Height,Chamber Length,Chamber Width,Condition,Heat Transfer Surface Area,Manufacturer,Material,Model,Number of Pans,Number of Shelves,Orientation,Pan Capacity,Shelf Length,Shelf Pressure,Shelf Temperature,Shelf Width,Temperature,Type,Vacuum Rated
1,245506,Dryer-Shelf United McGill 9E-10 SP Stainless Steel 316 - IPP# 245506,1,https://ims.internationalprocessplants.com/productimage/MjQ1LzI0NTUwNl8yLmpwZw/1,https://ims.internationalprocessplants.com/inventory/equipment/detail/shelf-dryer/245506,"2,050 mm (80 in)","1,000 mm (40 in)","1,100 mm (44 in)",Used,11.3 m² (122 ft²),United McGill,Stainless Steel 316,9E-10 SP,10,10,Horizontal,0.65 m3 (22.8 ft3),,3.4 bar (50 psi),176.7 °C (350 °F),,176.7 °C (350 °F),Dryer-Shelf,Yes
2,111539,Stainless Steel 304 Gruenberg C18H360 Dryer-Shelf - IPP# 111539,0,https://ims.internationalprocessplants.com/productimage/MTExLzExMTUzOS5qcGc/1,https://ims.internationalprocessplants.com/inventory/equipment/detail/shelf-dryer/111539,"2,050 mm (80 in)","1,150 mm (45 in)","1,400 mm (55 in)",Used,11.6 m² (125 ft²),Gruenberg,Stainless Steel 304,C18H360,22,15,,0.45 m3 (16.1 ft3),,,,,,Dryer-Shelf,
3,213057,Lined Dryer-Shelf - IPP# 213057,0,https://ims.internationalprocessplants.com/productimage/MjEzLzIxMzA1Ny5KUEc/1,https://ims.internationalprocessplants.com/inventory/equipment/detail/shelf-dryer/213057,,,,Used,47.3 m² (509 ft²),Devine,Lined,,,16,,,"2,000 mm (79 in)",2.1 bar (30 psi),,"1,450 mm (58 in)",100 °C (212 °F),Dryer-Shelf,Yes
4,207114,Stainless Steel 316 Hering Dryer-Shelf - IPP# 207114,0,https://ims.internationalprocessplants.com/productimage/MjA3LzIwNzExNC5KUEc/1,https://ims.internationalprocessplants.com/inventory/equipment/detail/shelf-dryer/207114,,,,Used,10 m² (107.6 ft²),Hering,Stainless Steel 316,,19,10,,0.46 m3 (16.2 ft3),"1,000 mm (39.4 in)",-0.97 bar (-14 psi),200 °C (392 °F),"1,000 mm (39.4 in)",200 °C (392 °F),Dryer-Shelf,Yes
5,705834,IPP# 705834 - Dryer-Shelf 4 m² (43.1 ft²) Stainless Steel 316 For Sale,0,https://ims.internationalprocessplants.com/productimage/NzA1LzcwNTgzNC5qcGc/1,https://ims.internationalprocessplants.com/inventory/equipment/detail/shelf-dryer/705834,40 mm (1.57 in),930 mm (36.6 in),470 mm (18.5 in),Used,4 m² (43.1 ft²),Calmic (William Boulton),Stainless Steel 316,,2,4,,0.03 m3 (1.23 ft3),930 mm (36.6 in),,,470 mm (18.5 in),,Dryer-Shelf,Yes
6,704176,IPP# 704176 - Dryer-Shelf 9.8 m² (105 ft²) Stainless Steel 316 For Sale,0,https://ims.internationalprocessplants.com/productimage/NzA0LzcwNDE3Ni5qcGc/1,https://ims.internationalprocessplants.com/inventory/equipment/detail/shelf-dryer/704176,,,,Used,9.8 m² (105 ft²),Leybold,Stainless Steel 316,,0,9,Vertical,,"1,000 mm (40 in)",,,"1,050 mm (42 in)",,Dryer-Shelf,
7,245566,Stainless Steel 316 United McGill 9E-10SP Dryer-Shelf - IPP# 245566,0,https://ims.internationalprocessplants.com/productimage/MjQ1LzI0NTU2Nl8yLmpwZw/1,https://ims.internationalprocessplants.com/inventory/equipment/detail/shelf-dryer/245566,"2,050 mm (80 in)","1,000 mm (40 in)","1,100 mm (44 in)",Used,11.3 m² (122 ft²),United McGill,Stainless Steel 316,9E-10SP,30,10,Vertical,0.75 m3 (26.4 ft3),,3.4 bar (50 psi),176.7 °C (350 °F),,176.7 °C (350 °F),Dryer-Shelf,Yes
8,213258,Lined Devine Dryer-Shelf - IPP# 213258,0,https://ims.internationalprocessplants.com/productimage/MjEzLzIxMzI1OC5KUEc/1,https://ims.internationalprocessplants.com/inventory/equipment/detail/shelf-dryer/213258,,,,Used,47.3 m² (509 ft²),Devine,Lined,,,16,,,"2,000 mm (79 in)",2.1 bar (30 psi),,"1,450 mm (58 in)",100 °C (212 °F),Dryer-Shelf,Yes
9,247049,Hastelloy - C22 Italvacuum E0.5 Dryer-Shelf - IPP# 247049,0,https://ims.internationalprocessplants.com/productimage/MjQ3LzI0NzA0OV8xLmpwZw/1,https://ims.internationalprocessplants.com/inventory/equipment/detail/shelf-dryer/247049,820 mm (32.3 in),"1,000 mm (40.4 in)",650 mm (25.6 in),Used,4 m² (43.1 ft²),Italvacuum,Hastelloy - C22,E0.5,,8,,,"1,000 mm (39.4 in)",,,600 mm (23.6 in),,Dryer-Shelf,Yes
10,208006,Stainless Steel 304 Devine Dryer-Shelf - IPP# 208006,0,https://ims.internationalprocessplants.com/productimage/MjA4LzIwODAwNi5KUEc/1,https://ims.internationalprocessplants.com/inventory/equipment/detail/shelf-dryer/208006,"1,850 mm (72 in)","1,250 mm (49 in)","1,000 mm (40 in)",Used,19.2 m² (207 ft²),Devine,Stainless Steel 304,,,18,,,"1,050 mm (42 in)",2.1 bar (30 psi),148.9 °C (300 °F),991 mm (39 in),148.9 °C (300 °F),Dryer-Shelf,Yes
11,213260,Lined Devine Dryer-Shelf - IPP# 213260,0,https://ims.internationalprocessplants.com/productimage/MjEzLzIxMzI2MC5KUEc/1,https://ims.internationalprocessplants.com/inventory/equipment/detail/shelf-dryer/213260,228.6 mm (9 in),25.4 mm (1 in),"1,850 mm (72 in)",Used,47.3 m² (509 ft²),Devine,Lined,,,16,,,"2,000 mm (79 in)",2.1 bar (30 psi),,"1,450 mm (58 in)",100 °C (212 °F),Dryer-Shelf,Yes
12,89700,IPP# 89700 - Dryer-Shelf 14 m² (150.7 ft²) Nickel For Sale,0,https://ims.internationalprocessplants.com/productimage/ODkvODk3MDAuanBn/1,https://ims.internationalprocessplants.com/inventory/equipment/detail/shelf-dryer/89700,"2,000 mm (78.7 in)","1,600 mm (63 in)","1,400 mm (55.1 in)",Used,14 m² (150.7 ft²),Zschokke Wartmann,Nickel,,,15,Vertical,,"1,250 mm (49.2 in)",6 bar (87 psi),,900 mm (35.4 in),,Dryer-Shelf,Yes
13,213698,Hot water Generator for a Stokes 600-540 Shelf Dryer - IPP# 213698,0,https://ims.internationalprocessplants.com/productimage/MjEzLzIxMzY5OC5KUEc/1,https://ims.internationalprocessplants.com/inventory/equipment/detail/shelf-dryer/213698,,,,Used,,Stokes,Carbon Steel,600-540,,,Vertical,,,,,,190.6 °C (375 °F),Dryer-Shelf,
14,216275,New Stainless Steel 316 Stalwart international 1 Dryer-Shelf - IPP# 216275,0,https://ims.internationalprocessplants.com/productimage/MjE2LzIxNjI3NV8xLmpwZw/1,https://ims.internationalprocessplants.com/inventory/equipment/detail/shelf-dryer/216275,600 mm (23.6 in),650 mm (25.6 in),600 mm (23.6 in),New,0.53 m² (5.7 ft²),Gale Process Solutions,Stainless Steel 316,1,,3,Vertical,,420 mm (16.5 in),4.9 bar (71.1 psi),80 °C (176 °F),420 mm (16.5 in),80 °C (176 °F),Dryer-Shelf,Yes
15,89709,IPP# 89709 - Dryer-Shelf 28 m² (301.4 ft²) Nickel For Sale,0,https://ims.internationalprocessplants.com/productimage/ODkvODk3MDkuanBn/1,https://ims.internationalprocessplants.com/inventory/equipment/detail/shelf-dryer/89709,,,,Used,28 m² (301.4 ft²),Zschokke Wartmann,Nickel,,,15,,,"1,800 mm (70.9 in)",6 bar (87 psi),,"1,250 mm (49.2 in)",,Dryer-Shelf,Yes
16,89773,IPP# 89773 - Dryer-Shelf 15.8 m² (169.5 ft²) Nickel For Sale,0,https://ims.internationalprocessplants.com/productimage/ODkvODk3NzMuanBn/1,https://ims.internationalprocessplants.com/inventory/equipment/detail/shelf-dryer/89773,"2,700 mm (106.3 in)","1,900 mm (74.8 in)","1,200 mm (47.2 in)",Used,15.8 m² (169.5 ft²),Zschokke Wartmann,Nickel,,,14,,,"1,250 mm (49.2 in)",6 bar (87 psi),,900 mm (35.4 in),,Dryer-Shelf,
17,81508,Lined Edward King Zurich Dryer-Shelf - IPP# 81508,0,https://ims.internationalprocessplants.com/productimage/ODEvODE1MDguanBn/1,https://ims.internationalprocessplants.com/inventory/equipment/detail/shelf-dryer/81508,596 mm (23.5 in),"1,150 mm (44.9 in)",780 mm (30.7 in),Used,3.9 m² (41.4 ft²),Edward King Zurich,Lined,,,2,,,,5.9 bar (85.3 psi),,,,Dryer-Shelf,
18,704177,IPP# 704177 - Dryer-Shelf 4.5 m² (48 ft²) Stainless Steel 316 For Sale,0,https://ims.internationalprocessplants.com/productimage/NzA0LzcwNDE3Ny5qcGc/1,https://ims.internationalprocessplants.com/inventory/equipment/detail/shelf-dryer/704177,"1,700 mm (67 in)","1,500 mm (60 in)","1,500 mm (60 in)",Used,4.5 m² (48 ft²),,Stainless Steel 316,,0,4,Vertical,,"1,050 mm (41 in)",,,"1,050 mm (42 in)",100 °C (212 °F),Dryer-Shelf,Yes
19,703742,IPP# 703742 - Dryer-Shelf 13.3 m² (143 ft²) Lined For Sale,0,https://ims.internationalprocessplants.com/productimage/NzAzLzcwMzc0Mi5qcGc/1,https://ims.internationalprocessplants.com/inventory/equipment/detail/shelf-dryer/703742,"1,950 mm (77 in)","1,450 mm (58 in)","1,550 mm (62 in)",Used,13.3 m² (143 ft²),N Lebel Pantin,Lined,,12,11,,0.31 m3 (10.8 ft3),"1,000 mm (40 in)",,,"1,200 mm (47 in)",,Dryer-Shelf,Yes
20,208078,Stainless Steel 304 Devine Dryer-Shelf - IPP# 208078,0,https://ims.internationalprocessplants.com/productimage/MjA4LzIwODA3OF8xLkpQRw/1,https://ims.internationalprocessplants.com/inventory/equipment/detail/shelf-dryer/208078,"1,850 mm (72 in)","1,250 mm (49 in)","1,000 mm (40 in)",Used,19.2 m² (207 ft²),Devine,Stainless Steel 304,,36,18,Vertical,1.43 m3 (50.4 ft3),"1,100 mm (43 in)",2.1 bar (30 psi),148.9 °C (300 °F),991 mm (39 in),148.9 °C (300 °F),Dryer-Shelf,Yes
21,30792,Carbon Steel Stokes 338-J-16 Dryer-Shelf - IPP# 30792,0,,https://ims.internationalprocessplants.com/inventory/equipment/detail/shelf-dryer/30792,,,,Used,18.2 m² (195.5 ft²),Stokes,Carbon Steel,338-J-16,,16,,,,3.4 bar (50 psi),,,,Dryer-Shelf,Yes
22,92367,IPP# 92367 - Dryer-Shelf Stainless Steel 304 For Sale,0,,https://ims.internationalprocessplants.com/inventory/equipment/detail/shelf-dryer/92367,,,,Used,,Leybold Heraeus,Stainless Steel 304,KVT500K,,3,,,500 mm (19.7 in),,,,,Dryer-Shelf,
23,704960,Carbon Steel Apex B21E Dryer-Shelf - IPP# 704960,0,,https://ims.internationalprocessplants.com/inventory/equipment/detail/shelf-dryer/704960,,,,Used,2 m² (21.5 ft²),Apex,Carbon Steel,B21E,,6,Vertical,,813 mm (32 in),1.01 bar (14.7 psi),,406.4 mm (16 in),,Dryer-Shelf,
