"stock_number","title","url","attribute_count","Ball Size","Barrel Material","Blade Speed (RPM)","Blade Type","Capacity (Design)","Clad","Condition","Controls","Diameter","Drive Make","Drive Model","Drive Power","Drive RPM","Drive Type","Jacket Material","Jacket Pressure","Jacket Type","Length","Lining Type","Manufacturer","Material","Media","Media Details","Media Volume","Model","Motor Cycles","Motor Frame Size","Motor Hertz","Motor Make","Motor Power","Motor Serial","Motor Speed (RPM)","Motor TEFC","Motor Voltage","Mounting Details","Mounting Type","Nozzle Schedule","Number of Rolls","Orientation","Power Transmission","Powered By","Pressure","Roll Details","Roll Diameter","Roll Heating/Cooling","Roll Length","Roll RPM","Sieve Surface Area","Subtype","Temperature","Type","Vacuum"
"104128","Unused  Roll Mill - IPP# 104128","https://ims.internationalprocessplants.com/inventory/equipment/detail/104128","17","","","","","","","Unused","","","","","","","","","","","","","","","","","","","3","","50","Hi-Seal D160M/HD21A2BB","11 kW (14.8 HP)","J52002001","1,460","","380","","","","2","Horizontal","","","","Rolls manually adjustable, cored for steam heating.","203.2 mm (8 in)","Yes","406.4 mm (16 in)","15.5","","Roll","","Mill",""
"104551","Shot And Sand Mill 0.01 m3 (0.35 ft3) Stainless Steel 316 For Sale - IPP# 104551","https://ims.internationalprocessplants.com/inventory/equipment/detail/104551","19","","","","","0.01 m3 (0.35 ft3)","Yes","Used","","290 mm (11.4 in)","","","","","","","","","430 mm (16.9 in)","","Dyno WAB","Stainless Steel 316","","","","KD15","3","Ex-e-G3","50","Loher","15 kW (20.1 HP)","","1,455","","500","","","","","Horizontal","","","4 bar (58 psi)","","","","","","","Shot And Sand","","Mill",""
"104552","Shot And Sand Mill  Stainless Steel 316 For Sale - IPP# 104552","https://ims.internationalprocessplants.com/inventory/equipment/detail/104552","16","","","","","","","Used","","408 mm (16.1 in)","","","","","","","","","1,450 mm (56.3 in)","","Netzsch","Stainless Steel 316","","","","LMJ 55","3","","50","","75 kW (100.6 HP)","EX-e-G3","990","","500","","","","","Horizontal","Belt","","","","","","","","","Shot And Sand","","Mill",""
"105429","Stainless Steel 304 Netzsch LME4DCMS Shot And Sand Mill - IPP# 105429","https://ims.internationalprocessplants.com/inventory/equipment/detail/105429","17","","","","","","","Used","Yes","152.4 mm (6 in)","","","3.7 kW (5 HP)","","","","","","457.2 mm (18 in)","","Netzsch","Stainless Steel 304","","","","LME4DCMS","3","","60","","3.7 kW (5 HP)","","1,760","","460","Mounted on dollie wheels for easy moving.","","","","Horizontal","","","","","","","","","","Shot And Sand","","Mill",""
"112079","Roll Mill  Carbon Steel For Sale - IPP# 112079","https://ims.internationalprocessplants.com/inventory/equipment/detail/112079","14","","","","","","","Used","","","","","","","","","","","","","","Carbon Steel","","","","","3","","60","","74.6 kW (100 HP)","","885","","240/480","","","","2","","","","","Cored for cooling. With rotary joint.","457.2 mm (18 in)","Yes","1,350 mm (54 in)","","","Roll","","Mill",""
"203411","Shot And Sand Mill 0.22 m3 (7.8 ft3) Stainless Steel 304 For Sale - IPP# 203411","https://ims.internationalprocessplants.com/inventory/equipment/detail/203411","13","","","","","0.22 m3 (7.8 ft3)","","Used","","444.5 mm (17.5 in)","","","","","","Stainless Steel Other","","","1,450 mm (58 in)","","Asada Machine Works","Stainless Steel 304","","","","","3","","60","","37.3 kW (50 HP)","","","","440","","","","","","","","","","","","","","","Shot And Sand","","Mill",""
"203417","Shot And Sand Mill 0.22 m3 (7.8 ft3) Stainless Steel 304 For Sale - IPP# 203417","https://ims.internationalprocessplants.com/inventory/equipment/detail/203417","14","","","","","0.22 m3 (7.8 ft3)","","Used","","444.5 mm (17.5 in)","","","","","","Stainless Steel Other","","","1,450 mm (58 in)","SS internal liner designed for easy replacement/maintenance","Asada Machine Works","Stainless Steel 304","","","","","3","","60","","37.3 kW (50 HP)","","","","440","","","","","","","","","","","","","","","Shot And Sand","","Mill",""
"203418","Shot And Sand Mill 0.22 m3 (7.8 ft3) Stainless Steel 304 For Sale - IPP# 203418","https://ims.internationalprocessplants.com/inventory/equipment/detail/203418","14","","","","","0.22 m3 (7.8 ft3)","","Used","","444.5 mm (17.5 in)","","","","","","Stainless Steel Other","","","1,450 mm (58 in)","a SS internal liner designed for easy replacement/maintenan","Asada Machine Works","Stainless Steel 304","","","","","3","","60","","37.3 kW (50 HP)","","","","440","","","","","","","","","","","","","","","Shot And Sand","","Mill",""
"203708","Shot And Sand Mill  Stainless Steel 316 For Sale - IPP# 203708","https://ims.internationalprocessplants.com/inventory/equipment/detail/203708","10","","","","","","","Used","Yes","140 mm (5.5 in)","","","3.3 kW (4.4 HP)","","","","","","270 mm (10.6 in)","","Bachofen AG","Stainless Steel 316","","","","KDL-Pilot A","","","","","","","","","","","","","","","","","","","","","","","","Shot And Sand","","Mill",""
"207109","Shot And Sand Mill 0.007 m3 (0.25 ft3) Rubberlined For Sale - IPP# 207109","https://ims.internationalprocessplants.com/inventory/equipment/detail/207109","16","","","","","0.007 m3 (0.25 ft3)","","Used","","","","","","","","","","","","rubber lined","Drais","Rubberlined","","","","PM 250 TEX-H","3","","50","","75 kW (100.6 HP)","","1,500","","600","","","","","Horizontal","","","1 bar (14.5 psi)","","","","","","","Shot And Sand","98 °C (208.4 °F)","Mill",""
"208150","Stainless Steel 316 IKA-Werk W32KAAABAA6660 Colloid Mill - IPP# 208150","https://ims.internationalprocessplants.com/inventory/equipment/detail/208150","16","","","","","0.003 m3 (0.11 ft3)","","Used","Yes","","","","11.2 kW (15 HP)","","","","","","","","IKA-Werk","Stainless Steel 316","","","","W32KAAABAA6660","","","","Reliance","11.2 kW (15 HP)","","3,525","","","","","","","Vertical","","Electric","25 bar (362.6 psi)","","","","","","","Colloid","200 °C (392 °F)","Mill",""
"209723","Stainless Steel 304 Engineering Plastics EPJ-100 Ball Mill - IPP# 209723","https://ims.internationalprocessplants.com/inventory/equipment/detail/209723","20","","","","","0.1 m3 (3.5 ft3)","","Used","Yes","508 mm (20 in)","","","","","","Stainless Steel 304","","","508 mm (20 in)","plastic","Engineering Plastics","Stainless Steel 304","","","","EPJ-100","3","","60","","2.2 kW (3 HP)","","","","220","","Skid","","","Horizontal","Chain","Electric","","","","","","","","Ball","","Mill",""
"212441","Ball Mill TEMA Siebtechnik ESM 234-1 BS Stainless Steel 316 - IPP# 212441","https://ims.internationalprocessplants.com/inventory/equipment/detail/212441","18","","","","","0.019 m3 (0.67 ft3)","","Used","","254 mm (10 in)","","","","","","Stainless Steel Other","","","457.2 mm (18 in)","","TEMA Siebtechnik","Stainless Steel 316","","","","ESM 234-1 BS","3","","50","Siebtechnik","0.7 kW (0.94 HP)","","","","400","Mounted on springs with vibration pads on a CS stand","Pads","","","","","Electric","","","","","","","","Ball","","Mill",""
"212767","Stainless Steel Other KD-175A Shot And Sand Mill - IPP# 212767","https://ims.internationalprocessplants.com/inventory/equipment/detail/212767","8","","","","","0.18 m3 (6.4 ft3)","","Used","","","","","75 kW (100.6 HP)","","","","","","","","","Stainless Steel Other","","","","KD-175A","","","","","","","","","500","","","","","","","","","","","","","","","Shot And Sand","","Mill",""
"212896","Colloid Mill Peters &amp; Smith Stainless Steel 304 - IPP# 212896","https://ims.internationalprocessplants.com/inventory/equipment/detail/212896","23","","","","","1.14 m3 (40.1 ft3)","","Used","","1,050 mm (42 in)","","","","51","","Stainless Steel 304","3.4 bar (50 psi)","Half Pipe/Limpet","1,550 mm (60.5 in)","","Peters & Smith","Stainless Steel 304","5/16" chrome plated steel (52100) shot","","0.42 m3 (14.7 ft3)","","","","","Reliance","18.6 kW (25 HP)","","1,800","","","Mounted on legs","Legs","with 1.5" NPT connections.","","Vertical","","Electric","0.34 bar (5 psi)","","","","","","","Colloid","","Mill",""
"212897","Colloid Mill 1.14 m3 (40.1 ft3) Stainless Steel 304 For Sale - IPP# 212897","https://ims.internationalprocessplants.com/inventory/equipment/detail/212897","22","","","","","1.14 m3 (40.1 ft3)","","Used","","1,050 mm (42 in)","","","","51","","Stainless Steel 304","3.4 bar (50 psi)","Half Pipe/Limpet","1,550 mm (60.5 in)","","Peters & Smith","Stainless Steel 304","5/16" chrome plated steel (52100) shot","","0.42 m3 (14.7 ft3)","","","","","Reliance","18.6 kW (25 HP)","","1,800","","","Mounted on legs","Legs","with 1.5" NPT connections.","","Vertical","","Electric","","","","","","","","Colloid","","Mill",""
"212898","Stainless Steel 304 Alpine (Hosokawa) W Colloid Mill - IPP# 212898","https://ims.internationalprocessplants.com/inventory/equipment/detail/212898","18","","","","","","","Used","Yes","","","","0.25 kW (0.33 HP)","14,000","","","","","","","Alpine (Hosokawa)","Stainless Steel 304","","","","W","3","FB56P","60","Reliance type P","0.25 kW (0.33 HP)","P56H5135S","1,725","","208-230/460","","","","","","","Electric","","","","","","","","Colloid","","Mill",""
"212899","Chrome  Roll Mill - IPP# 212899","https://ims.internationalprocessplants.com/inventory/equipment/detail/212899","22","","","","","","","Used","Yes","","","","","","","","","","","","","Chrome","","","","","3","145TC","60","U.S. Electrical Motors LF TE","2.2 kW (3 HP)","AO33/S08S187R016F","1,730","","230/460","Stand mounted with controls","Feet","","2","Horizontal","","","","Rolls cored for steam heating at 15psi, and service water cooling at 50 psi.","76.2 mm (3 in)","Yes","203.2 mm (8 in)","30","","Roll","","Mill",""
"212900","Stainless Steel 304 Alpine (Hosokawa) 1 SH Colloid Mill - IPP# 212900","https://ims.internationalprocessplants.com/inventory/equipment/detail/212900","22","","","","","","","Used","Yes","88.9 mm (3.5 in)","","","5.6 kW (7.5 HP)","9,600","","","","","2,450 mm (96 in)","","Alpine (Hosokawa)","Stainless Steel 304","","","","1 SH","3","X213T","60","Reliance","5.6 kW (7.5 HP)","P21G581G","3,520","Yes","230/460","Mounted on (4x) castors.","","","","","","Electric","","","","","","","","Colloid","","Mill",""
"213804","Carbon Steel Netzsch LMC 60CE Shot And Sand Mill - IPP# 213804","https://ims.internationalprocessplants.com/inventory/equipment/detail/213804","17","","","","","0.06 m3 (2.1 ft3)","","Used","Yes","300 mm (11.8 in)","","","","","","","","","945 mm (37.2 in)","","Netzsch","Carbon Steel","","","1 m3 (35.3 ft3)","LMC 60CE","3","","60","","37.3 kW (50 HP)","","","","460","Mounted on a base with motor and On/Off Controls","","","","Horizontal","","","","","","","","","","Shot And Sand","","Mill",""
"213805","Carbon Steel Netzsch LMC 60CE Shot And Sand Mill - IPP# 213805","https://ims.internationalprocessplants.com/inventory/equipment/detail/213805","17","","","","","0.06 m3 (2.1 ft3)","","Used","Yes","300 mm (11.8 in)","","","","","","","","","945 mm (37.2 in)","","Netzsch","Carbon Steel","","","1 m3 (35.3 ft3)","LMC 60CE","3","","60","","37.3 kW (50 HP)","","","","460","Mounted on a base with motor and On/Off Controls","","","","Vertical","","","","","","","","","","Shot And Sand","","Mill",""
"213806","Shot And Sand Mill 0.06 m3 (2.1 ft3) Carbon Steel For Sale - IPP# 213806","https://ims.internationalprocessplants.com/inventory/equipment/detail/213806","17","","","","","0.06 m3 (2.1 ft3)","","Used","Yes","300 mm (11.8 in)","","","","","","","","","945 mm (37.2 in)","","Netzsch","Carbon Steel","","","1 m3 (35.3 ft3)","LMC 60CE","3","","60","","37.3 kW (50 HP)","","","","460","Mounted on a base with motor and On/Off Controls","","","","Horizontal","","","","","","","","","","Shot And Sand","","Mill",""
"213807","Carbon Steel Netzsch LMC 60CE Shot And Sand Mill - IPP# 213807","https://ims.internationalprocessplants.com/inventory/equipment/detail/213807","17","","","","","0.06 m3 (2.1 ft3)","","Used","Yes","300 mm (11.8 in)","","","","","","","","","945 mm (37.2 in)","","Netzsch","Carbon Steel","","","1 m3 (35.3 ft3)","LMC 60CE","3","","60","","37.3 kW (50 HP)","","","","460","Mounted on a base with motor and On/Off Controls","","","","Horizontal","","","","","","","","","","Shot And Sand","","Mill",""
"213808","Carbon Steel Netzsch LMC 60CE Shot And Sand Mill - IPP# 213808","https://ims.internationalprocessplants.com/inventory/equipment/detail/213808","17","","","","","0.06 m3 (2.1 ft3)","","Used","Yes","300 mm (11.8 in)","","","","","","","","","945 mm (37.2 in)","","Netzsch","Carbon Steel","","","1 m3 (35.3 ft3)","LMC 60CE","3","","60","","37.3 kW (50 HP)","","","","460","Mounted on a base with motor and On/Off Controls.","","","","Horizontal","","","","","","","","","","Shot And Sand","","Mill",""
"213809","Carbon Steel Netzsch LME 20 Shot And Sand Mill - IPP# 213809","https://ims.internationalprocessplants.com/inventory/equipment/detail/213809","14","","","","","0.02 m3 (0.71 ft3)","","Used","Yes","220 mm (8.7 in)","","","","","","","","","700 mm (27.6 in)","","Netzsch","Carbon Steel","","","0.25 m3 (8.8 ft3)","LME 20","","","","","22.4 kW (30 HP)","","","","","Mounted on a base with motor and Start/Stop Controls.","","","","Horizontal","","","","","","","","","","Shot And Sand","","Mill",""
"213810","Carbon Steel Netzsch LME-20 Shot And Sand Mill - IPP# 213810","https://ims.internationalprocessplants.com/inventory/equipment/detail/213810","14","","","","","0.02 m3 (0.71 ft3)","","Used","Yes","220 mm (8.7 in)","","","","","","","","","700 mm (27.6 in)","","Netzsch","Carbon Steel","","","0.25 m3 (8.8 ft3)","LME-20","","","","","22.4 kW (30 HP)","","","","","Mounted on a base with motor and Start/Stop Controls.","","","","Horizontal","","","","","","","","","","Shot And Sand","","Mill",""
"213811","Carbon Steel Netzsch LME 20 Shot And Sand Mill - IPP# 213811","https://ims.internationalprocessplants.com/inventory/equipment/detail/213811","14","","","","","0.02 m3 (0.71 ft3)","","Used","Yes","220 mm (8.7 in)","","","","","","","","","700 mm (27.6 in)","","Netzsch","Carbon Steel","","","0.25 m3 (8.8 ft3)","LME 20","","","","","22.4 kW (30 HP)","","","","","Mounted on a base with motor and Start/Stop Controls.","","","","Horizontal","","","","","","","","","","Shot And Sand","","Mill",""
"213812","Carbon Steel Netzsch LME 20 Shot And Sand Mill - IPP# 213812","https://ims.internationalprocessplants.com/inventory/equipment/detail/213812","14","","","","","0.02 m3 (0.71 ft3)","","Used","Yes","220 mm (8.7 in)","","","","","","","","","700 mm (27.6 in)","","Netzsch","Carbon Steel","","","0.25 m3 (8.8 ft3)","LME 20","","","","","22.4 kW (30 HP)","","","","","Mounted on a base with motor and Start/Stop Controls.","","","","Horizontal","","","","","","","","","","Shot And Sand","","Mill",""
"213816","Carbon Steel Netzsch LME 20 Shot And Sand Mill - IPP# 213816","https://ims.internationalprocessplants.com/inventory/equipment/detail/213816","14","","","","","0.02 m3 (0.71 ft3)","","Used","Yes","220 mm (8.7 in)","","","","","","","","","700 mm (27.6 in)","","Netzsch","Carbon Steel","","","0.25 m3 (8.8 ft3)","LME 20","","","","","22.4 kW (30 HP)","","","","","Mounted on a base with motor and Start/Stop Controls.","","","","Horizontal","","","","","","","","","","Shot And Sand","","Mill",""
"214763","Stainless Steel 304 FrymaKoruma MS50 Shot And Sand Mill - IPP# 214763","https://ims.internationalprocessplants.com/inventory/equipment/detail/214763","11","","","","","","","Used","Yes","","","","54.4 kW (73 HP)","","","","","","","","FrymaKoruma","Stainless Steel 304","","","","MS50","","","","","","","","","","All mounted in explosion proof boxes","","","","","","","4 bar (58 psi)","","","","","","","Shot And Sand","90 °C (194 °F)","Mill",""
"214765","Stainless Steel 304 FrymaKoruma MS12 Shot And Sand Mill - IPP# 214765","https://ims.internationalprocessplants.com/inventory/equipment/detail/214765","10","","","","","","","Used","Yes","","","","3 kW (4 HP)","","","","","","","","FrymaKoruma","Stainless Steel 304","","","","MS12","","","","","","","","","","","","","","","","","2 bar (29 psi)","","","","","","","Shot And Sand","90 °C (194 °F)","Mill",""
"214766","Carbon Steel Union Process Equipment SV Shot And Sand Mill - IPP# 214766","https://ims.internationalprocessplants.com/inventory/equipment/detail/214766","14","","","","","0.004 m3 (0.13 ft3)","","Used","Yes","","","","0.19 kW (0.25 HP)","","","","","","","","Union Process Equipment","Carbon Steel","","","","SV","","","","Reliance","0.19 kW (0.25 HP)","","","","","","","","","Vertical","Direct Coupled","Electric","","","","","","","","Shot And Sand","","Mill",""
"214767","Carbon Steel Union Process Equipment B Shot And Sand Mill - IPP# 214767","https://ims.internationalprocessplants.com/inventory/equipment/detail/214767","24","","","","","0.006 m3 (0.2 ft3)","","Used","","","Reeves Motodrive","79185-00-GP","1.49 kW (2 HP)","2,000","","","","","1,250 mm (50 in)","","Union Process Equipment","Carbon Steel","","designed for media size of 1/8&#x201D; through 3/8&#x201D;","0.004 m3 (0.13 ft3)","B","3","184TC","60","Reliance Type P","1.49 kW (2 HP)","YM316432A4 UE","1,160","","230/460","","","","","","Belt","Electric","","","","","","","","Shot And Sand","","Mill",""
"216252","Merkel Shot And Sand Mill - IPP# 216252","https://ims.internationalprocessplants.com/inventory/equipment/detail/216252","5","","","","","","","Refurbished/Rebuilt","","70 mm (2.8 in)","","","","","","","","","","","Merkel","","","","","","","","","","","","","","","","","","","","","","","","","","","","","Shot And Sand","","Mill",""
"216253","Merkel Shot And Sand Mill - IPP# 216253","https://ims.internationalprocessplants.com/inventory/equipment/detail/216253","5","","","","","","","Refurbished/Rebuilt","","70 mm (2.8 in)","","","","","","","","","","","Merkel","","","","","","","","","","","","","","","","","","","","","","","","","","","","","Shot And Sand","","Mill",""
"216254","Merkel Shot And Sand Mill - IPP# 216254","https://ims.internationalprocessplants.com/inventory/equipment/detail/216254","5","","","","","","","Refurbished/Rebuilt","","80 mm (3.1 in)","","","","","","","","","","","Merkel","","","","","","","","","","","","","","","","","","","","","","","","","","","","","Shot And Sand","","Mill",""
"216255","NFT Shot And Sand Mill - IPP# 216255","https://ims.internationalprocessplants.com/inventory/equipment/detail/216255","5","","","","","","","Refurbished/Rebuilt","","80 mm (3.1 in)","","","","","","","","","","","NFT","","","","","","","","","","","","","","","","","","","","","","","","","","","","","Shot And Sand","","Mill",""
"216258","Unused Stainless Steel Other Netzsch Shot And Sand Mill - IPP# 216258","https://ims.internationalprocessplants.com/inventory/equipment/detail/216258","6","","","","","0.02 m3 (0.71 ft3)","","Unused","","","","","","","","","","","","","Netzsch","Stainless Steel Other","","","","","","","","","","","","","","","","","","","","","","","","","","","","Shot And Sand","","Mill",""
"216259","Merkel 630597U Shot And Sand Mill - IPP# 216259","https://ims.internationalprocessplants.com/inventory/equipment/detail/216259","6","","","","","","","Refurbished/Rebuilt","","70 mm (2.8 in)","","","","","","","","","","","Merkel","","","","","630597U","","","","","","","","","","","","","","","","","","","","","","","","Shot And Sand","","Mill",""
"216274","New Stainless Steel 316 Colloid Mill - IPP# 216274","https://ims.internationalprocessplants.com/inventory/equipment/detail/216274","22","","","","","0.008 m3 (0.3 ft3)","","New","Yes","330 mm (13 in)","","","2.2 kW (3 HP)","1,440","Vertical","","","","","","Gale Process Solutions","Stainless Steel 316","","","","Multi-Mill","3","","60","Hindustan","2.2 kW (3 HP)","","","","220","Base Plate w/ Casters","Skid","","","Vertical","Direct Coupled","Electric","","","","","","","","Colloid","","Mill",""
"218254","Stainless Steel 304  Ball Mill - IPP# 218254","https://ims.internationalprocessplants.com/inventory/equipment/detail/218254","22","","","","","1.59 m3 (56 ft3)","","Used","Yes","25.4 mm (1 in)","","","2.2 kW (3 HP)","","","","","","","","","Stainless Steel 304","","","","","3","182TC","60","Lincoln BVJ AAF4P3TC61 L","2.2 kW (3 HP)","LM13667BC","1,760","Yes","230/460","mounted on hinges for product flow (resonance) time, Entire system mounted on load cells with controls.","","1.5in inlet, 8in outlet, 8.8in x 32in vent","","Horizontal","Chain","Electric","","","","","","","","Ball","","Mill",""
"219894","Shot And Sand Mill 0.06 m3 (2.1 ft3) Stainless Steel Austenitic For Sale - IPP# 219894","https://ims.internationalprocessplants.com/inventory/equipment/detail/219894","22","","Chrome","","","0.06 m3 (2.1 ft3)","","Used","Yes","300 mm (11.8 in)","","","","","","","","","960 mm (37.8 in)","","Dyno WAB","Stainless Steel Austenitic","","","","KD 60C","3","","50","Loher EMGV-250MB-04A","44 kW (59 HP)","3122673","1,485","","500","","","opening: 1-50mm feed, 1-25mm outlet with filter mesh, jacket: 1-25mm, 2-17mm,","","Horizontal","Belt","Electric","","","","","","","","Shot And Sand","","Mill",""
"220286","Kady Mill  Stainless Steel 304 For Sale - IPP# 220286","https://ims.internationalprocessplants.com/inventory/equipment/detail/220286","16","","","","","","","Used","","350 mm (13.8 in)","","","3 kW (4 HP)","","","","","","300 mm (11.8 in)","","Powtec","Stainless Steel 304","","","","RTS 350 x 300,","3","","50","","3 kW (4 HP)","Ex II 2GD","1,400","","400","","","","","","","","","","","","","","0.16 m&#xB2; (1.72 ft&#xB2;)","Kady","","Mill",""
"220748","Stainless Steel 304 Bepex RP-6K115 Colloid Mill - IPP# 220748","https://ims.internationalprocessplants.com/inventory/equipment/detail/220748","16","","","","","","","Used","","","","","2.2 kW (3 HP)","","","","","","304.8 mm (12 in)","","Bepex","Stainless Steel 304","","","","RP-6K115","3","","50","Baldor","2.2 kW (3 HP)","","1,160","","230/460","","","","","","Direct Coupled","Electric","","","","","","","","Colloid","","Mill",""
"220802","Colloid Mill  Stainless Steel 304 For Sale - IPP# 220802","https://ims.internationalprocessplants.com/inventory/equipment/detail/220802","14","","","","","","","Used","","355.6 mm (14 in)","","","5.6 kW (7.5 HP)","","","","","","","","Williams","Stainless Steel 304","","","","GP-1512","","","","Siemens","5.6 kW (7.5 HP)","","1,740","","","","","","","Vertical","Belt","Electric","","","","","","","","Colloid","","Mill",""
"220804","Colloid Mill Reitz RD-18-H32 - IPP# 220804","https://ims.internationalprocessplants.com/inventory/equipment/detail/220804","14","","","","","","","Used","","457.2 mm (18 in)","","","37.3 kW (50 HP)","","","","","","","","Reitz","Carbon Steel","","","","RD-18-H32","","","","Siemens","22.4 kW (30 HP)","","1,775","","","","","","","Vertical","Belt","Electric","","","","","","","","Colloid","","Mill",""
"220809","Colloid Mill  Carbon Steel For Sale - IPP# 220809","https://ims.internationalprocessplants.com/inventory/equipment/detail/220809","12","","","","","","","Used","","406.4 mm (16 in)","","","11.2 kW (15 HP)","","","","","","610 mm (24 in)","","Williams","Carbon Steel","","","","GP mill","","","","","11.2 kW (15 HP)","","1,780","","","","","","","","Belt","","","","","","","","","Colloid","","Mill",""
"221186","Gundlach Stainless Steel Model 4080S Roll Mill - IPP# 221186","https://ims.internationalprocessplants.com/inventory/equipment/detail/221186","11","","","","","","","Used","","","","","","","","","","","","","Gundlach","Stainless Steel Other","","","","4080S","60","","","","111.9 kW (150 HP)","","","","","","","","2","","","","","","610 mm (24 in)","","2,450 mm (96 in)","","","Roll","","Mill",""
"238452","Colloid Mill  Stainless Steel 316 For Sale - IPP# 238452","https://ims.internationalprocessplants.com/inventory/equipment/detail/238452","9","","","","","","","Used","Yes","","","","2.2 kW (3 HP)","","","","","","","","","Stainless Steel 316","","","","","","","60","Crompton Greaves AC motor","","","","","460","","","","","","","","","","","","","","","Colloid","","Mill",""
"239475","Alpine (Hosokawa) B160 UPZ Colloid Mill - IPP# 239475","https://ims.internationalprocessplants.com/inventory/equipment/detail/239475","21","","","","","","","Used","","45 mm (1.77 in)","","","7.5 kW (10 HP)","3,510","","","","","1,500 mm (60 in)","","Alpine (Hosokawa)","Stainless Steel 304","","","","B160 UPZ","60","X 215T","60","Reliance","7.5 kW (10 HP)","6731631","3,510","","460","","","","","Vertical","Belt","Electric","","","","","","","","Colloid","","Mill",""
"241097","Colloid Mill - IPP# 241097","https://ims.internationalprocessplants.com/inventory/equipment/detail/241097","6","","","","","","","Used","","","","","","","","","","","","","","Stainless Steel 316","","","","","","","","","","","","","","Mounted on frame with vacuum","Frame Mounted with Feet","","","","","","","","","","","","","Colloid","","Mill",""
"32339","Moorhouse Industries QCV-M4-7-15P Shot And Sand Mill - IPP# 32339","https://ims.internationalprocessplants.com/inventory/equipment/detail/32339","15","","","","","","","Used","","177.8 mm (7 in)","","","11.2 kW (15 HP)","","","","","","431.8 mm (17 in)","","Moorhouse Industries","","","","","QCV-M4-7-15P","3","","60","","11.2 kW (15 HP)","","1,750","Yes","460","mounted on common base","","","","","","","","","","","","","","Shot And Sand","","Mill",""
"32601","Stainless Steel 304 Baker Perkins Pellet Mill - IPP# 32601","https://ims.internationalprocessplants.com/inventory/equipment/detail/32601","17","","","10,000","Adjustable cutting blade.","","","Used","","177.8 mm (7 in)","","","3.7 kW (5 HP)","","","","","","31.8 mm (1.25 in)","","Baker Perkins","Stainless Steel 304","","","","","3","","60","","3.7 kW (5 HP)","","3,500","","230/460","","","1-1 1/2" feed inlet, 200 micron outlets on die.","","","","Electric","","","","","","","","Pellet","","Mill",""
"706279","Colloid Mill  Stainless Steel 316 For Sale - IPP# 706279","https://ims.internationalprocessplants.com/inventory/equipment/detail/706279","19","","","","","","","Used","","254 mm (10 in)","","","3.7 kW (5 HP)","3,000","","","","","254 mm (10 in)","","Premier Colliod Mills LTD","Stainless Steel 316","","","","5" dispersion mill","3","","50","","3.7 kW (5 HP)","","2,900","","220/380/440","mounted on c/steel base","Other","","","Vertical","Direct Coupled","","","","","","","","","Colloid","","Mill",""
"706653","Stainless Steel 316 Pellet Mill - IPP# 706653","https://ims.internationalprocessplants.com/inventory/equipment/detail/706653","13","","","","","","","Used","Yes","","","","22 kW (29.5 HP)","1,470","","","","","","","Black Clawson","Stainless Steel 316","","","","114012320","","","","","22 kW (29.5 HP)","","1,470","","","","","1.98mm diameter holes,","","","","","","","","","","","","Pellet","230 °C (446 °F)","Mill",""
"71978","Mill Reliable lab 2-roll mill - IPP# 71978","https://ims.internationalprocessplants.com/inventory/equipment/detail/71978","13","","","","","","","Used","","","","","","","","","","","","","","Chrome","","","","","3","","60","","5.6 kW (7.5 HP)","","","","208","","","","2","Horizontal","","","","Chrome plated with rotary unions. Rolls set up for 1.4:1 friction ratio. With micrometer roll adjustments.","152.4 mm (6 in)","","330.2 mm (13 in)","","","Roll","","Mill",""
"71979","Chrome Farrell Roll Mill - IPP# 71979","https://ims.internationalprocessplants.com/inventory/equipment/detail/71979","16","","","","","","","Used","","","","","","","","","","","","","Farrell","Chrome","","","","","3","","60","","5.6 kW (7.5 HP)","","","","208","","","","2","Horizontal","","","","Chrome plated, cored for heating, with rotary union. Set up for 1.4:1 friction ratio. Micrometer roll adjustments.","152.4 mm (6 in)","Yes","330.2 mm (13 in)","","","Roll","148.9 °C (300 °F)","Mill",""
"79104","Ball Mill  Carbon Steel For Sale - IPP# 79104","https://ims.internationalprocessplants.com/inventory/equipment/detail/79104","21","","","","","","","Used","Yes","1,850 mm (72 in)","","","","","","","13.8 bar (200 psi)","","3,050 mm (120 in)","CS/Ni-hard lined","Blaw Knox","Carbon Steel","","","","","3","","60","","29.8 kW (40 HP)","","1,760","","440","Trunnion mtd, Mtd on stands","","W/18" manway.","","","Gear","","10.7 bar (155 psi)","","","","","","","Ball","343.3 °C (650 °F)","Mill","Yes"
"79105","Ball Mill  Carbon Steel For Sale - IPP# 79105","https://ims.internationalprocessplants.com/inventory/equipment/detail/79105","22","152.4 mm (6 in)","","","","","","Used","Yes","1,850 mm (72 in)","","","","","","","13.8 bar (200 psi)","","3,050 mm (120 in)","","Blaw Knox","Carbon Steel","","","","","3","","60","","29.8 kW (40 HP)","","1,760","","220/440","Trunnion mtd, Mtd on stands","","W/18" manway","","","Gear","Electric","10.7 bar (155 psi)","","","","","","","Ball","343.3 °C (650 °F)","Mill","Yes"
"92512","Stainless Steel 304 Szgvari 1 Shot And Sand Mill - IPP# 92512","https://ims.internationalprocessplants.com/inventory/equipment/detail/92512","12","","","","","","","Used","","914 mm (36 in)","","Div II drive","5.6 kW (7.5 HP)","","","","","","762 mm (30 in)","","Szgvari","Stainless Steel 304","","","","1","","","","","5.6 kW (7.5 HP)","","","","","","","","","","Belt","","","","","","","","","Shot And Sand","","Mill",""
"97152","Carbon Steel  Ball Mill - IPP# 97152","https://ims.internationalprocessplants.com/inventory/equipment/detail/97152","13","","","","","","","Used","","2,150 mm (84.1 in)","","","","","","","","","1,500 mm (59.8 in)","","","Carbon Steel","","","","","3","","50","","111.9 kW (150 HP)","","730","","415","","","Openings: 16" x 11" (400mm x 279mm), 2-15" (380mm)","","","Belt","","","","","","","","","Ball","","Mill",""
"97153","Ball Mill  Carbon Steel For Sale - IPP# 97153","https://ims.internationalprocessplants.com/inventory/equipment/detail/97153","15","","","","","","","Used","","2,150 mm (84.1 in)","","","","","","","","","1,500 mm (59.8 in)","","Hardinge","Carbon Steel","","","","","3","","50","","111.9 kW (150 HP)","","730","","415","","","Openings: 16" x 11" (400mm x 279mm), 2-15" (380mm). Non drive end ID= approximately 470 mm, (measured at the most narrow point) Drive end ID is approximately 465 mm.","","","Belt","Electric","","","","","","","","Ball","","Mill",""
"97154","Ball Mill  Carbon Steel For Sale - IPP# 97154","https://ims.internationalprocessplants.com/inventory/equipment/detail/97154","15","","","","","","","Used","","2,150 mm (84.1 in)","","","","","","","","","1,500 mm (59.8 in)","","Hardinge","Carbon Steel","","","","","3","","50","","111.9 kW (150 HP)","","730","","415","","","Openings: 16" x 11" (400mm x 279mm), 2-15" (380mm). Non drive end ID= approximately 470 mm, (measured at the most narrow point) Drive end ID is approximately 465 mm.","","","Belt","Electric","","","","","","","","Ball","","Mill",""
"99807","Stainless Steel 304  Shot And Sand Mill - IPP# 99807","https://ims.internationalprocessplants.com/inventory/equipment/detail/99807","11","","","","","","","Used","Yes","165.1 mm (6.5 in)","","","14.9 kW (20 HP)","","","","0.83 bar (12 psi)","","304.8 mm (12 in)","","","Stainless Steel 304","","","","","","","","","14.9 kW (20 HP)","","","","","mtd on common unit","","","","","","","","","","","","","","Shot And Sand","","Mill",""
