ims_order,stock_number,title,featured,image,url,Condition,Manufacturer,Material,Model,Type
1,237070,Mazzoni MSB-1600 Mixer - IPP# 237070,0,,https://ims.internationalprocessplants.com/inventory/equipment/detail/banbury-mixer/237070,Used,Mazzoni,,MSB-1600,Mixer-Banbury
2,237061,Mazzoni TDS-150-N Mixer - IPP# 237061,0,,https://ims.internationalprocessplants.com/inventory/equipment/detail/banbury-mixer/237061,Used,Mazzoni,,TDS-150-N,Mixer-Banbury
3,237056,Stainless Steel 317 Fabricated Products AC05M Mixer - IPP# 237056,0,,https://ims.internationalprocessplants.com/inventory/equipment/detail/banbury-mixer/237056,Used,Fabricated Products,Stainless Steel 317,AC05M,Mixer-Banbury
4,237055,Mazzoni TDS-150-N. Mixer - IPP# 237055,0,,https://ims.internationalprocessplants.com/inventory/equipment/detail/banbury-mixer/237055,Used,Mazzoni,,TDS-150-N.,Mixer-Banbury
5,237050,Stainless Steel 317 Fabricated Products AC05M Mixer - IPP# 237050,0,,https://ims.internationalprocessplants.com/inventory/equipment/detail/banbury-mixer/237050,Used,Fabricated Products,Stainless Steel 317,AC05M,Mixer-Banbury
6,237049,Mazzoni TDS-150-N Mixer - IPP# 237049,0,,https://ims.internationalprocessplants.com/inventory/equipment/detail/banbury-mixer/237049,Used,Mazzoni,,TDS-150-N,Mixer-Banbury
7,237044,Stainless Steel 317 Fabricated Products AC05M Mixer - IPP# 237044,0,,https://ims.internationalprocessplants.com/inventory/equipment/detail/banbury-mixer/237044,Used,Fabricated Products,Stainless Steel 317,AC05M,Mixer-Banbury
8,237043,Mazzoni TDS-150-N Mixer - IPP# 237043,0,,https://ims.internationalprocessplants.com/inventory/equipment/detail/banbury-mixer/237043,Used,Mazzoni,,TDS-150-N,Mixer-Banbury
9,237062,Fabricated Products AC05M Mixer - IPP# 237062,0,,https://ims.internationalprocessplants.com/inventory/equipment/detail/banbury-mixer/237062,Used,Fabricated Products,,AC05M,Mixer-Banbury
