"stock_number","title","url","attribute_count","Basket Depth","Basket Diameter","Brake","Clad","Condition","Controls","Filtration Area","G Force","Gas Tight","Load Weight","Manufacturer","Material","Model","Motor Power","Plow Action","Sanitary Construction","Speed-RPM Maximum","Subtype","Type"
"108670","Stainless Steel 316 Auto Discharge-Bottom Centrifuge-Basket - IPP# 108670","https://ims.internationalprocessplants.com/inventory/equipment/detail/108670","11","610 mm (24 in)","1,200 mm (48 in)","","","Used","Yes","","","","","Ketema/Tolhurst","Stainless Steel 316","Center Slung Batch-O-Matic","","Yes","","1,080","Auto Discharge-Bottom","Centrifuge-Basket"
"109930","Stainless Steel 316 Clad Tolhurst Auto Discharge-Bottom Centrifuge-Basket - IPP# 109930","https://ims.internationalprocessplants.com/inventory/equipment/detail/109930","11","610 mm (24 in)","1,200 mm (48 in)","","Yes","Used","","","","","","Tolhurst","Stainless Steel 316","","22.4 kW (30 HP)","Yes","","1,080","Auto Discharge-Bottom","Centrifuge-Basket"
"203027","Auto Discharge-Bottom Centrifuge-Basket 1,200 mm (48 in) Lined For Sale - IPP# 203027","https://ims.internationalprocessplants.com/inventory/equipment/detail/203027","8","762 mm (30 in)","1,200 mm (48 in)","","","Used","","","","","","Ametek","Lined","","","Yes","","","Auto Discharge-Bottom","Centrifuge-Basket"
"203028","Auto Discharge-Bottom Centrifuge-Basket 1,200 mm (48 in) Lined For Sale - IPP# 203028","https://ims.internationalprocessplants.com/inventory/equipment/detail/203028","8","762 mm (30 in)","1,200 mm (48 in)","","","Used","","","","","","Ametek","Lined","","","Yes","","","Auto Discharge-Bottom","Centrifuge-Basket"
"205630","Stainless Steel 316 Ametek Mark III Auto Discharge-Bottom Centrifuge-Basket - IPP# 205630","https://ims.internationalprocessplants.com/inventory/equipment/detail/205630","10","762 mm (30 in)","1,200 mm (48 in)","","","Used","Yes","","","","","Ametek","Stainless Steel 316","Mark III","","","","1,150","Auto Discharge-Bottom","Centrifuge-Basket"
"205951","Auto Discharge-Bottom Centrifuge-Basket 1,500 mm (60 in) Stainless Steel 316 For Sale - IPP# 205951","https://ims.internationalprocessplants.com/inventory/equipment/detail/205951","10","762 mm (30 in)","1,500 mm (60 in)","","","Used","","","","","","Sanborn","Stainless Steel 316","","44.7 kW (60 HP)","Yes","","900","Auto Discharge-Bottom","Centrifuge-Basket"
"205953","Auto Discharge-Bottom Centrifuge-Basket 1,500 mm (60 in) Stainless Steel 316 For Sale - IPP# 205953","https://ims.internationalprocessplants.com/inventory/equipment/detail/205953","9","762 mm (30 in)","1,500 mm (60 in)","","","Used","","","","","","Sanborn","Stainless Steel 316","","22.4 kW (30 HP)","","","850","Auto Discharge-Bottom","Centrifuge-Basket"
"206223","Auto Discharge-Bottom Centrifuge-Basket 1,250 mm (49.2 in) Stainless Steel 316 For Sale - IPP# 206223","https://ims.internationalprocessplants.com/inventory/equipment/detail/206223","9","500 mm (19.7 in)","1,250 mm (49.2 in)","","","Used","","","","","","Krauss Maffei","Stainless Steel 316","PZU 125","18 kW (24.1 HP)","","","","Auto Discharge-Bottom","Centrifuge-Basket"
"206512","Hastelloy - C276 Western States Auto Discharge-Bottom Centrifuge-Basket - IPP# 206512","https://ims.internationalprocessplants.com/inventory/equipment/detail/206512","12","610 mm (24 in)","1,200 mm (48 in)","","","Used","Yes","2.3 m&#xB2; (25.1 ft&#xB2;)","","","","Western States","Hastelloy - C276","","37.3 kW (50 HP)","Yes","","1,000","Auto Discharge-Bottom","Centrifuge-Basket"
"206562","Hastelloy - C276 Ametek Mark III Auto Discharge-Bottom Centrifuge-Basket - IPP# 206562","https://ims.internationalprocessplants.com/inventory/equipment/detail/206562","12","762 mm (30 in)","1,500 mm (60 in)","","","Used","","3.5 m&#xB2; (38 ft&#xB2;)","","","","Ametek","Hastelloy - C276","Mark III","44.7 kW (60 HP)","Yes","","950","Auto Discharge-Bottom","Centrifuge-Basket"
"208036","Auto Discharge-Bottom Centrifuge-Basket 1,200 mm (48 in) Stainless Steel 316 For Sale - IPP# 208036","https://ims.internationalprocessplants.com/inventory/equipment/detail/208036","9","610 mm (24 in)","1,200 mm (48 in)","","","Used","","","","","","DeLaval","Stainless Steel 316","","14.9 kW (20 HP)","Yes","","","Auto Discharge-Bottom","Centrifuge-Basket"
"208050","Auto Discharge-Bottom Centrifuge-Basket 1,200 mm (48 in) Stainless Steel 316 For Sale - IPP# 208050","https://ims.internationalprocessplants.com/inventory/equipment/detail/208050","11","610 mm (24 in)","1,200 mm (48 in)","","","Used","","","","","","DeLaval","Stainless Steel 316","48x24 Mark III","14.9 kW (20 HP)","Yes","","1,150","Auto Discharge-Bottom","Centrifuge-Basket"
"208172","Auto Discharge-Bottom Centrifuge-Basket 1,200 mm (48 in) Stainless Steel 316 For Sale - IPP# 208172","https://ims.internationalprocessplants.com/inventory/equipment/detail/208172","11","610 mm (24 in)","1,200 mm (48 in)","","","Used","","","","Yes","","Sanborn","Stainless Steel 316","","14.9 kW (20 HP)","Yes","","1,150","Auto Discharge-Bottom","Centrifuge-Basket"
"208213","Auto Discharge-Bottom Centrifuge-Basket 1,250 mm (49.2 in) Stainless Steel Other For Sale - IPP# 208213","https://ims.internationalprocessplants.com/inventory/equipment/detail/208213","11","500 mm (19.7 in)","1,250 mm (49.2 in)","","","Used","","1.96 m&#xB2; (21.1 ft&#xB2;)","","","400 kg (882 lb)","Ellerwerk","Stainless Steel Other","736 UA","","","","950","Auto Discharge-Bottom","Centrifuge-Basket"
"208274","Auto Discharge-Bottom Centrifuge-Basket 1,000 mm (39.4 in) Stainless Steel 316 For Sale - IPP# 208274","https://ims.internationalprocessplants.com/inventory/equipment/detail/208274","13","500 mm (19.7 in)","1,000 mm (39.4 in)","","","Used","","1.57 m&#xB2; (16.9 ft&#xB2;)","","Yes","250 kg (551 lb)","Ellerwerk","Stainless Steel 316","735 U-A","","Yes","","1,200","Auto Discharge-Bottom","Centrifuge-Basket"
"208275","Auto Discharge-Bottom Centrifuge-Basket 1,250 mm (49.2 in) Stainless Steel Other For Sale - IPP# 208275","https://ims.internationalprocessplants.com/inventory/equipment/detail/208275","14","600 mm (23.6 in)","1,250 mm (49.2 in)","","","Used","","2.4 m&#xB2; (25.3 ft&#xB2;)","","Yes","450 kg (992 lb)","Ellerwerk","Stainless Steel Other","736 UA","30 kW (40.2 HP)","Yes","","950","Auto Discharge-Bottom","Centrifuge-Basket"
"208345","Auto Discharge-Bottom Centrifuge-Basket 1,250 mm (49.2 in) Stainless Steel Austenitic For Sale - IPP# 208345","https://ims.internationalprocessplants.com/inventory/equipment/detail/208345","11","600 mm (23.6 in)","1,250 mm (49.2 in)","","","Used","","","","","450 kg (992 lb)","Ellerwerk","Stainless Steel Austenitic","736-U-A","","Yes","","950","Auto Discharge-Bottom","Centrifuge-Basket"
"208348","Auto Discharge-Bottom Centrifuge-Basket 1,250 mm (49.2 in) Stainless Steel Austenitic For Sale - IPP# 208348","https://ims.internationalprocessplants.com/inventory/equipment/detail/208348","11","600 mm (23.6 in)","1,250 mm (49.2 in)","","","Used","","","","","450 kg (992 lb)","Ellerwerk","Stainless Steel Austenitic","736 U-A","","Yes","","950","Auto Discharge-Bottom","Centrifuge-Basket"
"209894","Stainless Steel 316 Broadbent 46A Auto Discharge-Bottom Centrifuge-Basket - IPP# 209894","https://ims.internationalprocessplants.com/inventory/equipment/detail/209894","16","610 mm (24 in)","1,200 mm (48 in)","","","Used","Yes","2.3 m&#xB2; (24.7 ft&#xB2;)","800","Yes","349.7 kg (771 lb)","Broadbent","Stainless Steel 316","46A","37 kW (49.6 HP)","Yes","","1,075","Auto Discharge-Bottom","Centrifuge-Basket"
"209895","Stainless Steel 316 Broadbent 46A Auto Discharge-Bottom Centrifuge-Basket - IPP# 209895","https://ims.internationalprocessplants.com/inventory/equipment/detail/209895","16","610 mm (24 in)","1,200 mm (48 in)","","","Used","Yes","2.3 m&#xB2; (24.7 ft&#xB2;)","800","Yes","349.7 kg (771 lb)","Broadbent","Stainless Steel 316","46A","37 kW (49.6 HP)","Yes","","1,075","Auto Discharge-Bottom","Centrifuge-Basket"
"212571","Auto Discharge-Bottom Centrifuge-Basket 1,200 mm (48 in) Carbon Steel For Sale - IPP# 212571","https://ims.internationalprocessplants.com/inventory/equipment/detail/212571","7","508 mm (20 in)","1,200 mm (48 in)","","","Used","","","","","","","Carbon Steel","","","Yes","","","Auto Discharge-Bottom","Centrifuge-Basket"
"213105","Stainless Steel 316 Western States Auto Discharge-Bottom Centrifuge-Basket - IPP# 213105","https://ims.internationalprocessplants.com/inventory/equipment/detail/213105","10","762 mm (30 in)","1,200 mm (48 in)","","","Used","Yes","","","","36.3 kg (80 lb)","Western States","Stainless Steel 316","","","Yes","","","Auto Discharge-Bottom","Centrifuge-Basket"
"213225","Auto Discharge-Bottom Centrifuge-Basket 1,200 mm (48 in) Stainless Steel 316 For Sale - IPP# 213225","https://ims.internationalprocessplants.com/inventory/equipment/detail/213225","11","610 mm (24 in)","1,200 mm (48 in)","","","Used","Yes","","","","","Sharples","Stainless Steel 316","T-1300-48X24-TORNADO","","Yes","","1,150","Auto Discharge-Bottom","Centrifuge-Basket"
"213226","Stainless Steel 316 Auto Discharge-Bottom Centrifuge-Basket - IPP# 213226","https://ims.internationalprocessplants.com/inventory/equipment/detail/213226","12","610 mm (24 in)","1,200 mm (48 in)","","","Refurbished/Rebuilt","Yes","","","","36.3 kg (80 lb)","Sharples","Stainless Steel 316","T1300-48X24-TORNADO","","Yes","","1,150","Auto Discharge-Bottom","Centrifuge-Basket"
"213356","Stainless Steel 316 Auto Discharge-Bottom Centrifuge-Basket - IPP# 213356","https://ims.internationalprocessplants.com/inventory/equipment/detail/213356","11","762 mm (30 in)","1,200 mm (48 in)","","","Used","Yes","","","","","DeLaval","Stainless Steel 316","Mark III","","Yes","","1,504","Auto Discharge-Bottom","Centrifuge-Basket"
"213357","Stainless Steel 316 Sharples Auto Discharge-Bottom Centrifuge-Basket - IPP# 213357","https://ims.internationalprocessplants.com/inventory/equipment/detail/213357","9","762 mm (30 in)","1,200 mm (48 in)","","","Used","Yes","","","","","Sharples","Stainless Steel 316","","","Yes","","","Auto Discharge-Bottom","Centrifuge-Basket"
"213910","Stainless Steel 316 Ketema/Tolhurst Mark III Auto Discharge-Bottom Centrifuge-Basket - IPP# 213910","https://ims.internationalprocessplants.com/inventory/equipment/detail/213910","10","610 mm (24 in)","1,200 mm (48 in)","","","Used","","","","","","Ketema/Tolhurst","Stainless Steel 316","Mark III","","Yes","","1,080","Auto Discharge-Bottom","Centrifuge-Basket"
"217600","Stainless Steel Austenitic Heine 372 Auto Discharge-Bottom Centrifuge-Basket - IPP# 217600","https://ims.internationalprocessplants.com/inventory/equipment/detail/217600","12","630 mm (24.8 in)","1,250 mm (49.2 in)","","","Used","","","","","500 kg (1,100 lb)","Heine","Stainless Steel Austenitic","372","22 kW (29.5 HP)","Yes","","950","Auto Discharge-Bottom","Centrifuge-Basket"
"217889","Auto Discharge-Bottom Centrifuge-Basket 1,250 mm (49.2 in) Hastelloy - C4 For Sale - IPP# 217889","https://ims.internationalprocessplants.com/inventory/equipment/detail/217889","10","630 mm (24.8 in)","1,250 mm (49.2 in)","","","Used","","","","","500 kg (1,100 lb)","Krauss Maffei","Hastelloy - C4","DZU 125/2,5","","","","950","Auto Discharge-Bottom","Centrifuge-Basket"
"221574","Stainless Steel 304 Sharples Zentrifugentechnik Gmbh ST-1600 Auto Discharge-Bottom Centrifuge-Basket - IPP# 221574","https://ims.internationalprocessplants.com/inventory/equipment/detail/221574","14","750 mm (29.5 in)","1,250 mm (49.2 in)","","","Used","","3 m&#xB2; (32.3 ft&#xB2;)","900","","200 kg (440.9 lb)","Sharples Zentrifugentechnik Gmbh","Stainless Steel 304","ST-1600","37 kW (49.6 HP)","Yes","","1,150","Auto Discharge-Bottom","Centrifuge-Basket"
"221575","Auto Discharge-Bottom Centrifuge-Basket 1,250 mm (49.2 in) Stainless Steel 304 For Sale - IPP# 221575","https://ims.internationalprocessplants.com/inventory/equipment/detail/221575","14","750 mm (29.5 in)","1,250 mm (49.2 in)","","","Used","","3 m&#xB2; (32.3 ft&#xB2;)","900","","200 kg (440.9 lb)","Sharples Zentrifugentechnik Gmbh","Stainless Steel 304","Tornadomatic ST-1600","37 kW (49.6 HP)","Yes","","1,150","Auto Discharge-Bottom","Centrifuge-Basket"
"221576","Auto Discharge-Bottom Centrifuge-Basket 1,250 mm (49.2 in) Stainless Steel 304 For Sale - IPP# 221576","https://ims.internationalprocessplants.com/inventory/equipment/detail/221576","14","750 mm (29.5 in)","1,250 mm (49.2 in)","","","Used","","3 m&#xB2; (32.3 ft&#xB2;)","900","","200 kg (440.9 lb)","Sharples Zentrifugentechnik Gmbh","Stainless Steel 304","Tornadomatic ST-1600","37 kW (49.6 HP)","Yes","","1,150","Auto Discharge-Bottom","Centrifuge-Basket"
"221577","Auto Discharge-Bottom Centrifuge-Basket 1,250 mm (49.2 in) Stainless Steel 304 For Sale - IPP# 221577","https://ims.internationalprocessplants.com/inventory/equipment/detail/221577","14","750 mm (29.5 in)","1,250 mm (49.2 in)","","","Used","","3 m&#xB2; (32.3 ft&#xB2;)","900","","200 kg (440.9 lb)","Sharples Zentrifugentechnik Gmbh","Stainless Steel 304","ST-1600","37 kW (49.6 HP)","Yes","","900","Auto Discharge-Bottom","Centrifuge-Basket"
"221578","Auto Discharge-Bottom Centrifuge-Basket 1,250 mm (49.2 in) Stainless Steel 304 For Sale - IPP# 221578","https://ims.internationalprocessplants.com/inventory/equipment/detail/221578","14","750 mm (29.5 in)","1,250 mm (49.2 in)","","","Used","","3 m&#xB2; (32.3 ft&#xB2;)","900","","200 kg (440.9 lb)","Sharples","Stainless Steel 304","ST-1600","37 kW (49.6 HP)","Yes","","900","Auto Discharge-Bottom","Centrifuge-Basket"
"222268","Auto Discharge-Bottom Centrifuge-Basket 1,200 mm (48 in) Stainless Steel 316 For Sale - IPP# 222268","https://ims.internationalprocessplants.com/inventory/equipment/detail/222268","10","762 mm (30 in)","1,200 mm (48 in)","","","Used","Yes","","","","","Western States","Stainless Steel 316","","37.3 kW (50 HP)","Yes","","","Auto Discharge-Bottom","Centrifuge-Basket"
"231006","Centrifuge Basket Auto Discharge-Bottom Ellerwerk 736U-A  Stainless Steel 316 - IPP# 231006","https://ims.internationalprocessplants.com/inventory/equipment/detail/231006","14","800 mm (31.5 in)","1,250 mm (49.2 in)","","","Used","","3.2 m&#xB2; (33.9 ft&#xB2;)","","Yes","550 kg (1,200 lb)","Ellerwerk","Stainless Steel 316","736U-A","40 kW (53.6 HP)","Yes","","1,110","Auto Discharge-Bottom","Centrifuge-Basket"
"233164","Stainless Steel 316 Ferrum DSZ Auto Discharge-Bottom Centrifuge-Basket - IPP# 233164","https://ims.internationalprocessplants.com/inventory/equipment/detail/233164","15","610 mm (24 in)","1,250 mm (49 in)","","","Used","","2.5 m&#xB2; (26.5 ft&#xB2;)","630","Yes","500 kg (1,100 lb)","Ferrum","Stainless Steel 316","DSZ","22 kW (29.5 HP)","","Yes","950","Auto Discharge-Bottom","Centrifuge-Basket"
"233182","Stainless Steel 316 Ferrum DSZ-UR/T/HA Auto Discharge-Bottom Centrifuge-Basket - IPP# 233182","https://ims.internationalprocessplants.com/inventory/equipment/detail/233182","14","610 mm (24 in)","1,250 mm (49 in)","","","Used","","2.5 m&#xB2; (26.5 ft&#xB2;)","630","Yes","500 kg (1,100 lb)","Ferrum","Stainless Steel 316","DSZ-UR/T/HA","3.7 kW (5 HP)","","","950","Auto Discharge-Bottom","Centrifuge-Basket"
"233184","Stainless Steel 316 Ferrum DSZ-UR Auto Discharge-Bottom Centrifuge-Basket - IPP# 233184","https://ims.internationalprocessplants.com/inventory/equipment/detail/233184","15","610 mm (24 in)","1,250 mm (49 in)","","","Used","","2.5 m&#xB2; (26.5 ft&#xB2;)","630","Yes","500 kg (1,100 lb)","Ferrum","Stainless Steel 316","DSZ-UR","16.4 kW (22 HP)","","Yes","950","Auto Discharge-Bottom","Centrifuge-Basket"
"245494","Stainless Steel 316 Auto Discharge-Bottom Centrifuge-Basket - IPP# 245494","https://ims.internationalprocessplants.com/inventory/equipment/detail/245494","13","508 mm (20 in)","1,200 mm (48 in)","Yes","","Used","Yes","","206","","","Tolhurst","Stainless Steel 316","","29.8 kW (40 HP)","Yes","","900","Auto Discharge-Bottom","Centrifuge-Basket"
"246745","Centrifuge-Basket DeLaval DMPA Auto Discharge-Bottom Stainless Steel 316 - IPP# 246745","https://ims.internationalprocessplants.com/inventory/equipment/detail/246745","14","762 mm (30 in)","1,500 mm (60 in)","","","Used","Yes","3.5 m&#xB2; (38 ft&#xB2;)","600","","895 kg (1,950 lb)","DeLaval","Stainless Steel 316","","37.3 kW (50 HP)","Yes","","840","Auto Discharge-Bottom","Centrifuge-Basket"
"246746","Auto Discharge-Bottom Centrifuge-Basket 1,500 mm (60 in) Stainless Steel 316 For Sale - IPP# 246746","https://ims.internationalprocessplants.com/inventory/equipment/detail/246746","14","762 mm (30 in)","1,500 mm (60 in)","","","Used","Yes","3.5 m&#xB2; (38 ft&#xB2;)","600","","895 kg (1,950 lb)","DeLaval","Stainless Steel 316","","1.49 kW (2 HP)","Yes","","840","Auto Discharge-Bottom","Centrifuge-Basket"
"246747","Auto Discharge-Bottom Centrifuge-Basket 1,500 mm (60 in) Stainless Steel 316 For Sale - IPP# 246747","https://ims.internationalprocessplants.com/inventory/equipment/detail/246747","14","762 mm (30 in)","1,500 mm (60 in)","","","Used","Yes","3.5 m&#xB2; (38 ft&#xB2;)","600","","895 kg (1,950 lb)","DeLaval","Stainless Steel 316","","6 kW (8 HP)","Yes","","840","Auto Discharge-Bottom","Centrifuge-Basket"
"246897","Auto Discharge-Bottom Centrifuge-Basket 1,200 mm (48 in) Stainless Steel 316 For Sale - IPP# 246897","https://ims.internationalprocessplants.com/inventory/equipment/detail/246897","14","762 mm (30 in)","1,200 mm (48 in)","","","Used","Yes","3 m&#xB2; (32 ft&#xB2;)","900","","523 kg (1,150 lb)","ATM/DeLaval","Stainless Steel 316","Mark III Perforate","","Yes","","1,150","Auto Discharge-Bottom","Centrifuge-Basket"
"28588","Auto Discharge-Bottom Centrifuge-Basket 1,000 mm (40 in) Stainless Steel 304 For Sale - IPP# 28588","https://ims.internationalprocessplants.com/inventory/equipment/detail/28588","10","508 mm (20 in)","1,000 mm (40 in)","","","Used","","","","","","Tolhurst","Stainless Steel 304",""Batch-o-matic"","","Yes","","1,150","Auto Discharge-Bottom","Centrifuge-Basket"
"30789","Auto Discharge-Bottom Centrifuge-Basket 1,000 mm (40 in) Stainless Steel 316 For Sale - IPP# 30789","https://ims.internationalprocessplants.com/inventory/equipment/detail/30789","12","610 mm (24 in)","1,000 mm (40 in)","","","Used","","1.95 m&#xB2; (21 ft&#xB2;)","460","","","Tolhurst","Stainless Steel 316","","11.2 kW (15 HP)","Yes","","900","Auto Discharge-Bottom","Centrifuge-Basket"
"36652","Auto Discharge-Bottom Centrifuge-Basket 1,000 mm (40 in) Stainless Steel 304 For Sale - IPP# 36652","https://ims.internationalprocessplants.com/inventory/equipment/detail/36652","10","457.2 mm (18 in)","1,000 mm (40 in)","","","Refurbished/Rebuilt","","","","","","Tolhurst","Stainless Steel 304","","14.9 kW (20 HP)","Yes","","1,150","Auto Discharge-Bottom","Centrifuge-Basket"
"38893","Stainless Steel 316 Robatel DTS-1250-K2 Auto Discharge-Bottom Centrifuge-Basket - IPP# 38893","https://ims.internationalprocessplants.com/inventory/equipment/detail/38893","12","762 mm (30 in)","1,200 mm (48 in)","","","Refurbished/Rebuilt","","","1,300","","450 kg (992 lb)","Robatel","Stainless Steel 316","DTS-1250-K2","","Yes","","1,400","Auto Discharge-Bottom","Centrifuge-Basket"
"706353","Auto Discharge-Bottom Centrifuge-Basket 1,200 mm (47.2 in) Stainless Steel 316 For Sale - IPP# 706353","https://ims.internationalprocessplants.com/inventory/equipment/detail/706353","13","400 mm (15.7 in)","1,200 mm (47.2 in)","","","Used","Yes","","","Yes","","Broadbent","Stainless Steel 316","46A","18.5 kW (24.8 HP)","Yes","","950","Auto Discharge-Bottom","Centrifuge-Basket"
"71363","Stainless Steel 316 Sangerhausen FZPU1000-C-AHS Auto Discharge-Bottom Centrifuge-Basket - IPP# 71363","https://ims.internationalprocessplants.com/inventory/equipment/detail/71363","14","508 mm (20 in)","1,000 mm (40 in)","","","Refurbished/Rebuilt","Yes","","568","","250 kg (551 lb)","Sangerhausen","Stainless Steel 316","FZPU1000-C-AHS","18.5 kW (24.8 HP)","Yes","","1,200","Auto Discharge-Bottom","Centrifuge-Basket"
"79227","Carbon Steel Robatel DTS-1250-K2 Auto Discharge-Bottom Centrifuge-Basket - IPP# 79227","https://ims.internationalprocessplants.com/inventory/equipment/detail/79227","12","762 mm (30 in)","1,200 mm (48 in)","","","Refurbished/Rebuilt","","","1,300","","450 kg (992 lb)","Robatel","Stainless Steel Other","DTS-1250-K2","","Yes","","1,400","Auto Discharge-Bottom","Centrifuge-Basket"
"79229","Stainless Steel 316 Robatel DTS-1250-K2 Auto Discharge-Bottom Centrifuge-Basket - IPP# 79229","https://ims.internationalprocessplants.com/inventory/equipment/detail/79229","11","762 mm (30 in)","1,200 mm (48 in)","","","Refurbished/Rebuilt","","","1,300","","450 kg (992 lb)","Robatel","Stainless Steel Other","DTS-1250-K2","","","","1,400","Auto Discharge-Bottom","Centrifuge-Basket"
"79231","Stainless Steel 316 Robatel DTS-1250-K2 Auto Discharge-Bottom Centrifuge-Basket - IPP# 79231","https://ims.internationalprocessplants.com/inventory/equipment/detail/79231","11","762 mm (30 in)","1,200 mm (48 in)","","","Refurbished/Rebuilt","","","","","450 kg (992 lb)","Robatel","Stainless Steel Other","DTS-1250-K2","","Yes","","1,400","Auto Discharge-Bottom","Centrifuge-Basket"
"81563","Stainless Steel 316 Heine 17-32 Auto Discharge-Bottom Centrifuge-Basket - IPP# 81563","https://ims.internationalprocessplants.com/inventory/equipment/detail/81563","13","610 mm (24 in)","1,200 mm (48 in)","Yes","","Refurbished/Rebuilt","","","","Yes","","Heine","Stainless Steel 316","17-32","35.8 kW (48 HP)","Yes","","980","Auto Discharge-Bottom","Centrifuge-Basket"
"81820","Stainless Steel 316 Hydromatick 17-3222-0 Auto Discharge-Bottom Centrifuge-Basket - IPP# 81820","https://ims.internationalprocessplants.com/inventory/equipment/detail/81820","14","610 mm (24 in)","1,000 mm (40 in)","","","Refurbished/Rebuilt","","1.89 m&#xB2; (20.3 ft&#xB2;)","537","","399.2 kg (880 lb)","Hydromatick","Stainless Steel 316","17-3222-0","35.8 kW (48 HP)","Yes","","980","Auto Discharge-Bottom","Centrifuge-Basket"
"87365","Stainless Steel 316 Tolhurst Auto Discharge-Bottom Centrifuge-Basket - IPP# 87365","https://ims.internationalprocessplants.com/inventory/equipment/detail/87365","8","508 mm (20 in)","1,000 mm (40 in)","","","Used","","","","","","Tolhurst","Stainless Steel 316","","","Yes","","","Auto Discharge-Bottom","Centrifuge-Basket"
"89148","Auto Discharge-Bottom Centrifuge-Basket 1,000 mm (40 in) Carbon Steel For Sale - IPP# 89148","https://ims.internationalprocessplants.com/inventory/equipment/detail/89148","10","610 mm (24 in)","1,000 mm (40 in)","","","Used","","","800","","38.6 kg (85 lb)","Tolhurst","Carbon Steel","","","","","1,200","Auto Discharge-Bottom","Centrifuge-Basket"
"91124","Centrifuge Basket Auto Discharge Bottom ATM / DeLaval Mark III Stainless Steel 316 - IPP# 91124","https://ims.internationalprocessplants.com/inventory/equipment/detail/91124","11","508 mm (20 in)","914 mm (36 in)","","","Refurbished/Rebuilt","","","1,300","","","ATM/DeLaval","Stainless Steel 316","Mark III","","Yes","","1,600","Auto Discharge-Bottom","Centrifuge-Basket"
"92402","Stainless Steel 304 DeLaval Auto Discharge-Bottom Centrifuge-Basket - IPP# 92402","https://ims.internationalprocessplants.com/inventory/equipment/detail/92402","10","508 mm (20 in)","914 mm (36 in)","","","Refurbished/Rebuilt","","","1,300","","","DeLaval","Stainless Steel 304","","","Yes","","1,600","Auto Discharge-Bottom","Centrifuge-Basket"
"92503","Stainless Steel 316 Tolhurst Auto Discharge-Bottom Centrifuge-Basket - IPP# 92503","https://ims.internationalprocessplants.com/inventory/equipment/detail/92503","11","508 mm (20 in)","1,200 mm (48 in)","","","Refurbished/Rebuilt","","","800","","","Tolhurst","Stainless Steel 316","","14.9 kW (20 HP)","Yes","","1,080","Auto Discharge-Bottom","Centrifuge-Basket"
"92881","Stainless Steel 316 Sharples Auto Discharge-Bottom Centrifuge-Basket - IPP# 92881","https://ims.internationalprocessplants.com/inventory/equipment/detail/92881","11","610 mm (24 in)","1,000 mm (40 in)","","","Refurbished/Rebuilt","","","900","","","Sharples","Stainless Steel 316","","14.9 kW (20 HP)","Yes","","1,250","Auto Discharge-Bottom","Centrifuge-Basket"
"92882","Auto Discharge-Bottom Centrifuge-Basket 914 mm (36 in) Stainless Steel 316 For Sale - IPP# 92882","https://ims.internationalprocessplants.com/inventory/equipment/detail/92882","11","508 mm (20 in)","914 mm (36 in)","","","Refurbished/Rebuilt","","","900","","","DeLaval","Stainless Steel 316","Mark III","","Yes","","1,325","Auto Discharge-Bottom","Centrifuge-Basket"
"92888","Auto Discharge-Bottom Centrifuge-Basket 914 mm (36 in) Stainless Steel 316 For Sale - IPP# 92888","https://ims.internationalprocessplants.com/inventory/equipment/detail/92888","10","508 mm (20 in)","914 mm (36 in)","","","Refurbished/Rebuilt","","","900","","","DeLaval","Stainless Steel 316","Mark III","","","","1,325","Auto Discharge-Bottom","Centrifuge-Basket"
"94827","Stainless Steel 316 Tolhurst Auto Discharge-Bottom Centrifuge-Basket - IPP# 94827","https://ims.internationalprocessplants.com/inventory/equipment/detail/94827","10","508 mm (20 in)","1,000 mm (40 in)","","","Used","","","460","","","Tolhurst","Stainless Steel 316","","","Yes","","900","Auto Discharge-Bottom","Centrifuge-Basket"
"95083","Auto Discharge-Bottom Centrifuge-Basket 914 mm (36 in) Stainless Steel 316 For Sale - IPP# 95083","https://ims.internationalprocessplants.com/inventory/equipment/detail/95083","10","508 mm (20 in)","914 mm (36 in)","","","Used","","","","","","ATM/DeLaval","Stainless Steel 316","Mark III","22.4 kW (30 HP)","Yes","","","Auto Discharge-Bottom","Centrifuge-Basket"
"95651","Stainless Steel Other Ferrum V4A Auto Discharge-Bottom Centrifuge-Basket - IPP# 95651","https://ims.internationalprocessplants.com/inventory/equipment/detail/95651","10","355.6 mm (14 in)","762 mm (30 in)","","","Used","","","","","105 kg (231.5 lb)","Ferrum","Stainless Steel Other","V4A","","","","1,000","Auto Discharge-Bottom","Centrifuge-Basket"
