"stock_number","title","url","attribute_count","Bottom Head Fastening","Bottom Head MOC","Bottom Head Type","Cake Volume","Condition","Diameter","Filtration Area","Jacket","Jacket MOC","Jacket Pressure","Jacket Temperature","Jacket Type","Manufacturer","Material","Model","Nozzle Schedule","Orientation","Outlet Discharge Width","Overall Height","Overall Length","Pressure","Rake","Straight Side Length","Subtype","Support  Type","Support Details","Temperature","Top Head Fastening","Top Head MOC","Top Head Type","Type","Vacuum"
"100624","Nutsche Filter   For Sale - IPP# 100624","https://ims.internationalprocessplants.com/inventory/equipment/detail/100624","9","","","","","Used","889 mm (35 in)","","Yes","Stainless Steel 316","","","","","","","Openings: jkt 3-1 1/4" (31mm).","","","508 mm (20 in)","","","","","Nutsche","","Mtd on (4) lugs.","","","","","Filter",""
"107498","Stainless Steel Austenitic Nutsche Filter - IPP# 107498","https://ims.internationalprocessplants.com/inventory/equipment/detail/107498","28","Bolted","Stainless Steel Austenitic","Flat","0.12 m3 (4.2 ft3)","Used","584 mm (23 in)","0.3 m&#xB2; (3.2 ft&#xB2;)","Yes","Stainless Steel Austenitic","6 bar (87.2 psi)","61.7 °C (143 °F)","Half Pipe/Limpet","Seitz-Werke","Stainless Steel Austenitic","60/1","Openings: top 2-12mm, 1-10mm; jacket 2-25mm; bottom plate head 1-25mm.","Vertical","","","450 mm (17.7 in)","6 bar (87 psi)","","450 mm (17.7 in)","Nutsche","Legs","Filter mounted on steel base with casters.","143 °C (289.4 °F)","Welded","Stainless Steel Austenitic","Dish","Filter",""
"208322","Nutsche Filter 0.85 m&#xB2; (9.1 ft&#xB2;) Stainless Steel 316 For Sale - IPP# 208322","https://ims.internationalprocessplants.com/inventory/equipment/detail/208322","16","Clamped","","Flat","","Used","1,000 mm (39.4 in)","0.85 m&#xB2; (9.1 ft&#xB2;)","Yes","","6 bar (87 psi)","165 °C (329 °F)","","Seitz","Stainless Steel 316","EF-100.300-CW","","","","","","6 bar (87 psi)","","","Nutsche","","mounted on a steel frame","165 °C (329 °F)","","","","Filter",""
"217610","Stainless Steel 316 Seitz EF100-500-CW Nutsche Filter - IPP# 217610","https://ims.internationalprocessplants.com/inventory/equipment/detail/217610","20","Clamped","","Dish","","Used","910 mm (35.8 in)","","Yes","","1 bar (14.5 psi)","200 °C (392 °F)","","Seitz-Werke","Stainless Steel 316","EF100-500-CW","openings top: 1-200mm ,1-80mm, 2-50mm, 1-30mm, jacket: 2-25mm, bottom: 1-50mm","","","","640 mm (25.2 in)","6 bar (87 psi)","","","Nutsche","Legs","Mounted on 4-legs","200 °C (392 °F)","Clamped","","Dish","Filter",""
"217622","Nutsche Filter  Stainless Steel Austenitic For Sale - IPP# 217622","https://ims.internationalprocessplants.com/inventory/equipment/detail/217622","16","Clamped","","Dish","","Used","600 mm (23.6 in)","","Yes","","8 bar (116 psi)","300 °C (572 °F)","","Wollner & Platz","Stainless Steel Austenitic","","openings top: 2-100mm sightglasses, 1-50mm (center), 3-25mm, straight side: 2-25mm (jacket), bottom: 1-50mm (center), 2-25mm (jacket),","","","","450 mm (17.7 in)","6 bar (87 psi)","","","Nutsche","","mounted on carbon steel frame","300 °C (572 °F)","","","","Filter",""
"217623","Stainless Steel Austenitic Wollner &amp; Platz Nutsche Filter - IPP# 217623","https://ims.internationalprocessplants.com/inventory/equipment/detail/217623","15","Clamped","","","","Used","600 mm (23.6 in)","","","Stainless Steel Other","8 bar (116 psi)","300 °C (572 °F)","","Wollner & Platz","Stainless Steel Austenitic","","openings top: 2-100mm sightglasses, 1-50mm (center), 3-25mm, straight side: 2-25mm (jacket), bottom: 1-50mm (center), 2-25mm (jacket),","","","","450 mm (17.7 in)","6 bar (87 psi)","","","Nutsche","","mounted on carbon steel frame,","300 °C (572 °F)","","","","Filter",""
"245508","Glasslined Nutsche Filter - IPP# 245508","https://ims.internationalprocessplants.com/inventory/equipment/detail/245508","23","Clamped","Glasslined","Elliptical","","Used","813 mm (32 in)","0.52 m&#xB2; (5.6 ft&#xB2;)","Yes","Stainless Steel 316","10.3 bar (150 psi)","232.2 °C (450 °F)","Standard","Pfaudler","Glasslined","","","Vertical","76.2 mm (3 in)","","","3.4 bar (50 psi)","","","Nutsche","Legs","","232.2 °C (450 °F)","Clamped","Glasslined","Elliptical","Filter",""
"705382","Nutsche Filter  Stainless Steel 316 For Sale - IPP# 705382","https://ims.internationalprocessplants.com/inventory/equipment/detail/705382","12","Welded","","Cone","","Used","900 mm (35.4 in)","","","","","","","Nutsche","Stainless Steel 316","","Openings: top 2-100mm, 1-12mm; bottom 2-25mm.","","","300 mm (11.8 in)","","","","","Nutsche","Legs","Mounted on (4) legs with casters.","","","","","Filter",""
"706724","Stainless Steel 316 JENS OLSEN Nutsche Filter - IPP# 706724","https://ims.internationalprocessplants.com/inventory/equipment/detail/706724","18","Bolted","","Dish","","Used","1,500 mm (59.1 in)","1.75 m&#xB2; (18.8 ft&#xB2;)","Yes","","2 bar (29 psi)","134 °C (273.2 °F)","","JENS OLSEN","Stainless Steel 316","","","","","","","2 bar (29 psi)","","870 mm (34.3 in)","Nutsche","","mounted in (2) 'A' frames","134 °C (273.2 °F)","Welded","","Dish","Filter",""
"706725","Stainless Steel 316 JENS OLSEN Nutsche Filter - IPP# 706725","https://ims.internationalprocessplants.com/inventory/equipment/detail/706725","22","Bolted","Stainless Steel 316","Dish","","Used","1,900 mm (74.8 in)","2.8 m&#xB2; (29.6 ft&#xB2;)","Yes","","2 bar (29 psi)","134 °C (273.2 °F)","","JENS OLSEN","Stainless Steel 316","","","Vertical","","","","2 bar (29 psi)","","1,000 mm (39.4 in)","Nutsche","","filter mounted in (2) 'A' frames","134 °C (273.2 °F)","Welded","Stainless Steel 316","Dish","Filter","Yes"
"89955","Nutsche Filter 6 m&#xB2; (64.6 ft&#xB2;) Stainless Steel 316 For Sale - IPP# 89955","https://ims.internationalprocessplants.com/inventory/equipment/detail/89955","10","","","","","Used","2,800 mm (110.2 in)","6 m&#xB2; (64.6 ft&#xB2;)","","","","","","Von Roll (Switzerland)","Stainless Steel 316","","(2) 100mm dia fluid nozzles","","","","500 mm (19.7 in)","","Yes","","Nutsche","","","","","","","Filter",""
