"url","status","notes"
"https://ims.internationalprocessplants.com/inventory/equipment/detail/air-dryer/refrigerant-heat/246767","LIVE",""
"https://ims.internationalprocessplants.com/inventory/equipment/detail/air-dryer/refrigerant-heat/103369","LIVE",""
"https://ims.internationalprocessplants.com/inventory/equipment/detail/air-dryer/refrigerant-heat/246811","LIVE",""
"https://ims.internationalprocessplants.com/inventory/equipment/detail/air-dryer/refrigerant-heat/221295","LIVE",""
"https://ims.internationalprocessplants.com/inventory/equipment/detail/air-dryer/refrigerant-heat/221294","LIVE",""
"https://ims.internationalprocessplants.com/inventory/equipment/detail/air-dryer/refrigerant-heat/210342","LIVE",""
"https://ims.internationalprocessplants.com/inventory/equipment/detail/air-dryer/refrigerant-heat/245818","LIVE",""
"https://ims.internationalprocessplants.com/inventory/equipment/detail/air-dryer/refrigerant-heat/245817","LIVE",""
"https://ims.internationalprocessplants.com/inventory/equipment/detail/air-dryer/refrigerant-heat/208894","LIVE",""
"https://ims.internationalprocessplants.com/inventory/equipment/detail/air-dryer/refrigerant-heat/246766","LIVE",""
"https://ims.internationalprocessplants.com/inventory/equipment/detail/air-dryer/refrigerant-heat/208891","LIVE",""
"https://ims.internationalprocessplants.com/inventory/equipment/detail/air-dryer/refrigerant-heat/210341","LIVE",""
