"stock_number","title","url","attribute_count","Bottom Head Fastening","Bottom Head Type","Clad","Condenser","Condition","Controls","Evaporation Rate","Feed Heating","MVR","Manufacturer","Material","Model","Number of Effects","Number of Tubes","Orientation","Pressure","Pump Details","Steam Chest # 2","Steam Chest #1","Subtype","Support Details","Support Type","Temperature","Top Head Fastening","Top Head type","Total Heat Transfer Surface Area","Tube Diameter","Tube Length","Tube Material","Tube Thickness","Tubesheet Material","Type","Vacuum","Vapor Body # 2","Vapor Body #1"
"201492","Rising/Falling Film Evaporator 1,350 kg/h (3,000 lb/h) Stainless Steel 316 For Sale - IPP# 201492","https://ims.internationalprocessplants.com/inventory/equipment/detail/201492","14","Welded","Cone","","","Used","","1,350 kg/h (3,000 lb/h)","","","DeSmet","Stainless Steel 316","","","","Vertical","3 bar (43.5 psi)","","","","Rising/Falling Film","mounted on lugs","Lugs","160 °C (320 °F)","","","18 m&#xB2; (194 ft&#xB2;)","","","","","","Evaporator","","",""
"207646","Stainless Steel 304 Rising/Falling Film Evaporator - IPP# 207646","https://ims.internationalprocessplants.com/inventory/equipment/detail/207646","18","","Cone","","","Used","","340.2 kg/h (750 lb/h)","","","","Stainless Steel 304","","","38","","2.1 bar (30 psi)","","","","Rising/Falling Film","mounted on lugs","Lugs","147.2 °C (297 °F)","Welded","Dish","","38.1 mm (1.5 in)","3,050 mm (120 in)","","1.02 mm (0.04 in)","","Evaporator","Yes","","with a 2000 gallon 304SS vapor body"
"207655","Rising/Falling Film Evaporator 45.4 kg/h (100 lb/h)  For Sale - IPP# 207655","https://ims.internationalprocessplants.com/inventory/equipment/detail/207655","11","","","","","Used","","45.4 kg/h (100 lb/h)","","","Cream City Boiler","","","","","","3.4 bar (50 psi)","","","","Rising/Falling Film","Mounted on legs.","Legs","176.7 °C (350 °F)","","","20 m&#xB2; (215.3 ft&#xB2;)","","","","","","Evaporator","","","vapor body is a 500 gallon 316SS vessel"
"207947","Rising/Falling Film Evaporator 100 kg/h (220.5 lb/h) Stainless Steel Austenitic For Sale - IPP# 207947","https://ims.internationalprocessplants.com/inventory/equipment/detail/207947","23","Welded","Dish","Yes","","Used","Yes","100 kg/h (220.5 lb/h)","","","Wiegand/Becker","Stainless Steel Austenitic","","","10","","3.2 bar (46.4 psi)","centrifugal circulation pumps,","","","Rising/Falling Film","mounted on lugs","Lugs","150 °C (302 °F)","Bolted","Dish","3.8 m&#xB2; (40.6 ft&#xB2;)","34 mm (1.34 in)","4,000 mm (157.5 in)","Stainless Steel 316","","","Evaporator","Yes","",""
"212762","Rising/Falling Film Evaporator 14,000 kg/h (30,850 lb/h) Stainless Steel Austenitic For Sale - IPP# 212762","https://ims.internationalprocessplants.com/inventory/equipment/detail/212762","23","Welded","Dish","","","Used","","14,000 kg/h (30,850 lb/h)","","","Wiegand","Stainless Steel Austenitic","","","806","Vertical","3 bar (43.5 psi)","(3) Stainless steel centrifugal feed pumps","","","Rising/Falling Film","mounted on legs","Legs","","Welded","Dish","696 m&#xB2; (7,500 ft&#xB2;)","42.4 mm (1.67 in)","7,000 mm (275.6 in)","Stainless Steel 316","1.5 mm (0.06 in)","Stainless Steel 316","Evaporator","Yes","",""
"214130","Rising/Falling Film Evaporator  Stainless Steel 316 For Sale - IPP# 214130","https://ims.internationalprocessplants.com/inventory/equipment/detail/214130","14","","","","","Used","","","","","","Stainless Steel 316","","","31","Vertical","8 bar (116 psi)","","","","Rising/Falling Film","Mounted on (2) lugs","Lugs","170 °C (338 °F)","","","17.3 m&#xB2; (186.2 ft&#xB2;)","44.5 mm (1.75 in)","4,000 mm (157.5 in)","","","","Evaporator","Yes","",""
"215278","Rising/Falling Film Evaporator APV Three Effect Stainless Steel 316 - IPP# 215278","https://ims.internationalprocessplants.com/inventory/equipment/detail/215278","18","Bolted","Dish","","","Used","","","","","APV","Stainless Steel 316","","","174","","10 bar (145 psi)","","","","Rising/Falling Film","mounted on a carbon steel skirt","Skirt","104 °C (219.2 °F)","","","","50 mm (1.97 in)","7,000 mm (275.6 in)","Stainless Steel 316","1.02 mm (0.04 in)","Stainless Steel 316","Evaporator","Yes","",""
"215279","Rising/Falling Film Evaporator 7,600 kg/h (16,800 lb/h) Stainless Steel 316 For Sale - IPP# 215279","https://ims.internationalprocessplants.com/inventory/equipment/detail/215279","19","","","","","Used","","7,600 kg/h (16,800 lb/h)","","","APV Mitchell","Stainless Steel 316","","","711","","1.03 bar (15 psi)","","","","Rising/Falling Film","mounted on lugs","Lugs","90 °C (194 °F)","","Dish","24.9 m&#xB2; (268 ft&#xB2;)","38.1 mm (1.5 in)","508 mm (20 in)","Stainless Steel 316","0.06 mm (0.002 in)","Stainless Steel 316","Evaporator","Yes","",""
"216076","Evaporator Rising/Falling Film Two Effect Stainless Steel 304 - IPP# 216076","https://ims.internationalprocessplants.com/inventory/equipment/detail/216076","5","","","","","Used","","7,250 kg/h (16,000 lb/h)","","","","Stainless Steel 304","","","","","","","","","Rising/Falling Film","","","","","","","","","","","","Evaporator","","",""
"216077","Rising/Falling Film Evaporator 2,250 kg/h (5,000 lb/h) Stainless Steel 304 For Sale - IPP# 216077","https://ims.internationalprocessplants.com/inventory/equipment/detail/216077","21","Welded","Dish","","","Used","","2,250 kg/h (5,000 lb/h)","","","Paget Equipment","Stainless Steel 304","","","399","Vertical","10.3 bar (150 psi)","","","","Rising/Falling Film","mounted on legs","Legs","232.2 °C (450 °F)","Welded","Dish","67.4 m&#xB2; (725 ft&#xB2;)","19.1 mm (0.75 in)","2,900 mm (115 in)","","1.65 mm (0.06 in)","","Evaporator","Yes","",""
"220572","Rising/Falling Film Evaporator 12 kg/h (26.5 lb/h) Stainless Steel Austenitic For Sale - IPP# 220572","https://ims.internationalprocessplants.com/inventory/equipment/detail/220572","12","","","","","Used","","12 kg/h (26.5 lb/h)","","","Kleiser Gmbh","Stainless Steel Austenitic","","","","","6 bar (87 psi)","","","","Rising/Falling Film","","","200 °C (392 °F)","","","66.5 m&#xB2; (716 ft&#xB2;)","","5,000 mm (196.9 in)","Stainless Steel Other","","","Evaporator","Yes","",""
"220581","Rising/Falling Film Evaporator  Stainless Steel Austenitic For Sale - IPP# 220581","https://ims.internationalprocessplants.com/inventory/equipment/detail/220581","10","","","","","Used","","","","","Kleiser Gmbh","Stainless Steel Austenitic","","","","","6 bar (87 psi)","","","","Rising/Falling Film","","","200 °C (392 °F)","","","90 m&#xB2; (969 ft&#xB2;)","","","Stainless Steel Austentic","","","Evaporator","Yes","",""
"220585","Rising/Falling Film Evaporator  Stainless Steel Austenitic For Sale - IPP# 220585","https://ims.internationalprocessplants.com/inventory/equipment/detail/220585","13","","","","","Used","","","","","Pitton-Gessner/Germany","Stainless Steel Austenitic","1.4571/H2","","","","3 bar (43.5 psi)","","","","Rising/Falling Film","mounted on 2 lugs","Lugs","200 °C (392 °F)","","","49.8 m&#xB2; (536 ft&#xB2;)","","","Stainless Steel Other","","","Evaporator","Yes","",""
"220589","Rising/Falling Film Evaporator  Stainless Steel 321 For Sale - IPP# 220589","https://ims.internationalprocessplants.com/inventory/equipment/detail/220589","9","","","","","Used","","","","","Pitton-Gessner/Germany","Stainless Steel 321","","","","","3 bar (43.5 psi)","","","","Rising/Falling Film","","","200 °C (392 °F)","","","40 m&#xB2; (430.6 ft&#xB2;)","","","","","","Evaporator","Yes","",""
"220593","Rising/Falling Film Evaporator  Stainless Steel 321 For Sale - IPP# 220593","https://ims.internationalprocessplants.com/inventory/equipment/detail/220593","9","","","","","Used","","","","","Pitton-Gessner/Germany","Stainless Steel 321","","","","","3 bar (43.5 psi)","","","","Rising/Falling Film","","","200 °C (392 °F)","","","40 m&#xB2; (430.6 ft&#xB2;)","","","","","","Evaporator","Yes","",""
"220739","Stainless Steel 316 Rising/Falling Film Evaporator - IPP# 220739","https://ims.internationalprocessplants.com/inventory/equipment/detail/220739","9","","","","","Used","","7,250 kg/h (16,000 lb/h)","","","Buflovak/Blaw Knox","Stainless Steel 316","","","","","3.4 bar (50 psi)","","","","Rising/Falling Film","","","148.9 °C (300 °F)","","","83.6 m&#xB2; (900 ft&#xB2;)","","","","","","Evaporator","","",""
"222987","Rising/Falling Film Evaporator  Stainless Steel 316 For Sale - IPP# 222987","https://ims.internationalprocessplants.com/inventory/equipment/detail/222987","16","Welded","Dish","","","Used","","","","","Apparatebau Crimmitschau GmbH/Germany","Stainless Steel 316","","","","Vertical","3 bar (43.5 psi)","(1.4408) stainless steel circulation pump, manufactured by Klaus Union, type SLMSVB32/01-09E02WS, serial number P00054548","","","Rising/Falling Film","mounted on a carbon steel base plate","","200 °C (392 °F)","Bolted","Flat","9.9 m&#xB2; (106 ft&#xB2;)","","","","","","Evaporator","Yes","",""
"225370","Titanium Rising/Falling Film Evaporator - IPP# 225370","https://ims.internationalprocessplants.com/inventory/equipment/detail/225370","24","Welded","Dish","","","Used","","36,300 kg/h (80,000 lb/h)","","","Plant Maintenance Services Corp. (PMS)","Titanium","","","927","Vertical","1.38 bar (20 psi)","","","","Rising/Falling Film","Openings include a 26" diameter 304LSS Vapor inlet, (2) 18" diameter Inconel 825 openings, (1) 24" diameter Inconel 825 manway, (1) 24" 304LSS manway, The evaporator is mounted on a I beam skid 18&#x2019; high","Legs","148.9 °C (300 °F)","Bolted","Dish","1,450 m&#xB2; (15,850 ft&#xB2;)","50.8 mm (2 in)","10,950 mm (432 in)","Titanium","0.91 mm (0.04 in)","Inconel","Evaporator","Yes","","Tube/Inconel 825 vapor body"
"228146","Rising / Falling Film Evaporator part of Zero Discharge System brine evaporator/crystallizer system (ZLD) - IPP# 228146","https://ims.internationalprocessplants.com/inventory/equipment/detail/228146","17","","","","","Used","Yes","18,150 kg/h (40,000 lb/h)","","Yes","Betchel","Titanium","130T","","","Vertical","","The recirculation pump(Plant # P-034-A/B) is an AC/ITT single stage, open impeller, horizontal centrifugal pump.","","","Rising/Falling Film","","Skirt","","","","","50.8 mm (2 in)","7,300 mm (288 in)","Titanium","0.51 mm (0.02 in)","Titanium","Evaporator","","",""
"228148","Rising/Falling Film Evaporator - IPP# 228148","https://ims.internationalprocessplants.com/inventory/equipment/detail/228148","14","","","","","Used","Yes","18,150 kg/h (40,000 lb/h)","","","Betchel","","130T","","","Vertical","","The recirculation pump(Plant # P-034-A/B) is an AC/ITT single stage, open impeller, horizontal centrifugal pump.","","","Rising/Falling Film","","","","","","","50.8 mm (2 in)","7,300 mm (288 in)","Titanium","0.51 mm (0.02 in)","Titanium","Evaporator","","",""
"233950","Rising/Falling Film Evaporator 7,400 kg/h (16,350 lb/h) Graphite For Sale - IPP# 233950","https://ims.internationalprocessplants.com/inventory/equipment/detail/233950","7","","","","","Used","","7,400 kg/h (16,350 lb/h)","","","","Graphite","","","","","","IPP # 233956 and 233957, Titanium centrifugal pumps, IPP # 233958, 233959, and 233960 Teflon lined pumps","","","Rising/Falling Film","","","","","","","","","","","","Evaporator","","","IPP # 233941 -2000 Gallon fiberglass vapor body. IPP # - 233944-1900 gallon Fiberglass vapor body"
"236138","Rising/Falling Film Evaporator  Stainless Steel 321 For Sale - IPP# 236138","https://ims.internationalprocessplants.com/inventory/equipment/detail/236138","9","","","","","Used","","","","","Carl Capito","Stainless Steel 321","","","","","3 bar (43.5 psi)","","","","Rising/Falling Film","","","300 °C (572 °F)","","","7 m&#xB2; (75.3 ft&#xB2;)","","","","","","Evaporator","Yes","",""
"236139","Rising/Falling Film Evaporator  Stainless Steel Other For Sale - IPP# 236139","https://ims.internationalprocessplants.com/inventory/equipment/detail/236139","17","","","","","Used","","","","","Apperatebau Chrimmitschau Gmbh","Stainless Steel Other","","","68","","","","","","Rising/Falling Film","mounted on lugs","Lugs","300 °C (572 °F)","","Dish","52 m&#xB2; (560 ft&#xB2;)","70 mm (2.8 in)","3,500 mm (137 in)","Stainless Steel Other","2 mm (0.08 in)","Stainless Steel Other","Evaporator","Yes","",""
"236140","Rising/Falling Film Evaporator  Carbon Steel For Sale - IPP# 236140","https://ims.internationalprocessplants.com/inventory/equipment/detail/236140","16","","","","","Used","","","","","GESSNER","Carbon Steel","","","64","","","","","","Rising/Falling Film","mounted on lugs","Lugs","","","Dish","6.4 m&#xB2; (69 ft&#xB2;)","76 mm (3 in)","4,500 mm (177.2 in)","Stainless Steel 321","2 mm (0.08 in)","Stainless Steel 321","Evaporator","Yes","",""
"246737","Rising/Falling Film Evaporator Buflovak/Blaw Knox x-320 steam chest Stainless Steel 316 - IPP# 246737","https://ims.internationalprocessplants.com/inventory/equipment/detail/246737","31","Welded","Dish","","900 Sq.Ft. 316 SS tubes, tube sheets and heads, CS shell. 30" OD x 137" OAL, 430 straight tubes 1" OD x 0.049" wall x 8' long Horizontal saddle mounted.","Used","","6,750 kg/h (14,900 lb/h)","316 SS plate & Frame Alfa Laval 27 Sq.Ft. & 51 Sq.Ft.","","Buflovak/Blaw Knox","Stainless Steel 316","x-320 steam chest","2","","Vertical","8.3 bar (120 psi)","P-111 , P-112, P-114, P-115 & P-117 all Goulds Model 3196 316 SS construction","1924 Sq.Ft. 316 SS tubes and tube sheets, CS shell. 34" OD x 333" OAL 245 1.5" tubes 0.049" wall x 20' long. Vertical lug mount.","903 Sq.Ft. 316 SS tubes and tube sheets, CS shell. 36" OD x 319" OAL . 116 straight tubes, 1.5"OD x 239" Vertical lug mount.","Rising/Falling Film","lugs","Lugs","148.9 °C (300 °F)","Welded","Dish","262.6 m&#xB2; (2,850 ft&#xB2;)","38.1 mm (1.5 in)","508 mm (20 in)","Stainless Steel 316","1.24 mm (0.05 in)","Stainless Steel 316","Evaporator","Yes","316SS 42" OD x 102" SS, lug mounted Print weight 2000 lbs.","316 SS 36" OD x 102 " SS, lug Mounted Print weight 1400 lbs."
"246894","Rising/Falling Film Evaporator 7,250 kg/h (16,000 lb/h) Stainless Steel 316 For Sale - IPP# 246894","https://ims.internationalprocessplants.com/inventory/equipment/detail/246894","24","Welded","Cone","","Originally Overhead, Now Alfa Laval Stock # 246877","Used","Yes","7,250 kg/h (16,000 lb/h)","","","Swenson","Stainless Steel 316","","2","","Vertical","0.97 bar (14 psi)","Main circulating pump is a Worthington 12-KB-12 driven by a 20 HP motor at 880 rpm.","551 Sq. Ft., 316 SS 21' diameter x 17' 11" long, 78 straight tubes, 1.5" diameter x 17 gauge x 18' long.","2614 Sq.Ft. 316 SS 40" diameter x 29' 9" long, 208 straight tubes, 2" OD x 17 Gauge x 24' long.","Rising/Falling Film","Lugs","Lugs","176.7 °C (350 °F)","Welded","Dish","294 m&#xB2; (3,150 ft&#xB2;)","","","","","","Evaporator","Yes","","4'6" diameter x 6'6" long"
"247011","Rising/Falling Film Evaporator 9,550 kg/h (21,100 lb/h) Stainless Steel 304 For Sale - IPP# 247011","https://ims.internationalprocessplants.com/inventory/equipment/detail/247011","26","Clamped","Dish","","Alfa Laval spiral, See stock # 246876 for details","Used","Yes","9,550 kg/h (21,100 lb/h)","No","","Buflovak/Blaw Knox","Stainless Steel 304","","2","","Vertical","0.97 bar (14 psi)","Pump by Goulds","1906 Sq.Ft., 304SS tubes with CS shell vertical steam chest. 32" diameter x 163" long side with clamped heads, mounted by lugs. Estimated 364 straight tubes 2" OD x 10' long.","2315 Sq.Ft., 304 SS with CS shell, vertical steam chest. 38" diameter x 157" long, with clamped heads mounted by lugs. Estimated 442 straight tubes 2" OD x 10" long.","Rising/Falling Film","Lugs","Lugs","148.9 °C (300 °F)","Clamped","Dish","392.1 m&#xB2; (4,200 ft&#xB2;)","","","","","","Evaporator","Yes","304 SS 64" diameter x 150' straight side with welded dish heads. Lug mounted. Manufactured by IPS Inc. serial # 05-1122, NB # 135.","304 SS top 54" diameter x 84" long (vapor) bottom is 24" diameter x 72" long. (liquid) Lug mounted, with welded dish heads."
"706886","Rising/Falling Film Evaporator 9,400 kg/h (20,700 lb/h) Stainless Steel 316 For Sale - IPP# 706886","https://ims.internationalprocessplants.com/inventory/equipment/detail/706886","17","","","","","Used","Yes","9,400 kg/h (20,700 lb/h)","","","Kleiser Gmbh","Stainless Steel 316","","","100","Vertical","6 bar (87 psi)","","","","Rising/Falling Film","mounted on lugs","Lugs","200 °C (392 °F)","","","","","5,050 mm (198 in)","Stainless Steel 316","","Stainless Steel Austentic","Evaporator","Yes","",""
"706887","Rising/Falling Film Evaporator 6,700 kg/h (14,750 lb/h) Stainless Steel Austenitic For Sale - IPP# 706887","https://ims.internationalprocessplants.com/inventory/equipment/detail/706887","16","","","","","Used","Yes","6,700 kg/h (14,750 lb/h)","","","Kleiser Gmbh","Stainless Steel Austenitic","","","","Vertical","6 bar (87 psi)","","","","Rising/Falling Film","mounted on lugs","Lugs","200 °C (392 °F)","","","","","4,550 mm (178.3 in)","Stainless Steel 316","","Stainless Steel 316","Evaporator","Yes","",""
