"stock_number","title","url","attribute_count","Bottom Head Fastening","Bottom Head MOC","Bottom Head Thickness","Bottom Head Type","Cake Volume","Condition","Controls","Diameter","Filter Element Details","Filter Mesh Details","Filtrate Output","Filtration Area","Gear Box Details","Jacket","Jacket MOC","Jacket Pressure","Jacket Temperature","Jacket Thickness","Jacket Type","Manufacturer","Material","Model","Motor Hertz","Motor Make","Motor Power","Motor Serial Number","Motor Speed (RPM)","Motor Voltage","Nozzle Schedule","Number of Filter Elements","Number of Scavenging Elements","Orientation","Outlet Discharge Diameter","Overall Height","Overall Length","Power Transmission","Powered By","Pressure","Scavenging","Screen Size","Seal Type","Shell Thickness","Straight Side Length","Subtype","Support  Type","Support Details","Temperature","Top Head Fastening","Top Head MOC","Top Head Thickness","Top Head Type","Type","Vacuum","Vessel Liquid Capacity"
"102129","Pressure Leaf Filter 6.5 m&#xB2; (70 ft&#xB2;) Stainless Steel 316 For Sale - IPP# 102129","https://ims.internationalprocessplants.com/inventory/equipment/detail/102129","15","","","","Dish","","Used","","610 mm (24 in)","","","","6.5 m&#xB2; (70 ft&#xB2;)","","","","","","","","Roben","Stainless Steel 316","","","","","","","","Openings: Top - (1) 1-1/2", (1) 1"; Bottom - 2" center outlet","","","Vertical","","","1,050 mm (42 in)","","","","","","","","","Pressure Leaf","Legs","Mounting: CS legs","","Bolted","","","Dish","Filter","",""
"103350","Stainless Steel 304 Artisan 3 Pressure Leaf Filter - IPP# 103350","https://ims.internationalprocessplants.com/inventory/equipment/detail/103350","14","","","","","","Used","Yes","152.4 mm (6 in)","","","3,800 L/h (16.7 GPM)","0.28 m&#xB2; (3 ft&#xB2;)","","","","","","","","Artisan","Stainless Steel 304","3","","","2.2 kW (3 HP)","","","","","","","","","","","","","27.6 bar (400 psi)","","","","","","Pressure Leaf","","Mtd on stand.","93.3 °C (200 °F)","","","","","Filter","",""
"107492","Pressure Leaf Filter 39.6 m&#xB2; (426.3 ft&#xB2;) Stainless Steel 316 For Sale - IPP# 107492","https://ims.internationalprocessplants.com/inventory/equipment/detail/107492","14","Clamped","","","","","Used","","1,200 mm (47.2 in)","","","","39.6 m&#xB2; (426.3 ft&#xB2;)","","","","","","","","Seitz Werke (Germany)","Stainless Steel 316","Hercules-R100A30C","","","","","","","","","","Vertical","","","","","","","","","","","","Pressure Leaf","","Openings: removable head: 2-40mm; 2-50mm; 1-100mm.","120 °C (248 °F)","Welded","","","Dish","Filter","",""
"107493","Pressure Leaf Filter 39.6 m&#xB2; (426.3 ft&#xB2;) Stainless Steel 316 For Sale - IPP# 107493","https://ims.internationalprocessplants.com/inventory/equipment/detail/107493","16","Clamped","","","","","Used","","1,200 mm (47.2 in)","","","","39.6 m&#xB2; (426.3 ft&#xB2;)","","","","","","","","Seitz Werke (Germany)","Stainless Steel 316","Hercules-R100A30C","","","","","","","Openings: removable head: 2-40mm; 2-50mm; 1-100mm.","","","Vertical","","","2,100 mm (82.7 in)","","","3.9 bar (56.9 psi)","","","","","","Pressure Leaf","","","120 °C (248 °F)","Welded","","","Dish","Filter","",""
"108743","Pressure Leaf Filter 0.58 m&#xB2; (6.2 ft&#xB2;) Stainless Steel 304 For Sale - IPP# 108743","https://ims.internationalprocessplants.com/inventory/equipment/detail/108743","15","","","","Dish","","Used","","406.4 mm (16 in)","","","","0.58 m&#xB2; (6.2 ft&#xB2;)","","","","","","","","Sparkler","Stainless Steel 304","14-S-7","","","","","","","Openings: top 1-1/2", 1-3/4"; side 1-1"; 1-1 1/2" center bottom outlet","","","Vertical","","","228.6 mm (9 in)","","","","","","","","","Pressure Leaf","","Unit mounted on stand with wheels.","","Bolted","","","Dish","Filter","",""
"116994","Pressure Leaf Filter 1.02 m&#xB2; (11 ft&#xB2;) Stainless Steel 304 For Sale - IPP# 116994","https://ims.internationalprocessplants.com/inventory/equipment/detail/116994","15","","","","","","Used","","508 mm (20 in)","","","","1.02 m&#xB2; (11 ft&#xB2;)","","","","","","","","Sparkler","Stainless Steel 304","18-S-6","","","","","","","","","","Vertical","","","","","","4.1 bar (60 psi)","","","","","228.6 mm (9 in)","Pressure Leaf","Legs","(3) legs.","21.1 °C (70 °F)","Bolted","","","","Filter","",""
"202194","Pressure Leaf Filter Alloy Fab Stainless Steel 316 - IPP# 202194","https://ims.internationalprocessplants.com/inventory/equipment/detail/202194","21","Welded","","","Cone","","Used","","1,050 mm (42 in)","","","","","","Yes","Stainless Steel 304","17.2 bar (250 psi)","315.6 °C (600 °F)","","Half Pipe/Limpet","Alloy Fab","Stainless Steel 316","","","","","","","","Nozzle schedule is as follows: Two 6", three 4", two 2", nine 1.5" nozzles","","","","","","","","","9.4 bar (136 psi)","","","","","2,650 mm (104 in)","Pressure Leaf","Lugs","Mounted by four lugs","315.6 °C (600 °F)","Bolted","","","Dish","Filter","",""
"202747","Stainless Steel Austenitic Schenk ZHF-SR10KL Pressure Leaf Filter - IPP# 202747","https://ims.internationalprocessplants.com/inventory/equipment/detail/202747","24","","","","","","Used","","805 mm (31.7 in)","","","","4.7 m&#xB2; (50.6 ft&#xB2;)","","Yes","Carbon Steel","9 bar (130.5 psi)","150 °C (302 °F)","","Half Pipe/Limpet","Schenk","Stainless Steel Austenitic","ZHF-SR10KL","50","","11 kW (14.8 HP)","","1,440","380","openings; top: 1-50mm, 1-40mm, 5-25mm","","","","200 mm (7.9 in)","","","","","6 bar (87 psi)","","","","","","Pressure Leaf","Legs","mounted on (3) carbon steel legs","150 °C (302 °F)","","","","Dish","Filter","",""
"203248","Pressure Leaf Filter 1.11 m&#xB2; (12 ft&#xB2;) Stainless Steel 316 For Sale - IPP# 203248","https://ims.internationalprocessplants.com/inventory/equipment/detail/203248","8","","","","","","Used","","","","","","1.11 m&#xB2; (12 ft&#xB2;)","","Yes","","","","","","Sparkler","Stainless Steel 316","","","","","","","","","","","","","","","","","","","","","","","Pressure Leaf","","Mounted on a stand","","","","","","Filter","",""
"203742","Pressure Leaf Filter 4.6 m&#xB2; (50 ft&#xB2;) Hastelloy - C22 For Sale - IPP# 203742","https://ims.internationalprocessplants.com/inventory/equipment/detail/203742","11","","","","","","Used","","","","","","4.6 m&#xB2; (50 ft&#xB2;)","","Yes","","3 bar (43.5 psi)","150 °C (302 °F)","","","Dr. Mueller","Hastelloy - C22","","","","","","","","","","","","","","","","","6 bar (87 psi)","","","","","","Pressure Leaf","","","150 °C (302 °F)","","","","","Filter","",""
"204104","Pressure Leaf Filter  Stainless Steel 304 For Sale - IPP# 204104","https://ims.internationalprocessplants.com/inventory/equipment/detail/204104","13","","","","","","Used","","800 mm (31.5 in)","","","","","","Yes","Stainless Steel 304","","","","","","Stainless Steel 304","","50","","0.75 kW (1.01 HP)","","60","480","Openings include: Top - (1) 100mm sight glass, (1) 45mm, (2) 20mm; Bottom - (1) 35mm, (1) 25mm","","","","","","1,850 mm (72.8 in)","","","","","","","","","Pressure Leaf","","","","","","","","Filter","",""
"204509","Pressure Leaf Filter 10 m&#xB2; (107.6 ft&#xB2;) Stainless Steel Austenitic For Sale - IPP# 204509","https://ims.internationalprocessplants.com/inventory/equipment/detail/204509","12","","","","","","Used","","","","","","10 m&#xB2; (107.6 ft&#xB2;)","","Yes","","","","","","Schenk","Stainless Steel Austenitic","ZHF-SR 10 KLK","","","","","","","openings: top: 4-40mm, 1-50mm, 1-25mm, bottom: 1-300mm, 1-50mm, jacket: 2-25mm","","","Vertical","","","","","","6 bar (87 psi)","","","","","","Pressure Leaf","","","200 °C (392 °F)","","","","","Filter","",""
"206569","Stainless Steel 316 Pressure Leaf Filter - IPP# 206569","https://ims.internationalprocessplants.com/inventory/equipment/detail/206569","16","","","","","","Used","","760 mm (29.9 in)","","","","6.3 m&#xB2; (67.8 ft&#xB2;)","","Yes","","5 bar (72 psi)","150 °C (302 °F)","","","BHS Werk","Stainless Steel 316","760/80/15&#x2B;1","","","","","","","","","","","355.6 mm (14 in)","","","","","5 bar (72 psi)","","","","","","Pressure Leaf","Lugs","Mounted on lugs.","150 °C (302 °F)","","","","","Filter","",""
"207194","Stainless Steel 304 SCHORCH RA Funda Pressure Leaf Filter - IPP# 207194","https://ims.internationalprocessplants.com/inventory/equipment/detail/207194","17","","","","","","Used","","900 mm (35.4 in)","","","","7 m&#xB2; (75.3 ft&#xB2;)","","","","","","","","SCHORCH","Stainless Steel 304","RA","50","","5.5 kW (7.4 HP)","KA 9132S-BA064-Z","1,440","660","","","","","","2,000 mm (78.7 in)","","Belt","","6.5 bar (94.3 psi)","","","","","","Pressure Leaf","","","65 °C (149 °F)","","","","","Filter","",""
"207989","Pressure Leaf Filter 15 m&#xB2; (161.5 ft&#xB2;) Stainless Steel 304 For Sale - IPP# 207989","https://ims.internationalprocessplants.com/inventory/equipment/detail/207989","18","Welded","","","Cone","","Used","Yes","","","","","15 m&#xB2; (161.5 ft&#xB2;)","","","","","","","","Padovan","Stainless Steel 304","TU 5915.85","","","11 kW (14.8 HP)","","","","","","","Vertical","","","","","","8 bar (116 psi)","","","","","","Pressure Leaf","Legs","Unit mounted on 304 s/steel legs.","50 °C (122 °F)","Bolted","","","Dish","Filter","",""
"208456","Stainless Steel 321 Schenk ZHF-S80 Pressure Leaf Filter - IPP# 208456","https://ims.internationalprocessplants.com/inventory/equipment/detail/208456","19","Welded","","","Dish","","Used","","1,500 mm (59.1 in)","","","","80 m&#xB2; (861 ft&#xB2;)","","","","","","","","Schenk","Stainless Steel 321","ZHF-S80","","","37 kW (49.6 HP)","","","","","","","Vertical","300 mm (11.8 in)","","","","","6 bar (87 psi)","","","","","","Pressure Leaf","Legs","mounted on (3) stainless steel legs","20 °C (68 °F)","Clamped","","","Dish","Filter","",""
"208457","Pressure Leaf Filter 80 m&#xB2; (861 ft&#xB2;) Stainless Steel 321 For Sale - IPP# 208457","https://ims.internationalprocessplants.com/inventory/equipment/detail/208457","19","Welded","","","Dish","","Used","","1,500 mm (59.1 in)","","","","80 m&#xB2; (861 ft&#xB2;)","","","","","","","","Schenk","Stainless Steel 321","ZHF-S80","","","37 kW (49.6 HP)","","","","","","","Vertical","300 mm (11.8 in)","","","","","6 bar (87 psi)","","","","","","Pressure Leaf","Legs","mounted on (3) s/steel legs","20 °C (68 °F)","Clamped","","","Dish","Filter","",""
"208458","Pressure Leaf Filter 40 m&#xB2; (430.6 ft&#xB2;) Stainless Steel 321 For Sale - IPP# 208458","https://ims.internationalprocessplants.com/inventory/equipment/detail/208458","19","Welded","","","Dish","","Used","","1,200 mm (47.2 in)","","","","40 m&#xB2; (430.6 ft&#xB2;)","","","","","","","","Schenk","Stainless Steel 321","ZHF-S40","","","37 kW (49.6 HP)","","","","","","","Vertical","150 mm (5.9 in)","","","","","6 bar (87 psi)","","","","","","Pressure Leaf","Legs","mounted on (3) stainless steel legs","20 °C (68 °F)","Clamped","","","Dish","Filter","",""
"208499","Pressure Leaf Filter 1 m&#xB2; (10.8 ft&#xB2;) Stainless Steel 304 For Sale - IPP# 208499","https://ims.internationalprocessplants.com/inventory/equipment/detail/208499","19","","","","","","Used","","","","","","1 m&#xB2; (10.8 ft&#xB2;)","","Yes","Carbon Steel","0.48 bar (7 psi)","76.7 °C (170 °F)","","","","Stainless Steel 304","MI-19470-ML","50","","5.5 kW (7.4 HP)","","1,440","380","","","","Vertical","","","","Belt","","14.7 bar (213.2 psi)","","","","","","Pressure Leaf","","Filter mounted (vertical) on carbon steel frame,","170 °C (338 °F)","","","","","Filter","",""
"210272","Pressure Leaf Filter 6.5 m&#xB2; (70 ft&#xB2;) Stainless Steel Austenitic For Sale - IPP# 210272","https://ims.internationalprocessplants.com/inventory/equipment/detail/210272","14","","","","","","Used","","80 mm (3.1 in)","","","","6.5 m&#xB2; (70 ft&#xB2;)","","Yes","Stainless Steel 304","","","","","Schenk","Stainless Steel Austenitic","ZHF-SR7KLKB1","","","","","","","Openings top: 6-50mm, 3-25mm, bottom: 4-50mm; 3-25mm, 1-300mm","","","","","","","","","6 bar (87 psi)","","","","","","Pressure Leaf","","mounted on a ring","200 °C (392 °F)","","","","","Filter","",""
"211006","Pressure Leaf Filter 1.05 m&#xB2; (11.3 ft&#xB2;) Stainless Steel 316 For Sale - IPP# 211006","https://ims.internationalprocessplants.com/inventory/equipment/detail/211006","11","","","","","","Used","","","","","","1.05 m&#xB2; (11.3 ft&#xB2;)","","","","","","","","Sparkler","Stainless Steel 316","18-S-7","","","","","","","","","","","","","","","","4.1 bar (60 psi)","","","","","","Pressure Leaf","Legs","Mounted on 3 legs.","176.7 °C (350 °F)","","","","","Filter","",""
"212923","Pressure Leaf Filter 5.3 m&#xB2; (56.5 ft&#xB2;) Stainless Steel 316 For Sale - IPP# 212923","https://ims.internationalprocessplants.com/inventory/equipment/detail/212923","16","","","","","","Used","","","","","","5.3 m&#xB2; (56.5 ft&#xB2;)","","Yes","","3 bar (43.5 psi)","133 °C (271.4 °F)","","","Seitz","Stainless Steel 316","Radium RZ60A/6GCW","","","","","","","openings top: (2) 20mm, (1) 40mm, bottom: (2) 80mm, jacket side wall (1) 40mm, jacket bottom (1) 40mm","","","Vertical","","","","","","6 bar (87 psi)","","","","","","Pressure Leaf","Legs","mounted on (4) carbon steel legs on a frame.","133 °C (271.4 °F)","","","","","Filter","",""
"215246","Stainless Steel Austenitic Schenk ZHF-SR15 KLKB1 Pressure Leaf Filter - IPP# 215246","https://ims.internationalprocessplants.com/inventory/equipment/detail/215246","23","Welded","","","Dish","","Used","","805 mm (31.7 in)","","","","15 m&#xB2; (161.5 ft&#xB2;)","","","","","","","","Schenk","Stainless Steel Austenitic","ZHF-SR15 KLKB1","","","11 kW (14.8 HP)","","","","openings top: 5-50mm, 1-12mm, bottom: 1-300mm with 2-50mm offshoots, 1-50mm","32","2","Vertical","","","","","","6 bar (87 psi)","Yes","","","","","Pressure Leaf","Legs","mounted on 3-legs","100 °C (212 °F)","Bolted","","","Dish","Filter","","955 L (252.3 gallons)"
"215247","Stainless Steel Austenitic Schenk ZHF-SR15 KLKB1 Pressure Leaf Filter - IPP# 215247","https://ims.internationalprocessplants.com/inventory/equipment/detail/215247","19","Welded","","","Dish","","Used","","805 mm (31.7 in)","","","","15 m&#xB2; (161.5 ft&#xB2;)","","","","","","","","Schenk","Stainless Steel Austenitic","ZHF-SR15 KLKB1","","","11 kW (14.8 HP)","","","","openings top: 5-50mm, 1-12mm, bottom: 1-300mm with 2-50mm offshoots, 1-50mm","","","Vertical","","","","","","6 bar (87 psi)","","","","","","Pressure Leaf","Legs","mounted on 3-legs","100 °C (212 °F)","Bolted","","","Dish","Filter","",""
"217842","Pressure Leaf Filter 15 m&#xB2; (161.9 ft&#xB2;) Stainless Steel Austenitic For Sale - IPP# 217842","https://ims.internationalprocessplants.com/inventory/equipment/detail/217842","14","","","","","","Used","","","","","","15 m&#xB2; (161.9 ft&#xB2;)","","Yes","","6 bar (87 psi)","200 °C (392 °F)","","","Schenk/Germany","Stainless Steel Austenitic","ZHF-SR 15 KLK","","","","","","","openings: top: 1-300mm, 6-50mm, bottom: 1-150mm, 1-125mm, 1-50mm, 1-25mm, strait side: 1-50mm, 1-125mm","","","Vertical","","","","","","6 bar (87 psi)","","","","","","Pressure Leaf","","","200 °C (392 °F)","","","","","Filter","",""
"217843","Pressure Leaf Filter 15 m&#xB2; (161.9 ft&#xB2;) Stainless Steel Austenitic For Sale - IPP# 217843","https://ims.internationalprocessplants.com/inventory/equipment/detail/217843","14","","","","","","Used","","","","","","15 m&#xB2; (161.9 ft&#xB2;)","","Yes","","6 bar (87 psi)","200 °C (392 °F)","","","Schenk","Stainless Steel Austenitic","ZHF-SR 15 KLK","","","","","","","openings: top: 1-300mm, 6-50mm, bottom: 1-150mm, 1-125mm, 1-50mm, 1-25mm, strait side: 1-50mm, 1-125mm","","","Vertical","","","","","","6 bar (87 psi)","","","","","","Pressure Leaf","","","200 °C (392 °F)","","","","","Filter","",""
"220169","Stainless Steel 304 Pressure Leaf Filter - IPP# 220169","https://ims.internationalprocessplants.com/inventory/equipment/detail/220169","17","","","","Cone","","Used","","1,100 mm (44 in)","","","","10 m&#xB2; (107.6 ft&#xB2;)","","","","","","","","","Stainless Steel 304","R-10 m2-22-800-40","60","","14.9 kW (20 HP)","","350","460","","","","","","","2,300 mm (90 in)","","","5.2 bar (75 psi)","","","","","","Pressure Leaf","","","93.3 °C (200 °F)","Clamped","","","Dish","Filter","",""
"220995","Stainless Steel 316  Pressure Leaf Filter - IPP# 220995","https://ims.internationalprocessplants.com/inventory/equipment/detail/220995","6","","","","","","Used","","457.2 mm (18 in)","","","","","","","","","","","","","Stainless Steel 316","","","","","","","","","","","","","","50.8 mm (2 in)","","","","","","","","","Pressure Leaf","","","","","","","","Filter","",""
"220997","Stainless Steel 316  Pressure Leaf Filter - IPP# 220997","https://ims.internationalprocessplants.com/inventory/equipment/detail/220997","6","","","","","","Used","","457.2 mm (18 in)","","","","","","","","","","","","","Stainless Steel 316","","","","","","","","","","","","","","50.8 mm (2 in)","","","","","","","","","Pressure Leaf","","","","","","","","Filter","",""
"222032","New 316 Stainless Steel Gale Process Solutions Model BPEFP Pressure Leaf Filter - IPP# 222032","https://ims.internationalprocessplants.com/inventory/equipment/detail/222032","38","Welded","Stainless Steel 316","3 mm (0.12 in)","Dish","0.06 m3 (2.3 ft3)","New","","718 mm (28.3 in)","15 Horizontal plates, with bottom mounted scavenger","","","2.4 m&#xB2; (25.8 ft&#xB2;)","","Yes","Stainless Steel 304","6 bar (87 psi)","150 °C (302 °F)","","Standard","Gale Process Solutions","Stainless Steel 316","BPEFP","","","2.2 kW (3 HP)","","","","Nozzle schedule is 1.5" inlet, bypass, and outlet. Jacket inlet, outlet and drains are 1". Nitrogen line 1", sampler valve 3/8" and air valve 3/8".","15","1","Vertical","","1,750 mm (69.7 in)","1,450 mm (56.7 in)","","","3.4 bar (49.7 psi)","Yes","450 mm (17.7 in)","","3 mm (0.12 in)","","Pressure Leaf","Skid","Mounted on a cart with casters","120 °C (248 °F)","Clamped","Stainless Steel 316","3 mm (0.12 in)","Dish","Filter","","64 L (16.9 gallons)"
"222965","Stainless Steel 316 Dr. M R-1.3-3-1650/T140Z Pressure Leaf Filter - IPP# 222965","https://ims.internationalprocessplants.com/inventory/equipment/detail/222965","17","Bolted","","","Cone","","Used","","320 mm (12.6 in)","","","","1.3 m&#xB2; (14 ft&#xB2;)","","","","","","","","Dr. M","Stainless Steel 316","R-1.3-3-1650/T140Z","","","","","","","","","","","","","2,250 mm (87.8 in)","","","10 bar (145 psi)","","","","","","Pressure Leaf","Lugs","mounted on (2) lugs","200 °C (392 °F)","Bolted","","","Flat","Filter","",""
"231026","Pressure Leaf Filter 9.5 m&#xB2; (102.3 ft&#xB2;) Stainless Steel Austenitic For Sale - IPP# 231026","https://ims.internationalprocessplants.com/inventory/equipment/detail/231026","17","Welded","","","Flat","","Used","","950 mm (37.4 in)","","","","9.5 m&#xB2; (102.3 ft&#xB2;)","","","","","","","","Schenk","Stainless Steel Austenitic","BS800EA","","","","","","","","","","","","","1,000 mm (39.4 in)","","","6 bar (87 psi)","","","","","","Pressure Leaf","Legs","mounted on 3-legs,","200 °C (392 °F)","Clamped","","","Dish","Filter","",""
"231027","Pressure Leaf Filter 9.5 m&#xB2; (102.3 ft&#xB2;) Stainless Steel Austenitic For Sale - IPP# 231027","https://ims.internationalprocessplants.com/inventory/equipment/detail/231027","18","Welded","","","Flat","","Used","","950 mm (37.4 in)","","","","9.5 m&#xB2; (102.3 ft&#xB2;)","","","","","","","","Schenk","Stainless Steel Austenitic","BS800/EA","","","","","","","","","","","800 mm (31.5 in)","","1,000 mm (39.4 in)","","","6 bar (87 psi)","","","","","","Pressure Leaf","Legs","mounted on 3-legs","200 °C (392 °F)","Clamped","","","Dish","Filter","",""
"231138","Stainless Steel Austenitic Schenck BSH 600 Pressure Leaf Filter - IPP# 231138","https://ims.internationalprocessplants.com/inventory/equipment/detail/231138","20","Welded","","","Flat","","Used","","","","","","6 m&#xB2; (64.6 ft&#xB2;)","","Yes","","6 bar (87 psi)","200 °C (392 °F)","","","Schenck","Stainless Steel Austenitic","BSH 600","","","","","","","","","","Vertical","","","","","","6 bar (87 psi)","","","","","","Pressure Leaf","Legs","mounted on 3-legs","200 °C (392 °F)","Clamped","","","Dish","Filter","","410 L (108.3 gallons)"
"231139","Pressure Leaf Filter 6 m&#xB2; (64.6 ft&#xB2;) Stainless Steel Austenitic For Sale - IPP# 231139","https://ims.internationalprocessplants.com/inventory/equipment/detail/231139","19","Welded","","","Flat","","Used","","","","","","6 m&#xB2; (64.6 ft&#xB2;)","","Yes","","6 bar (87 psi)","250 °C (482 °F)","","","Schenck","Stainless Steel Austenitic","BSH 600","","","","","","","","","","Vertical","","","","","","6 bar (87 psi)","","","","","","Pressure Leaf","Legs","mounted on 3-legs","250 °C (482 °F)","Clamped","","","Dish","Filter","",""
"233032","Stainless Steel 316 Sparkler 18 D 12 Pressure Leaf Filter - IPP# 233032","https://ims.internationalprocessplants.com/inventory/equipment/detail/233032","25","Welded","Stainless Steel 316","","Dish","","Used","","457.2 mm (18 in)","","","","2 m&#xB2; (22 ft&#xB2;)","","Yes","Carbon Steel","1 bar (14.5 psi)","176.7 °C (350 °F)","","Standard","Sparkler","Stainless Steel 316","18 D 12","","","","","","","","","","Vertical","","","914 mm (36 in)","","","4.1 bar (60 psi)","","","","","","Pressure Leaf","","Mounted on a portable dolly.","176.7 °C (350 °F)","Bolted","Stainless Steel 316","","Cone","Filter","","265 L (70 gallons)"
"247247","Pressure Leaf Filter - IPP# 247247","https://ims.internationalprocessplants.com/inventory/equipment/detail/247247","40","Welded","Stainless Steel 316L","30 mm (1.18 in)","Dish","","Used","","508 mm (20 in)","","","","2.2 m&#xB2; (24 ft&#xB2;)","Stroter GmbH Output speed 38.5 rpm","Yes","Stainless Steel 316L","3 bar (43.5 psi)","148.9 °C (300 °F)","4.1 mm (0.16 in)","Standard","Diessel Hildesheim","Stainless Steel 316L","","60","","0.18 kW (0.24 HP)","","1,608","460","One 1.9", One 1.37", one 1.57" one 0.87", 7 0.55" nozzles","5&#x2B;1","","Horizontal","50 mm (1.97 in)","1,350 mm (54 in)","1,900 mm (74 in)","Direct Coupled","Electric","6 bar (87 psi)","","","","6.4 mm (0.25 in)","","Pressure Leaf","Caster","Mounted on cart with caster","148.9 °C (300 °F)","Clamped","Stainless Steel 316L","46 mm (1.81 in)","Flat","Filter","Yes",""
"247256","Pressure Leaf Filter - IPP# 247256","https://ims.internationalprocessplants.com/inventory/equipment/detail/247256","27","Welded","Stainless Steel 316","","Cone","","Used","","800 mm (31.5 in)","","","","3 m&#xB2; (32.3 ft&#xB2;)","","Yes","Stainless Steel 316","3 bar (43.5 psi)","125 °C (257 °F)","","Standard","Chemap","Stainless Steel 316","","","","","","","","","","","Vertical","","","","Direct Coupled","Electric","5 bar (72.5 psi)","","","Packing","","640 mm (25.2 in)","Pressure Leaf","Legs","","100 °C (212 °F)","Bolted","Stainless Steel 316","","Dish","Filter","","580 L (153.2 gallons)"
"38873","Pressure Leaf Filter 5 m&#xB2; (53.8 ft&#xB2;) Stainless Steel 316 For Sale - IPP# 38873","https://ims.internationalprocessplants.com/inventory/equipment/detail/38873","14","","","","","","Used","","813 mm (32 in)","","","","5 m&#xB2; (53.8 ft&#xB2;)","","","","","","","","Schenk","Stainless Steel 316","ZHF-SR5KL","50","","6.8 kW (9.1 HP)","","1,500","380","","","","","","","","","","6 bar (87 psi)","","","","","","Pressure Leaf","","","200 °C (392 °F)","","","","","Filter","",""
"42428","Pressure Leaf Filter 19.2 m&#xB2; (206.9 ft&#xB2;) Stainless Steel 316 For Sale - IPP# 42428","https://ims.internationalprocessplants.com/inventory/equipment/detail/42428","11","","","","","","Used","","1,200 mm (48 in)","","","","19.2 m&#xB2; (206.9 ft&#xB2;)","","","","","","","","Sparkler","Stainless Steel 316","HRC200","","","","","","","Openings: top 4-1", 1-3"; btm 1-10" discharge, 1-3"","","","","","","","","","4.1 bar (60 psi)","","","","","","Pressure Leaf","","","204.4 °C (400 °F)","","","","","Filter","",""
"703043","Pressure Leaf Filter 15 m&#xB2; (161.5 ft&#xB2;) Stainless Steel 316 For Sale - IPP# 703043","https://ims.internationalprocessplants.com/inventory/equipment/detail/703043","22","Welded","","","Dish","","Used","","1,100 mm (43.3 in)","","","","15 m&#xB2; (161.5 ft&#xB2;)","","Yes","Carbon Steel","","","","","Chemap Ag (Switzerland)","Stainless Steel 316","5213/25","","","18.5 kW (24.8 HP)","","2,850","","Openings: top 1-4"; side 2-2"; bottom 1-7 1/2", 2-4"","","","","991 mm (39 in)","","1,500 mm (59.1 in)","","","6.9 bar (100.1 psi)","","","","","","Pressure Leaf","Lugs","mounted on (4) lugs","","Clamped","","","Dish","Filter","",""
"705510","Pressure Leaf Filter 7.3 m&#xB2; (78.6 ft&#xB2;) Stainless Steel 316 For Sale - IPP# 705510","https://ims.internationalprocessplants.com/inventory/equipment/detail/705510","20","Welded","","","Flat","","Used","","950 mm (37.4 in)","","(15) 316 stainless steel 850mm diameter dimple plates with perforated filter mesh","","7.3 m&#xB2; (78.6 ft&#xB2;)","","","","","","","","Eurovent","Stainless Steel 316","85-S-15","","","","","","","Openings: top 2-25mm; bottom 2-50mm","","","Vertical","","","650 mm (25.6 in)","","","3 bar (43.5 psi)","","","","","","Pressure Leaf","Legs","Mounted on (3) stainless steel legs.","145 °C (293 °F)","Clamped","","","Dish","Filter","",""
"705878","Pressure Leaf Filter 3.2 m&#xB2; (34.4 ft&#xB2;) Stainless Steel Austenitic For Sale - IPP# 705878","https://ims.internationalprocessplants.com/inventory/equipment/detail/705878","19","Welded","","","Dish","","Used","","600 mm (23.6 in)","","","","3.2 m&#xB2; (34.4 ft&#xB2;)","","","","","","","","Seitz","Stainless Steel Austenitic","PZ-60-A6KC","","","","","","","openings: top: 1-38mm, 2-25mm, bottom: 2-70mm","","","Horizontal","","","25 mm (0.98 in)","","","6 bar (87 psi)","","","","","","Pressure Leaf","Legs","mounted on (4) stainless steel legs.","165 °C (329 °F)","Clamped","","","Dish","Filter","",""
"706727","Stainless Steel 316 Hayward filter-Technik VMDE-6402-AC10-020AIX-11SEN-M Pressure Leaf Filter - IPP# 706727","https://ims.internationalprocessplants.com/inventory/equipment/detail/706727","15","Welded","","","Dish","","Used","","165 mm (6.5 in)","","","","","","","","","","","","Hayward filter-Technik","Stainless Steel 316","VMDE-6402-AC10-020AIX-11SEN-M","","","","","","","","","","Vertical","","","710 mm (28 in)","","","10 bar (145 psi)","","","","","","Pressure Leaf","","","120 °C (248 °F)","Clamped","","","Flat","Filter","",""
"71234","Pressure Leaf Filter 3.3 m&#xB2; (35.5 ft&#xB2;) Stainless Steel 316 For Sale - IPP# 71234","https://ims.internationalprocessplants.com/inventory/equipment/detail/71234","18","","","","Cone","","Used","","914 mm (36 in)","","","","3.3 m&#xB2; (35.5 ft&#xB2;)","","","","","","","","BHS (Germany)","Stainless Steel 316","TDF760/60/8","50","","3.5 kW (4.7 HP)","","","380","","","","","","","533 mm (21 in)","","","8 bar (116 psi)","","","","","355.6 mm (14 in)","Pressure Leaf","Legs","","80 °C (176 °F)","Clamped","","","","Filter","",""
"71235","Pressure Leaf Filter 3.3 m&#xB2; (35.5 ft&#xB2;) Stainless Steel 316 For Sale - IPP# 71235","https://ims.internationalprocessplants.com/inventory/equipment/detail/71235","18","","","","Cone","","Used","","914 mm (36 in)","","","","3.3 m&#xB2; (35.5 ft&#xB2;)","","","","","","","","BHS (Germany)","Stainless Steel 316","TDF760/60/8","50","","3.5 kW (4.7 HP)","","","380","","","","Horizontal","","","","","","8 bar (116 psi)","","","","","355.6 mm (14 in)","Pressure Leaf","Legs","","80 °C (176 °F)","Clamped","","","","Filter","",""
"73814","Pressure Leaf Filter 18.6 m&#xB2; (200 ft&#xB2;) Stainless Steel 316 For Sale - IPP# 73814","https://ims.internationalprocessplants.com/inventory/equipment/detail/73814","16","Welded","","","Dish","","Used","","1,050 mm (42 in)","","","","18.6 m&#xB2; (200 ft&#xB2;)","","","","","","","","DeLaval","Stainless Steel 316","A-20","","","","","","","Openings: top 1-3", 3-2"; btm 1-6", 1-4"; side 2-4" for sight glasses.","","","Horizontal","","","","","","","","","","","2,000 mm (78 in)","Pressure Leaf","Lugs","mounting lugs","","Clamped","","","","Filter","",""
"78815","Unused Pressure Leaf Filter 8 m&#xB2; (86.1 ft&#xB2;) Stainless Steel 316 For Sale - IPP# 78815","https://ims.internationalprocessplants.com/inventory/equipment/detail/78815","21","Welded","","","Dish","","Unused","","600 mm (23.6 in)","","","","8 m&#xB2; (86.1 ft&#xB2;)","","Yes","Carbon Steel","6.3 bar (92 psi)","160 °C (320 °F)","","","Chemieanlagebau Stassfurt","Stainless Steel 316","","","","","","","","openings: 50mm(2") inlet, 50mm (2") outlet","","","Horizontal","","","","","","5.9 bar (86 psi)","","","","","","Pressure Leaf","Legs","Mounted on (3) legs.","160 °C (320 °F)","Bolted","","","Flat","Filter","",""
"800276","Stainless Steel 316 Chemap AG (Swiss) Pressure Leaf Filter - IPP# 800276","https://ims.internationalprocessplants.com/inventory/equipment/detail/800276","21","Welded","","","Dish","","Used","","1,400 mm (55.1 in)","","","","80 m&#xB2; (861 ft&#xB2;)","","","","","","","","Chemap AG (Swiss)","Stainless Steel 316","","50","","55 kW (73.8 HP)","","1,475","415","openings: top: 1-150mm, 1-50mm, side: 2-200mm, bottom: 1-300mm with 150mm off shoot, 1-150mm (center)","","","","","","3,700 mm (145.7 in)","","","5.7 bar (82.5 psi)","","","","","","Pressure Leaf","Lugs","mounted on (4) c/steel lugs","60 °C (140 °F)","Bolted","","","Dish","Filter","",""
"800277","Stainless Steel 316 Chemap AG (Swiss) Pressure Leaf Filter - IPP# 800277","https://ims.internationalprocessplants.com/inventory/equipment/detail/800277","21","Welded","","","Dish","","Used","","1,400 mm (55.1 in)","","","","80 m&#xB2; (861 ft&#xB2;)","","","","","","","","Chemap AG (Swiss)","Stainless Steel 316","","50","","55 kW (73.8 HP)","","1,475","415","openings: top: 1-150mm, 1-50mm,side: 2-200mm, bottom: 1-300mm with 150mm off shoot, 1-150mm (center)","","","","","","3,700 mm (145.7 in)","","","5.7 bar (82.5 psi)","","","","","","Pressure Leaf","Lugs","mounted on (4) c/steel lugs","60 °C (140 °F)","Bolted","","","Dish","Filter","",""
"800278","Stainless Steel 316 Chemap AG (Swiss) Pressure Leaf Filter - IPP# 800278","https://ims.internationalprocessplants.com/inventory/equipment/detail/800278","21","Welded","","","Dish","","Used","","1,400 mm (55.1 in)","","","","80 m&#xB2; (861 ft&#xB2;)","","","","","","","","Chemap AG (Swiss)","Stainless Steel 316","","50","","55 kW (73.8 HP)","","1,475","415","openings: top: 1-150mm, 1-50mm,side: 2-200mm, bottom: 1-300mm with 150mm off shoot, 1-150mm (center),","","","","","","3,700 mm (145.7 in)","","","5.7 bar (82.5 psi)","","","","","","Pressure Leaf","Lugs","mounted on (4) c/steel lugs","60 °C (140 °F)","Bolted","","","Dish","Filter","",""
"81336","Pressure Leaf Filter 7 m&#xB2; (75 ft&#xB2;) Stainless Steel 304 For Sale - IPP# 81336","https://ims.internationalprocessplants.com/inventory/equipment/detail/81336","11","","","","","","Used","","","","","","7 m&#xB2; (75 ft&#xB2;)","","","","","","","","Enzinger","Stainless Steel 304","","","","","","","","1-4" outlet on btm head. 1-2" side opening. (9) spray nozzles.","","","","","","","","","5.2 bar (75 psi)","","","","","","Pressure Leaf","Lugs","Mtd by (4) lugs in stand w/platform and ladder.","343.3 °C (650 °F)","","","","","Filter","",""
"82224","Stainless Steel 316 Chemap Ag (Switzerland) R-5 Pressure Leaf Filter - IPP# 82224","https://ims.internationalprocessplants.com/inventory/equipment/detail/82224","13","","","","","","Used","","","","","","2 m&#xB2; (21.5 ft&#xB2;)","","Yes","Stainless Steel 316","2.5 bar (36.3 psi)","130 °C (266 °F)","","","Chemap Ag (Switzerland)","Stainless Steel 316","R-5","","","","","","","","","","","","","","","","5 bar (72.5 psi)","","","","","","Pressure Leaf","","","130 °C (266 °F)","","","","","Filter","",""
"88075","Pressure Leaf Filter 24.1 m&#xB2; (259 ft&#xB2;) Stainless Steel 316 For Sale - IPP# 88075","https://ims.internationalprocessplants.com/inventory/equipment/detail/88075","19","Welded","","","Dish","","Used","","1,050 mm (42 in)","","","","24.1 m&#xB2; (259 ft&#xB2;)","","","","","","","","Pemco","Stainless Steel 316","3259","","","","","","","Openings: top 4-1", 1-3"; side 2-3"; btm 1-6", 1-3", 2-1"","","","Vertical","","","1,500 mm (60 in)","","","5.2 bar (75 psi)","","","","","","Pressure Leaf","Lugs","Mtd on (4) lugs.","93.3 °C (200 °F)","Bolted","","","Dish","Filter","",""
"88512","Pressure Leaf Filter 2.5 m&#xB2; (26.9 ft&#xB2;) Stainless Steel Austenitic For Sale - IPP# 88512","https://ims.internationalprocessplants.com/inventory/equipment/detail/88512","16","","","","","","Used","","","","","","2.5 m&#xB2; (26.9 ft&#xB2;)","","Yes","","6.2 bar (90 psi)","93.3 °C (200 °F)","","","Schenk","Stainless Steel Austenitic","ZHF-SR3/2.6","","","","","462","500","Openings: top 1-2", 2-1"; side 2-2", 1-2" sight glass; 8" bottom outlet","","","Vertical","","","","","","6.2 bar (90 psi)","","","","","","Pressure Leaf","","","200 °C (392 °F)","","","","","Filter","",""
"89347","Unused Stainless Steel 316 Chemap A18 Pressure Leaf Filter - IPP# 89347","https://ims.internationalprocessplants.com/inventory/equipment/detail/89347","12","","","","","","Unused","","1,100 mm (43.3 in)","","","","18 m&#xB2; (193.8 ft&#xB2;)","","","","","","","","Chemap","Stainless Steel 316L","A18","","","","","","","","","","","200 mm (7.9 in)","","","","","5 bar (72.5 psi)","","","","","","Pressure Leaf","","Openings: 80mm for product inlet, 80mm for filtrate outlet, 80mm for head volume outlet, 200mm for cake discharge","100 °C (212 °F)","","","","","Filter","",""
"89348","Unused Pressure Leaf Filter 15 m&#xB2; (161.5 ft&#xB2;) Stainless Steel 304 For Sale - IPP# 89348","https://ims.internationalprocessplants.com/inventory/equipment/detail/89348","12","","","","","","Unused","","1,100 mm (42.5 in)","","","","15 m&#xB2; (161.5 ft&#xB2;)","","","","","","","","Chemap","Stainless Steel 304","A15","","","30 kW (40.2 HP)","","","","Openings: top 80mm product inlet, 80mm filtrate outlet, 80mm heel volume outlet, 150mm cake discharge","","","","","","","","","10 bar (145 psi)","","","","","","Pressure Leaf","","","100 °C (212 °F)","","","","","Filter","",""
"89349","Unused Pressure Leaf (Funda) Filter Stainless Steel 304 Chemap A10 - IPP# 89349","https://ims.internationalprocessplants.com/inventory/equipment/detail/89349","13","","","","","","Unused","","900 mm (35.4 in)","","","","10 m&#xB2; (107.6 ft&#xB2;)","","","","","","","","Chemap","Stainless Steel 304","A10","","","","","","","Openings: 65mm product inlet, 65mm filtrate outlet, 65mm heel volume outlet, 65mm collector nozzle, 150mm cake outlet","","","","","","960 mm (37.8 in)","","","5 bar (72.5 psi)","","","","","","Pressure Leaf","","Mounted on legs","100 °C (212 °F)","","","","","Filter","",""
"89367","Pressure Leaf Filter 5.7 m&#xB2; (61.4 ft&#xB2;) Stainless Steel 316 For Sale - IPP# 89367","https://ims.internationalprocessplants.com/inventory/equipment/detail/89367","16","","","","","","Used","Yes","900 mm (35.4 in)","","","","5.7 m&#xB2; (61.4 ft&#xB2;)","","Yes","Stainless Steel 321","6 bar (87 psi)","200 °C (392 °F)","","","Schenk","Stainless Steel 316","ZHF-SR10KLK","","","","","","","","","","","","","763 mm (30 in)","","","6 bar (87 psi)","","","","","","Pressure Leaf","","Mounted on a steel base 2m long x 1.5m wide","","","","","","Filter","",""
"89418","Pressure Leaf Filter 5.5 m&#xB2; (59.2 ft&#xB2;) Glasslined For Sale - IPP# 89418","https://ims.internationalprocessplants.com/inventory/equipment/detail/89418","14","","","","","","Used","","1,200 mm (47.2 in)","","","","5.5 m&#xB2; (59.2 ft&#xB2;)","","Yes","","6 bar (87 psi)","","","","Pfaudler","Glasslined","TDF-10/10","","","","","","","","","","","","","500 mm (19.7 in)","","","6 bar (87 psi)","","","","","","Pressure Leaf","","Mounted ona steel frame 3000mm long x 1500mm wide x 1500mm high.","","Clamped","","","","Filter","",""
"92529","Pressure Leaf Filter Durco 36VH77 Stainless Steel 316 - IPP# 92529","https://ims.internationalprocessplants.com/inventory/equipment/detail/92529","20","Bolted","","","Dish","","Used","","914 mm (36 in)","","","","7.2 m&#xB2; (77 ft&#xB2;)","","","Carbon Steel","1.03 bar (15 psi)","121.1 °C (250 °F)","","","Durco","Stainless Steel 316","36VH77","","","","","","","","","","Vertical","","","1,350 mm (54 in)","","","5.2 bar (75 psi)","","","","","","Pressure Leaf","Legs","Mounted on 4 legs","148.9 °C (300 °F)","","","","Dish","Filter","",""
"92821","Stainless Steel 304 Schenk ZHF-S-40/30 Pressure Leaf Filter - IPP# 92821","https://ims.internationalprocessplants.com/inventory/equipment/detail/92821","20","","","","Dish","","Used","","1,350 mm (54 in)","","","","28.8 m&#xB2; (310 ft&#xB2;)","","","","","","","","Schenk","Stainless Steel 304","ZHF-S-40/30","60","Votator","29.8 kW (40 HP)","ZHFS40/30","1,775","460","","","","Vertical","","","","","","6.2 bar (90 psi)","","","","","","Pressure Leaf","","","93.3 °C (200 °F)","Bolted","","","Dish","Filter","",""
"92822","Pressure Leaf Filter 28.8 m&#xB2; (310 ft&#xB2;) Stainless Steel 304 For Sale - IPP# 92822","https://ims.internationalprocessplants.com/inventory/equipment/detail/92822","21","Bolted","","","Dish","","Used","","1,350 mm (54 in)","","","","28.8 m&#xB2; (310 ft&#xB2;)","Falk gearbox, ratio 6.246:1","","","","","","","Schenk","Stainless Steel 304","ZHF-S-40/30","60","","29.8 kW (40 HP)","","1,775","460","","","","Vertical","","127 mm (5 in)","","","","6.2 bar (90 psi)","","","","","","Pressure Leaf","","","93.3 °C (200 °F)","Bolted","","","Dish","Filter","",""
"94385","Pressure Leaf Filter 4.6 m&#xB2; (49.5 ft&#xB2;) Stainless Steel 304 For Sale - IPP# 94385","https://ims.internationalprocessplants.com/inventory/equipment/detail/94385","24","Welded","","","Cone","","Used","","900 mm (35.4 in)","","","","4.6 m&#xB2; (49.5 ft&#xB2;)","","Yes","Carbon Steel","","","","","BHS (Germany)","Stainless Steel 304","TDF-76-60-9-2","50","Jost","0.4 kW (0.54 HP)","","1,400","380","Openings: top 5-50mm, 2-25mm; side 1-125mm, 2-25mm, 1-50mm; btm 1-300mm with pneumatic discharge valve","","","","","","400 mm (15.7 in)","","","6 bar (87 psi)","","","","","","Pressure Leaf","","mounted on carbon steel frame with pipe work","100 °C (212 °F)","Bolted","","","Dish","Filter","",""
"94603","Stainless Steel 316 Artisan Pressure Leaf Filter - IPP# 94603","https://ims.internationalprocessplants.com/inventory/equipment/detail/94603","13","","","","","","Used","Yes","","","","","6 m&#xB2; (65 ft&#xB2;)","","","","","","","","Artisan","Stainless Steel 316","","60","","22.4 kW (30 HP)","","1,800","460","","","","","","","","","","27.6 bar (400 psi)","","","","","","Pressure Leaf","","","93.3 °C (200 °F)","","","","","Filter","",""
"94604","Stainless Steel 316 Artisan Pressure Leaf Filter - IPP# 94604","https://ims.internationalprocessplants.com/inventory/equipment/detail/94604","13","","","","","","Used","Yes","","","","","6 m&#xB2; (65 ft&#xB2;)","","","","","","","","Artisan","Stainless Steel 316","","60","","22.4 kW (30 HP)","","1,800","460","","","","","","","","","","27.6 bar (400 psi)","","","","","","Pressure Leaf","","","93.3 °C (200 °F)","","","","","Filter","",""
"94605","Stainless Steel 316 Pressure Leaf Filter - IPP# 94605","https://ims.internationalprocessplants.com/inventory/equipment/detail/94605","13","","","","","","Used","Yes","","","","","6 m&#xB2; (65 ft&#xB2;)","","","","","","","","Artisan","Stainless Steel 316","","60","","22.4 kW (30 HP)","","1,800","460","","","","","","","","","","27.6 bar (400 psi)","","","","","","Pressure Leaf","","","93.3 °C (200 °F)","","","","","Filter","",""
"95688","Pressure Leaf Filter 7 m&#xB2; (75 ft&#xB2;) Stainless Steel 304 For Sale - IPP# 95688","https://ims.internationalprocessplants.com/inventory/equipment/detail/95688","21","Welded","","","Dish","","Used","","1,050 mm (42 in)","","","","7 m&#xB2; (75 ft&#xB2;)","","Yes","","5.2 bar (75 psi)","93.3 °C (200 °F)","","","Niagara","Stainless Steel 304","42-267-236","","","","","","","","","","Vertical","","","","","","5.2 bar (75 psi)","","","","","1,050 mm (42 in)","Pressure Leaf","Lugs","Mtd on lugs.","93.3 °C (200 °F)","Bolted","","","Dish","Filter","",""
"98476","Pressure Leaf Filter 5 m&#xB2; (54 ft&#xB2;) Stainless Steel 316 For Sale - IPP# 98476","https://ims.internationalprocessplants.com/inventory/equipment/detail/98476","16","","","","Cone","","Used","","","","","","5 m&#xB2; (54 ft&#xB2;)","","Yes","Stainless Steel 316","2 bar (29 psi)","120 °C (248 °F)","","","Mannedorf (Zurich)","Stainless Steel 316","","","","","","","","","","","","","","","","","5 bar (72 psi)","","","","","","Pressure Leaf","","Rotating filter bundle driven by top mtd drive","120 °C (248 °F)","Bolted","","","Dish","Filter","",""
"98860","Pressure Leaf Filter 18.5 m&#xB2; (199.1 ft&#xB2;) Stainless Steel 316 For Sale - IPP# 98860","https://ims.internationalprocessplants.com/inventory/equipment/detail/98860","17","Welded","","","Dish","","Used","","","","","","18.5 m&#xB2; (199.1 ft&#xB2;)","","","","","","","","AMA (Holland)","Stainless Steel 316","48-2204ASC","","","","","","","Openings: top 5-1 1/2" (37mm); bottom 2-3" (75mm); ends 1-6" (152mm), 1-4" (100mm)","","","Vertical","","860 mm (33.9 in)","","","","","","","","","","Pressure Leaf","Legs","Mounted on (4) carbon steel legs","120 °C (248 °F)","Clamped","","","Dish","Filter","",""
