"stock_number","title","url","attribute_count","Condition","Diameter","Glass Condition","Glass Fire Polish","Hinge Type","Is Round","Length","Manufacturer","Material","Model","Reglassed","Subtype","Type","Vessel Size","Width"
"100332","Glasslined  Pro-Ring Glass Lined Parts - IPP# 100332","https://ims.internationalprocessplants.com/inventory/equipment/detail/100332","6","Used","304.8 mm (12 in)","","","","","406.4 mm (16 in)","","Glasslined","","","Pro-Ring","Glass Lined Parts","",""
"1634","Pro-Ring Glass Lined Parts  Glasslined For Sale - IPP# 1634","https://ims.internationalprocessplants.com/inventory/equipment/detail/1634","9","Re-glassed","304.8 mm (12 in)","","","Pfaudler Two Hole","","406.4 mm (16 in)","Pfaudler","Glasslined","","Yes","Pro-Ring","Glass Lined Parts","",""
"1638","Pro-Ring Glass Lined Parts  Glasslined For Sale - IPP# 1638","https://ims.internationalprocessplants.com/inventory/equipment/detail/1638","7","Re-glassed","304.8 mm (12 in)","","","","","406.4 mm (16 in)","","Glasslined","","Yes","Pro-Ring","Glass Lined Parts","",""
"1639","Pro-Ring Glass Lined Parts  Glasslined For Sale - IPP# 1639","https://ims.internationalprocessplants.com/inventory/equipment/detail/1639","7","Re-glassed","152.4 mm (6 in)","","","","","","Pfaudler","Glasslined","","Yes","Pro-Ring","Glass Lined Parts","",""
"1640","Pro-Ring Glass Lined Parts  Glasslined For Sale - IPP# 1640","https://ims.internationalprocessplants.com/inventory/equipment/detail/1640","9","Re-glassed","355.6 mm (14 in)","","","Pfaudler Two Hole","","457.2 mm (18 in)","Pfaudler","Glasslined","","Yes","Pro-Ring","Glass Lined Parts","",""
"1646","Pro-Ring Glass Lined Parts  Glasslined For Sale - IPP# 1646","https://ims.internationalprocessplants.com/inventory/equipment/detail/1646","8","Used","355.6 mm (14 in)","","","Pro Ring Standard-Single Hole","","457.2 mm (18 in)","Pfaudler","Glasslined","","","Pro-Ring","Glass Lined Parts","",""
"1648","Pro-Ring Glass Lined Parts  Glasslined For Sale - IPP# 1648","https://ims.internationalprocessplants.com/inventory/equipment/detail/1648","9","Re-glassed","304.8 mm (12 in)","","","Pfaudler Two Hole","","406.4 mm (16 in)","Pfaudler","Glasslined","","Yes","Pro-Ring","Glass Lined Parts","",""
"1805","Glasslined Pfaudler Pro-Ring Glass Lined Parts - IPP# 1805","https://ims.internationalprocessplants.com/inventory/equipment/detail/1805","9","Re-glassed","304.8 mm (12 in)","","","Pfaudler Single Hole","","406.4 mm (16 in)","Pfaudler","Glasslined","","Yes","Pro-Ring","Glass Lined Parts","",""
"1811","Pro-Ring Glass Lined Parts  Glasslined For Sale - IPP# 1811","https://ims.internationalprocessplants.com/inventory/equipment/detail/1811","9","Re-glassed","355.6 mm (14 in)","","","Pfaudler Single Hole","","457.2 mm (18 in)","Pfaudler","Glasslined","","Yes","Pro-Ring","Glass Lined Parts","",""
"1814","Glasslined Pfaudler Pro-Ring Glass Lined Parts - IPP# 1814","https://ims.internationalprocessplants.com/inventory/equipment/detail/1814","9","Re-glassed","355.6 mm (14 in)","","","Pfaudler Single Hole","","457.2 mm (18 in)","Pfaudler","Glasslined","","Yes","Pro-Ring","Glass Lined Parts","",""
"1817","Glasslined Pfaudler Pro-Ring Glass Lined Parts - IPP# 1817","https://ims.internationalprocessplants.com/inventory/equipment/detail/1817","9","Re-glassed","457.2 mm (18 in)","","","Pfaudler Single Hole","","355.6 mm (14 in)","Pfaudler","Glasslined","","Yes","Pro-Ring","Glass Lined Parts","",""
"1820","Glasslined Pfaudler Pro-Ring Glass Lined Parts - IPP# 1820","https://ims.internationalprocessplants.com/inventory/equipment/detail/1820","9","Re-glassed","457.2 mm (18 in)","","","Pfaudler Single Hole","","355.6 mm (14 in)","Pfaudler","Glasslined","","Yes","Pro-Ring","Glass Lined Parts","",""
"1822","Glasslined Pfaudler Pro-Ring Glass Lined Parts - IPP# 1822","https://ims.internationalprocessplants.com/inventory/equipment/detail/1822","9","Re-glassed","457.2 mm (18 in)","","","Pfaudler Single Hole","","355.6 mm (14 in)","Pfaudler","Glasslined","","Yes","Pro-Ring","Glass Lined Parts","",""
"1826","Glasslined Pfaudler Pro-Ring Glass Lined Parts - IPP# 1826","https://ims.internationalprocessplants.com/inventory/equipment/detail/1826","9","Re-glassed","457.2 mm (18 in)","","","Pfaudler Single Hole","","355.6 mm (14 in)","Pfaudler","Glasslined","","Yes","Pro-Ring","Glass Lined Parts","",""
"1827","Glasslined Pfaudler Pro-Ring Glass Lined Parts - IPP# 1827","https://ims.internationalprocessplants.com/inventory/equipment/detail/1827","9","Re-glassed","457.2 mm (18 in)","","","Pfaudler Single Hole","","355.6 mm (14 in)","Pfaudler","Glasslined","","Yes","Pro-Ring","Glass Lined Parts","",""
"1829","Glasslined Pfaudler Pro-Ring Glass Lined Parts - IPP# 1829","https://ims.internationalprocessplants.com/inventory/equipment/detail/1829","9","Re-glassed","355.6 mm (14 in)","","","Pfaudler Single Hole","","457.2 mm (18 in)","Pfaudler","Glasslined","","Yes","Pro-Ring","Glass Lined Parts","",""
"1832","Pro-Ring Glass Lined Parts  Glasslined For Sale - IPP# 1832","https://ims.internationalprocessplants.com/inventory/equipment/detail/1832","9","Re-glassed","304.8 mm (12 in)","","","Pfaudler Single Hole","","406.4 mm (16 in)","Pfaudler","Glasslined","","Yes","Pro-Ring","Glass Lined Parts","",""
"1833","Pro-Ring Glass Lined Parts  Glasslined For Sale - IPP# 1833","https://ims.internationalprocessplants.com/inventory/equipment/detail/1833","9","Re-glassed","304.8 mm (12 in)","","","Pfaudler Single Hole","","406.4 mm (16 in)","Pfaudler","Glasslined","","Yes","Pro-Ring","Glass Lined Parts","",""
"1834","Pro-Ring Glass Lined Parts  Glasslined For Sale - IPP# 1834","https://ims.internationalprocessplants.com/inventory/equipment/detail/1834","9","Re-glassed","304.8 mm (12 in)","","","Pfaudler Single Hole","","406.4 mm (16 in)","Pfaudler","Glasslined","","Yes","Pro-Ring","Glass Lined Parts","",""
"1836","Pro-Ring Glass Lined Parts  Glasslined For Sale - IPP# 1836","https://ims.internationalprocessplants.com/inventory/equipment/detail/1836","9","Re-glassed","304.8 mm (12 in)","","","Pfaudler Single Hole","","406.4 mm (16 in)","Pfaudler","Glasslined","","Yes","Pro-Ring","Glass Lined Parts","",""
"1841","Pro-Ring Glass Lined Parts  Glasslined For Sale - IPP# 1841","https://ims.internationalprocessplants.com/inventory/equipment/detail/1841","9","Re-glassed","304.8 mm (12 in)","","","Pro Ring Spring Asist","","406.4 mm (16 in)","Pfaudler","Glasslined","","Yes","Pro-Ring","Glass Lined Parts","",""
"1843","Pro-Ring Glass Lined Parts  Glasslined For Sale - IPP# 1843","https://ims.internationalprocessplants.com/inventory/equipment/detail/1843","9","Re-glassed","304.8 mm (12 in)","","","Pfaudler Single Hole","","406.4 mm (16 in)","Pfaudler","Glasslined","","Yes","Pro-Ring","Glass Lined Parts","",""
"1844","Pro-Ring Glass Lined Parts  Glasslined For Sale - IPP# 1844","https://ims.internationalprocessplants.com/inventory/equipment/detail/1844","9","Re-glassed","304.8 mm (12 in)","","","Pfaudler Single Hole","","406.4 mm (16 in)","Pfaudler","Glasslined","","Yes","Pro-Ring","Glass Lined Parts","",""
"1864","Pro-Ring Glass Lined Parts  Glasslined For Sale - IPP# 1864","https://ims.internationalprocessplants.com/inventory/equipment/detail/1864","9","Re-glassed","304.8 mm (12 in)","","","Pfaudler Single Hole","","406.4 mm (16 in)","Pfaudler","Glasslined","","Yes","Pro-Ring","Glass Lined Parts","",""
"200712","Glasslined Pfaudler Pro-Ring Glass Lined Parts - IPP# 200712","https://ims.internationalprocessplants.com/inventory/equipment/detail/200712","9","Re-glassed","355.6 mm (14 in)","","","Pfaudler Single Hole","","457.2 mm (18 in)","Pfaudler","Glasslined","","Yes","Pro-Ring","Glass Lined Parts","",""
"200759","Pro-Ring Glass Lined Parts  Glasslined For Sale - IPP# 200759","https://ims.internationalprocessplants.com/inventory/equipment/detail/200759","7","Re-glassed","304.8 mm (12 in)","","","","","406.4 mm (16 in)","","Glasslined","","Yes","Pro-Ring","Glass Lined Parts","",""
"206284","Pro-Ring Glass Lined Parts  Glasslined For Sale - IPP# 206284","https://ims.internationalprocessplants.com/inventory/equipment/detail/206284","7","Re-glassed","355.6 mm (14 in)","","","","","457.2 mm (18 in)","Pfaudler","Glasslined","","","Pro-Ring","Glass Lined Parts","",""
"206414","Glasslined Pfaudler Pro-Ring Glass Lined Parts - IPP# 206414","https://ims.internationalprocessplants.com/inventory/equipment/detail/206414","8","Re-glassed","457.2 mm (18 in)","","","Pro Ring Spring Asist","","","Pfaudler","Glasslined","","Yes","Pro-Ring","Glass Lined Parts","",""
"206490","Unused Teflon DeDietrich Pro-Ring Glass Lined Parts - IPP# 206490","https://ims.internationalprocessplants.com/inventory/equipment/detail/206490","8","Unused","355.6 mm (14 in)","","","DeDeitrich","","457.2 mm (18 in)","DeDietrich","Teflon","","","Pro-Ring","Glass Lined Parts","",""
"206491","Unused Glasslined DeDietrich Pro-Ring Glass Lined Parts - IPP# 206491","https://ims.internationalprocessplants.com/inventory/equipment/detail/206491","6","Unused","508 mm (20 in)","","","","","","DeDietrich","Glasslined","","","Pro-Ring","Glass Lined Parts","",""
"206849","Pro-Ring Glass Lined Parts  Glasslined For Sale - IPP# 206849","https://ims.internationalprocessplants.com/inventory/equipment/detail/206849","6","Re-glassed","500 mm (19.7 in)","","","","","","","Glasslined","","Yes","Pro-Ring","Glass Lined Parts","",""
"206850","Pro-Ring Glass Lined Parts  Glasslined For Sale - IPP# 206850","https://ims.internationalprocessplants.com/inventory/equipment/detail/206850","6","Re-glassed","400 mm (15.7 in)","","","","","","","Glasslined","","Yes","Pro-Ring","Glass Lined Parts","",""
"206919","Glasslined Pfaudler Pro-Ring Glass Lined Parts - IPP# 206919","https://ims.internationalprocessplants.com/inventory/equipment/detail/206919","7","Re-glassed","355.6 mm (14 in)","","","Pro Ring Spring Asist","","","Pfaudler","Glasslined","","","Pro-Ring","Glass Lined Parts","",""
"211319","Glasslined Pfaudler Pro-Ring Glass Lined Parts - IPP# 211319","https://ims.internationalprocessplants.com/inventory/equipment/detail/211319","7","Used","355.6 mm (14 in)","","","","","457.2 mm (18 in)","Pfaudler","Glasslined","","","Pro-Ring","Glass Lined Parts","",""
"211331","Pro-Ring Glass Lined Parts  Glasslined For Sale - IPP# 211331","https://ims.internationalprocessplants.com/inventory/equipment/detail/211331","9","Re-glassed","304.8 mm (12 in)","","","Pfaudler Two Hole","","406.4 mm (16 in)","Pfaudler","Glasslined","","Yes","Pro-Ring","Glass Lined Parts","",""
"211335","Pro-Ring Glass Lined Parts  Glasslined For Sale - IPP# 211335","https://ims.internationalprocessplants.com/inventory/equipment/detail/211335","8","Re-glassed","304.8 mm (12 in)","","","","","406.4 mm (16 in)","Pfaudler","Glasslined","","Yes","Pro-Ring","Glass Lined Parts","",""
"211373","Pro-Ring Glass Lined Parts  Glasslined For Sale - IPP# 211373","https://ims.internationalprocessplants.com/inventory/equipment/detail/211373","9","Re-glassed","355.6 mm (14 in)","","","Pro Ring Standard-Single Hole","","457.2 mm (18 in)","Pfaudler","Glasslined","","Yes","Pro-Ring","Glass Lined Parts","",""
"212938","Pro-Ring Glass Lined Parts  Glasslined For Sale - IPP# 212938","https://ims.internationalprocessplants.com/inventory/equipment/detail/212938","9","Re-glassed","355.6 mm (14 in)","","","Pfaudler Two Hole","","457.2 mm (18 in)","Pfaudler","Glasslined","","Yes","Pro-Ring","Glass Lined Parts","",""
"213490","Pro-Ring Glass Lined Parts  Glasslined For Sale - IPP# 213490","https://ims.internationalprocessplants.com/inventory/equipment/detail/213490","7","Re-glassed","457.2 mm (18 in)","","","","","355.6 mm (14 in)","","Glasslined","","Yes","Pro-Ring","Glass Lined Parts","",""
"213757","Pro-Ring Glass Lined Parts  Glasslined For Sale - IPP# 213757","https://ims.internationalprocessplants.com/inventory/equipment/detail/213757","9","Re-glassed","304.8 mm (12 in)","","","Pro Ring Spring Asist","","406.4 mm (16 in)","Pfaudler","Glasslined","","Yes","Pro-Ring","Glass Lined Parts","",""
"213767","Pro-Ring Glass Lined Parts  Glasslined For Sale - IPP# 213767","https://ims.internationalprocessplants.com/inventory/equipment/detail/213767","9","Re-glassed","304.8 mm (12 in)","","","Pro Ring Spring Asist","","406.4 mm (16 in)","Pfaudler","Glasslined","","Yes","Pro-Ring","Glass Lined Parts","",""
"213768","Pro-Ring Glass Lined Parts  Glasslined For Sale - IPP# 213768","https://ims.internationalprocessplants.com/inventory/equipment/detail/213768","9","Re-glassed","304.8 mm (12 in)","","","Pfaudler Single Hole","","406.4 mm (16 in)","Pfaudler","Glasslined","","Yes","Pro-Ring","Glass Lined Parts","",""
"213770","Pro-Ring Glass Lined Parts  Glasslined For Sale - IPP# 213770","https://ims.internationalprocessplants.com/inventory/equipment/detail/213770","8","Re-glassed","355.6 mm (14 in)","","","","","457.2 mm (18 in)","Pfaudler","Glasslined","","Yes","Pro-Ring","Glass Lined Parts","",""
"213771","New Pro-Ring Glass Lined Parts  Glasslined For Sale - IPP# 213771","https://ims.internationalprocessplants.com/inventory/equipment/detail/213771","7","New","457.2 mm (18 in)","","","Pro Ring Spring Asist","","","UGE","Glasslined","","","Pro-Ring","Glass Lined Parts","",""
"213777","Pro-Ring Glass Lined Parts  Glasslined For Sale - IPP# 213777","https://ims.internationalprocessplants.com/inventory/equipment/detail/213777","9","Re-glassed","304.8 mm (12 in)","","","Pfaudler Two Hole","","406.4 mm (16 in)","Pfaudler","Glasslined","","Yes","Pro-Ring","Glass Lined Parts","",""
"213778","Pro-Ring Glass Lined Parts  Glasslined For Sale - IPP# 213778","https://ims.internationalprocessplants.com/inventory/equipment/detail/213778","9","Re-glassed","304.8 mm (12 in)","","","Pfaudler Two Hole","","406.4 mm (16 in)","Pfaudler","Glasslined","","Yes","Pro-Ring","Glass Lined Parts","",""
"213779","Pro-Ring Glass Lined Parts  Glasslined For Sale - IPP# 213779","https://ims.internationalprocessplants.com/inventory/equipment/detail/213779","9","Re-glassed","355.6 mm (14 in)","","","Pfaudler Single Hole","","457.2 mm (18 in)","Pfaudler","Glasslined","","Yes","Pro-Ring","Glass Lined Parts","",""
"213785","New Pro-Ring Glass Lined Parts  Glasslined For Sale - IPP# 213785","https://ims.internationalprocessplants.com/inventory/equipment/detail/213785","7","New","457.2 mm (18 in)","","","Pro Ring Spring Asist","","","UGE","Glasslined","","","Pro-Ring","Glass Lined Parts","",""
"213787","New Pro-Ring Glass Lined Parts  Glasslined For Sale - IPP# 213787","https://ims.internationalprocessplants.com/inventory/equipment/detail/213787","7","New","457.2 mm (18 in)","","","Pro Ring Spring Asist","","","UGE","Glasslined","","","Pro-Ring","Glass Lined Parts","",""
"214686","Pro-Ring Glass Lined Parts  Glasslined For Sale - IPP# 214686","https://ims.internationalprocessplants.com/inventory/equipment/detail/214686","9","Re-glassed","304.8 mm (12 in)","","","Pro Ring Standard-Single Hole","","406.4 mm (16 in)","Pfaudler","Glasslined","","Yes","Pro-Ring","Glass Lined Parts","",""
"216509","Pro-Ring Glass Lined Parts  Glasslined For Sale - IPP# 216509","https://ims.internationalprocessplants.com/inventory/equipment/detail/216509","8","Used","228.6 mm (9 in)","","","Pro Ring Standard-Single Hole","","304.8 mm (12 in)","Pfaudler","Glasslined","","","Pro-Ring","Glass Lined Parts","",""
"216513","Pro-Ring Glass Lined Parts  Glasslined For Sale - IPP# 216513","https://ims.internationalprocessplants.com/inventory/equipment/detail/216513","8","Re-glassed","355.6 mm (14 in)","","","","","457.2 mm (18 in)","Pfaudler","Glasslined","","Yes","Pro-Ring","Glass Lined Parts","",""
"216514","Pro-Ring Glass Lined Parts  Glasslined For Sale - IPP# 216514","https://ims.internationalprocessplants.com/inventory/equipment/detail/216514","8","Re-glassed","304.8 mm (12 in)","","","","","406.4 mm (16 in)","Pfaudler","Glasslined","","Yes","Pro-Ring","Glass Lined Parts","",""
"216515","Pro-Ring Glass Lined Parts  Hastelloy - C276 For Sale - IPP# 216515","https://ims.internationalprocessplants.com/inventory/equipment/detail/216515","8","Used","355.6 mm (14 in)","","","Pro Ring Spring Asist","","457.2 mm (18 in)","Pfaudler","Hastelloy - C276","","","Pro-Ring","Glass Lined Parts","",""
"216533","Glasslined Pfaudler Pro-Ring Glass Lined Parts - IPP# 216533","https://ims.internationalprocessplants.com/inventory/equipment/detail/216533","7","Used","457.2 mm (18 in)","","","Pro Ring Spring Asist","","","Pfaudler","Glasslined","","","Pro-Ring","Glass Lined Parts","",""
"216643","Pro-Ring Glass Lined Parts  Glasslined For Sale - IPP# 216643","https://ims.internationalprocessplants.com/inventory/equipment/detail/216643","9","Re-glassed","304.8 mm (12 in)","","","Pfaudler Two Hole","","406.4 mm (16 in)","Pfaudler","Glasslined","","Yes","Pro-Ring","Glass Lined Parts","",""
"216646","Pro-Ring Glass Lined Parts  Glasslined For Sale - IPP# 216646","https://ims.internationalprocessplants.com/inventory/equipment/detail/216646","6","Used","355.6 mm (14 in)","","","","","457.2 mm (18 in)","","Glasslined","","","Pro-Ring","Glass Lined Parts","",""
"221202","Pro-Ring Glass Lined Parts  Glasslined For Sale - IPP# 221202","https://ims.internationalprocessplants.com/inventory/equipment/detail/221202","8","Re-glassed","355.6 mm (14 in)","","","","","457.2 mm (18 in)","Pfaudler","Glasslined","","Yes","Pro-Ring","Glass Lined Parts","",""
"221204","Pro-Ring Glass Lined Parts  Glasslined For Sale - IPP# 221204","https://ims.internationalprocessplants.com/inventory/equipment/detail/221204","9","Re-glassed","355.6 mm (14 in)","","","Pfaudler Single Hole","","457.2 mm (18 in)","Pfaudler","Glasslined","","Yes","Pro-Ring","Glass Lined Parts","",""
"221258","Pro-Ring Glass Lined Parts  Glasslined For Sale - IPP# 221258","https://ims.internationalprocessplants.com/inventory/equipment/detail/221258","7","Re-glassed","304.8 mm (12 in)","","","","","406.4 mm (16 in)","","Glasslined","","Yes","Pro-Ring","Glass Lined Parts","",""
"221263","Pro-Ring Glass Lined Parts  Glasslined For Sale - IPP# 221263","https://ims.internationalprocessplants.com/inventory/equipment/detail/221263","7","Re-glassed","304.8 mm (12 in)","","","","","406.4 mm (16 in)","","Glasslined","","Yes","Pro-Ring","Glass Lined Parts","",""
"221837","Pro-Ring Glass Lined Parts  Glasslined For Sale - IPP# 221837","https://ims.internationalprocessplants.com/inventory/equipment/detail/221837","7","Used","457.2 mm (18 in)","","","Pro Ring Spring Asist","","","Pfaudler","Glasslined","","","Pro-Ring","Glass Lined Parts","",""
"221875","Pro-Ring Glass Lined Parts  Glasslined For Sale - IPP# 221875","https://ims.internationalprocessplants.com/inventory/equipment/detail/221875","7","Re-glassed","457.2 mm (18 in)","","","","","","DeDeitrich","Glasslined","","Yes","Pro-Ring","Glass Lined Parts","",""
"221885","Pro-Ring Glass Lined Parts  Glasslined For Sale - IPP# 221885","https://ims.internationalprocessplants.com/inventory/equipment/detail/221885","9","Re-glassed","304.8 mm (12 in)","","","Pfaudler Single Hole","","406.4 mm (16 in)","Pfaudler","Glasslined","","Yes","Pro-Ring","Glass Lined Parts","",""
"221914","Pro-Ring Glass Lined Parts  Glasslined For Sale - IPP# 221914","https://ims.internationalprocessplants.com/inventory/equipment/detail/221914","6","Re-glassed","508 mm (20 in)","","","","","","","Glasslined","","Yes","Pro-Ring","Glass Lined Parts","",""
"221917","Pro-Ring Glass Lined Parts  Glasslined For Sale - IPP# 221917","https://ims.internationalprocessplants.com/inventory/equipment/detail/221917","9","Re-glassed","355.6 mm (14 in)","","","Pro Ring Spring Asist","","457.2 mm (18 in)","Pfaudler","Glasslined","","Yes","Pro-Ring","Glass Lined Parts","",""
"222185","Pro-Ring Glass Lined Parts  Glasslined For Sale - IPP# 222185","https://ims.internationalprocessplants.com/inventory/equipment/detail/222185","8","Re-glassed","355.6 mm (14 in)","","","","","457.2 mm (18 in)","Pfaudler","Glasslined","","Yes","Pro-Ring","Glass Lined Parts","",""
"222186","Pro-Ring Glass Lined Parts  Glasslined For Sale - IPP# 222186","https://ims.internationalprocessplants.com/inventory/equipment/detail/222186","8","Re-glassed","355.6 mm (14 in)","","","","","457.2 mm (18 in)","Pfaudler","Glasslined","","Yes","Pro-Ring","Glass Lined Parts","",""
"222383","Pro-Ring Glass Lined Parts  Glasslined For Sale - IPP# 222383","https://ims.internationalprocessplants.com/inventory/equipment/detail/222383","9","Re-glassed","355.6 mm (14 in)","","","Pfaudler Two Hole","","457.2 mm (18 in)","Pfaudler","Glasslined","","Yes","Pro-Ring","Glass Lined Parts","",""
"222384","Pro-Ring Glass Lined Parts  Glasslined For Sale - IPP# 222384","https://ims.internationalprocessplants.com/inventory/equipment/detail/222384","9","Re-glassed","355.6 mm (14 in)","","","Pfaudler Two Hole","","457.2 mm (18 in)","Pfaudler","Glasslined","","Yes","Pro-Ring","Glass Lined Parts","",""
"222404","Pro-Ring Glass Lined Parts  Glasslined For Sale - IPP# 222404","https://ims.internationalprocessplants.com/inventory/equipment/detail/222404","9","Re-glassed","355.6 mm (14 in)","","","Pfaudler Two Hole","","457.2 mm (18 in)","Pfaudler","Glasslined","","Yes","Pro-Ring","Glass Lined Parts","",""
"222435","Pro-Ring Glass Lined Parts  Glasslined For Sale - IPP# 222435","https://ims.internationalprocessplants.com/inventory/equipment/detail/222435","7","Re-glassed","457.2 mm (18 in)","","","","","","Pfaudler","Glasslined","","Yes","Pro-Ring","Glass Lined Parts","",""
"222483","Pro-Ring Glass Lined Parts  Glasslined For Sale - IPP# 222483","https://ims.internationalprocessplants.com/inventory/equipment/detail/222483","9","Re-glassed","304.8 mm (12 in)","","","Pfaudler Two Hole","","406.4 mm (16 in)","Pfaudler","Glasslined","","Yes","Pro-Ring","Glass Lined Parts","",""
"222485","Pro-Ring Glass Lined Parts  Glasslined For Sale - IPP# 222485","https://ims.internationalprocessplants.com/inventory/equipment/detail/222485","9","Re-glassed","355.6 mm (14 in)","","","Pfaudler Two Hole","","457.2 mm (18 in)","Pfaudler","Glasslined","","Yes","Pro-Ring","Glass Lined Parts","",""
"222492","Pro-Ring Glass Lined Parts  Glasslined For Sale - IPP# 222492","https://ims.internationalprocessplants.com/inventory/equipment/detail/222492","7","Used","355.6 mm (14 in)","","","","","457.2 mm (18 in)","Pfaudler","Glasslined","","","Pro-Ring","Glass Lined Parts","",""
"222496","Pro-Ring Glass Lined Parts  Glasslined For Sale - IPP# 222496","https://ims.internationalprocessplants.com/inventory/equipment/detail/222496","8","Re-glassed","355.6 mm (14 in)","","","","","457.2 mm (18 in)","Pfaudler","Glasslined","","Yes","Pro-Ring","Glass Lined Parts","",""
"222800","Pro-Ring Glass Lined Parts  Glasslined For Sale - IPP# 222800","https://ims.internationalprocessplants.com/inventory/equipment/detail/222800","7","Re-glassed","508 mm (20 in)","","","","","","Pfaudler","Glasslined","","Yes","Pro-Ring","Glass Lined Parts","",""
"222996","New Pro-Ring Glass Lined Parts 32,000 L (8,450 gallons) Glasslined For Sale - IPP# 222996","https://ims.internationalprocessplants.com/inventory/equipment/detail/222996","6","New","","","","","","","Pfaudler","Glasslined","","","Pro-Ring","Glass Lined Parts","32,000 L (8,450 gallons)",""
"224205","Unused Pro-Ring Glass Lined Parts  Glasslined For Sale - IPP# 224205","https://ims.internationalprocessplants.com/inventory/equipment/detail/224205","8","Unused","304.8 mm (12 in)","","","Pro Ring Spring Asist","","406.4 mm (16 in)","Pfaudler","Glasslined","","","Pro-Ring","Glass Lined Parts","",""
"224207","Glasslined  Pro-Ring Glass Lined Parts - IPP# 224207","https://ims.internationalprocessplants.com/inventory/equipment/detail/224207","6","Used","355.6 mm (14 in)","","","","","457.2 mm (18 in)","","Glasslined","","","Pro-Ring","Glass Lined Parts","",""
"224209","Unused Pro-Ring Glass Lined Parts  Glasslined For Sale - IPP# 224209","https://ims.internationalprocessplants.com/inventory/equipment/detail/224209","7","Unused","457.2 mm (18 in)","","","Pro Ring Spring Asist","","","Pfaudler","Glasslined","","","Pro-Ring","Glass Lined Parts","",""
"224275","Glasslined Pfaudler Pro-Ring Glass Lined Parts - IPP# 224275","https://ims.internationalprocessplants.com/inventory/equipment/detail/224275","8","Used","355.6 mm (14 in)","","","Pro Ring Spring Asist","","457.2 mm (18 in)","Pfaudler","Glasslined","","","Pro-Ring","Glass Lined Parts","",""
"224297","Pro-Ring Glass Lined Parts  Glasslined For Sale - IPP# 224297","https://ims.internationalprocessplants.com/inventory/equipment/detail/224297","9","Re-glassed","304.8 mm (12 in)","","","Pfaudler Single Hole","","406.4 mm (16 in)","Pfaudler","Glasslined","","Yes","Pro-Ring","Glass Lined Parts","",""
"224305","Pro-Ring Glass Lined Parts  Glasslined For Sale - IPP# 224305","https://ims.internationalprocessplants.com/inventory/equipment/detail/224305","9","Re-glassed","355.6 mm (14 in)","","","Pro Ring Standard-Single Hole","","457.2 mm (18 in)","Pfaudler","Glasslined","","Yes","Pro-Ring","Glass Lined Parts","",""
"224353","Glasslined Pfaudler Pro-Ring Glass Lined Parts - IPP# 224353","https://ims.internationalprocessplants.com/inventory/equipment/detail/224353","7","Re-glassed","457.2 mm (18 in)","","","","","","Pfaudler","Glasslined","","Yes","Pro-Ring","Glass Lined Parts","",""
"224360","Pro-Ring Glass Lined Parts  Glasslined For Sale - IPP# 224360","https://ims.internationalprocessplants.com/inventory/equipment/detail/224360","8","Re-glassed","304.8 mm (12 in)","","","","","406.4 mm (16 in)","Pfaudler","Glasslined","","Yes","Pro-Ring","Glass Lined Parts","",""
"224514","Pro-Ring Glass Lined Parts  Glasslined For Sale - IPP# 224514","https://ims.internationalprocessplants.com/inventory/equipment/detail/224514","9","Re-glassed","304.8 mm (12 in)","","","Pfaudler Single Hole","","406.4 mm (16 in)","Pfaudler","Glasslined","","Yes","Pro-Ring","Glass Lined Parts","",""
"225443","Pro-Ring Glass Lined Parts  Glasslined For Sale - IPP# 225443","https://ims.internationalprocessplants.com/inventory/equipment/detail/225443","6","Re-glassed","457.2 mm (18 in)","","","","","","","Glasslined","","Yes","Pro-Ring","Glass Lined Parts","",""
"225444","Pro-Ring Glass Lined Parts  Glasslined For Sale - IPP# 225444","https://ims.internationalprocessplants.com/inventory/equipment/detail/225444","6","Re-glassed","457.2 mm (18 in)","","","","","","","Glasslined","","Yes","Pro-Ring","Glass Lined Parts","",""
"225445","Glasslined Pro-Ring Glass Lined Parts - IPP# 225445","https://ims.internationalprocessplants.com/inventory/equipment/detail/225445","9","Re-glassed","355.6 mm (14 in)","","","Pro Ring Spring Asist","","457.2 mm (18 in)","Pfaudler","Glasslined","","Yes","Pro-Ring","Glass Lined Parts","",""
"225446","Pro-Ring Glass Lined Parts  Glasslined For Sale - IPP# 225446","https://ims.internationalprocessplants.com/inventory/equipment/detail/225446","7","Re-glassed","304.8 mm (12 in)","","","","","406.4 mm (16 in)","","Glasslined","","Yes","Pro-Ring","Glass Lined Parts","",""
"225447","Pro-Ring Glass Lined Parts  Glasslined For Sale - IPP# 225447","https://ims.internationalprocessplants.com/inventory/equipment/detail/225447","7","Re-glassed","304.8 mm (12 in)","","","","","406.4 mm (16 in)","","Glasslined","","Yes","Pro-Ring","Glass Lined Parts","",""
"225453","Pro-Ring Glass Lined Parts  Glasslined For Sale - IPP# 225453","https://ims.internationalprocessplants.com/inventory/equipment/detail/225453","7","Re-glassed","152.4 mm (6 in)","","","Pro Ring Standard-Single Hole","","","","Glasslined","","Yes","Pro-Ring","Glass Lined Parts","",""
"225455","Pro-Ring Glass Lined Parts  Glasslined For Sale - IPP# 225455","https://ims.internationalprocessplants.com/inventory/equipment/detail/225455","7","Re-glassed","203.2 mm (8 in)","","","","","","Pfaudler","Glasslined","","Yes","Pro-Ring","Glass Lined Parts","",""
"225458","Pro-Ring Glass Lined Parts  Glasslined For Sale - IPP# 225458","https://ims.internationalprocessplants.com/inventory/equipment/detail/225458","7","Re-glassed","203.2 mm (8 in)","","","Pro Ring Standard-Single Hole","","","","Glasslined","","Yes","Pro-Ring","Glass Lined Parts","",""
"225459","Glasslined  Pro-Ring Glass Lined Parts - IPP# 225459","https://ims.internationalprocessplants.com/inventory/equipment/detail/225459","11","Re-glassed","101.6 mm (4 in)","Very Clean (VC)","Full Fire Polish (FF)","Pfaudler Two Hole","Yes","","Pfaudler","Glasslined","","Yes","Pro-Ring","Glass Lined Parts","",""
"225460","Pro-Ring Glass Lined Parts  Glasslined For Sale - IPP# 225460","https://ims.internationalprocessplants.com/inventory/equipment/detail/225460","6","Re-glassed","152.4 mm (6 in)","","","","","","","Glasslined","","Yes","Pro-Ring","Glass Lined Parts","",""
"225465","Pro-Ring Glass Lined Parts  Glasslined For Sale - IPP# 225465","https://ims.internationalprocessplants.com/inventory/equipment/detail/225465","8","Re-glassed","114.3 mm (4.5 in)","","","Pfaudler Single Hole","","","Pfaudler","Glasslined","","Yes","Pro-Ring","Glass Lined Parts","",""
"225468","Pro-Ring Glass Lined Parts  Glasslined For Sale - IPP# 225468","https://ims.internationalprocessplants.com/inventory/equipment/detail/225468","9","Re-glassed","355.6 mm (14 in)","","","Pfaudler Two Hole","","457.2 mm (18 in)","Pfaudler","Glasslined","","Yes","Pro-Ring","Glass Lined Parts","",""
"225470","Pro-Ring Glass Lined Parts  Glasslined For Sale - IPP# 225470","https://ims.internationalprocessplants.com/inventory/equipment/detail/225470","6","Re-glassed","457.2 mm (18 in)","","","","","","","Glasslined","","Yes","Pro-Ring","Glass Lined Parts","",""
"225471","Pro-Ring Glass Lined Parts  Glasslined For Sale - IPP# 225471","https://ims.internationalprocessplants.com/inventory/equipment/detail/225471","9","Re-glassed","304.8 mm (12 in)","","","Pro Ring Standard-Single Hole","","406.4 mm (16 in)","Pfaudler","Glasslined","","Yes","Pro-Ring","Glass Lined Parts","",""
"226527","Pro-Ring Glass Lined Parts  Glasslined For Sale - IPP# 226527","https://ims.internationalprocessplants.com/inventory/equipment/detail/226527","8","Re-glassed","304.8 mm (12 in)","","","","","406.4 mm (16 in)","Pfaudler","Glasslined","","Yes","Pro-Ring","Glass Lined Parts","",""
"226548","Glasslined  Pro-Ring Glass Lined Parts - IPP# 226548","https://ims.internationalprocessplants.com/inventory/equipment/detail/226548","7","Used","406.4 mm (16 in)","","","Pfaudler Single Hole","","304.8 mm (12 in)","","Glasslined","","","Pro-Ring","Glass Lined Parts","",""
"226549","Glasslined  Pro-Ring Glass Lined Parts - IPP# 226549","https://ims.internationalprocessplants.com/inventory/equipment/detail/226549","7","Used","406.4 mm (16 in)","","","Pfaudler Single Hole","","304.8 mm (12 in)","","Glasslined","","","Pro-Ring","Glass Lined Parts","",""
"226553","Glasslined  Pro-Ring Glass Lined Parts - IPP# 226553","https://ims.internationalprocessplants.com/inventory/equipment/detail/226553","7","Used","406.4 mm (16 in)","","","Pfaudler Single Hole","","304.8 mm (12 in)","","Glasslined","","","Pro-Ring","Glass Lined Parts","",""
"226557","Glasslined  Pro-Ring Glass Lined Parts - IPP# 226557","https://ims.internationalprocessplants.com/inventory/equipment/detail/226557","7","Used","406.4 mm (16 in)","","","Pfaudler Two Hole","","304.8 mm (12 in)","","Glasslined","","","Pro-Ring","Glass Lined Parts","",""
"226558","Glasslined Pro-Ring Glass Lined Parts - IPP# 226558","https://ims.internationalprocessplants.com/inventory/equipment/detail/226558","10","Re-glassed","457.2 mm (18 in)","Very Clean (VC)","Full Fire Polish (FF)","Pfaudler Single Hole","","355.6 mm (14 in)","","Glasslined","","Yes","Pro-Ring","Glass Lined Parts","",""
"226560","Pro-Ring Glass Lined Parts  Glasslined For Sale - IPP# 226560","https://ims.internationalprocessplants.com/inventory/equipment/detail/226560","9","Re-glassed","355.6 mm (14 in)","","","Pro Ring Spring Asist","","457.2 mm (18 in)","Pfaudler","Glasslined","","Yes","Pro-Ring","Glass Lined Parts","",""
"226564","Glasslined Pfaudler Pro-Ring Glass Lined Parts - IPP# 226564","https://ims.internationalprocessplants.com/inventory/equipment/detail/226564","7","Used","457.2 mm (18 in)","","","","","355.6 mm (14 in)","Pfaudler","Glasslined","","","Pro-Ring","Glass Lined Parts","",""
"226599","Pro-Ring Glass Lined Parts  Glasslined For Sale - IPP# 226599","https://ims.internationalprocessplants.com/inventory/equipment/detail/226599","8","Re-glassed","355.6 mm (14 in)","","","","","457.2 mm (18 in)","Pfaudler","Glasslined","","Yes","Pro-Ring","Glass Lined Parts","",""
"226600","Pro-Ring Glass Lined Parts  Glasslined For Sale - IPP# 226600","https://ims.internationalprocessplants.com/inventory/equipment/detail/226600","9","Re-glassed","355.6 mm (14 in)","","","Pfaudler Single Hole","","457.2 mm (18 in)","Pfaudler","Glasslined","","Yes","Pro-Ring","Glass Lined Parts","",""
"226601","Pro-Ring Glass Lined Parts  Glasslined For Sale - IPP# 226601","https://ims.internationalprocessplants.com/inventory/equipment/detail/226601","9","Re-glassed","304.8 mm (12 in)","","","Pfaudler Two Hole","","406.4 mm (16 in)","Pfaudler","Glasslined","","Yes","Pro-Ring","Glass Lined Parts","",""
"226602","Pro-Ring Glass Lined Parts  Glasslined For Sale - IPP# 226602","https://ims.internationalprocessplants.com/inventory/equipment/detail/226602","10","Re-glassed","304.8 mm (12 in)","","","Pfaudler Single Hole","","406.4 mm (16 in)","Pfaudler","Glasslined","","Yes","Pro-Ring","Glass Lined Parts","","406.4 mm (16 in)"
"226603","Pro-Ring Glass Lined Parts  Glasslined For Sale - IPP# 226603","https://ims.internationalprocessplants.com/inventory/equipment/detail/226603","10","Re-glassed","355.6 mm (14 in)","","","Pfaudler Single Hole","","457.2 mm (18 in)","Pfaudler","Glasslined","","Yes","Pro-Ring","Glass Lined Parts","","457.2 mm (18 in)"
"228025","Pro-Ring Glass Lined Parts  Glasslined For Sale - IPP# 228025","https://ims.internationalprocessplants.com/inventory/equipment/detail/228025","8","Re-glassed","355.6 mm (14 in)","","","","","457.2 mm (18 in)","Pfaudler","Glasslined","","Yes","Pro-Ring","Glass Lined Parts","",""
"228093","Pro-Ring Glass Lined Parts  Glasslined For Sale - IPP# 228093","https://ims.internationalprocessplants.com/inventory/equipment/detail/228093","8","Re-glassed","355.6 mm (14 in)","","","","","457.2 mm (18 in)","Pfaudler","Glasslined","","Yes","Pro-Ring","Glass Lined Parts","",""
"228152","Pro-Ring Glass Lined Parts  Glasslined For Sale - IPP# 228152","https://ims.internationalprocessplants.com/inventory/equipment/detail/228152","8","Re-glassed","355.6 mm (14 in)","","","","","457.2 mm (18 in)","Pfaudler","Glasslined","","Yes","Pro-Ring","Glass Lined Parts","",""
"228182","Pro-Ring Glass Lined Parts  Glasslined For Sale - IPP# 228182","https://ims.internationalprocessplants.com/inventory/equipment/detail/228182","8","Re-glassed","355.6 mm (14 in)","","","","","457.2 mm (18 in)","Pfaudler","Glasslined","","Yes","Pro-Ring","Glass Lined Parts","",""
"228201","Pro-Ring Glass Lined Parts  Glasslined For Sale - IPP# 228201","https://ims.internationalprocessplants.com/inventory/equipment/detail/228201","8","Re-glassed","406.4 mm (16 in)","","","","","304.8 mm (12 in)","Pfaudler","Glasslined","","Yes","Pro-Ring","Glass Lined Parts","",""
"228212","Pro-Ring Glass Lined Parts  Glasslined For Sale - IPP# 228212","https://ims.internationalprocessplants.com/inventory/equipment/detail/228212","8","Re-glassed","304.8 mm (12 in)","","","","","406.4 mm (16 in)","Pfaudler","Glasslined","","Yes","Pro-Ring","Glass Lined Parts","",""
"228266","Pro-Ring Glass Lined Parts  Glasslined For Sale - IPP# 228266","https://ims.internationalprocessplants.com/inventory/equipment/detail/228266","9","Re-glassed","355.6 mm (14 in)","","","Pfaudler Two Hole","","457.2 mm (18 in)","Pfaudler","Glasslined","","Yes","Pro-Ring","Glass Lined Parts","",""
"228267","Pro-Ring Glass Lined Parts  Glasslined For Sale - IPP# 228267","https://ims.internationalprocessplants.com/inventory/equipment/detail/228267","8","Re-glassed","457.2 mm (18 in)","","","Pfaudler Two Hole","","355.6 mm (14 in)","","Glasslined","","Yes","Pro-Ring","Glass Lined Parts","",""
"228268","Pro-Ring Glass Lined Parts  Glasslined For Sale - IPP# 228268","https://ims.internationalprocessplants.com/inventory/equipment/detail/228268","7","Re-glassed","304.8 mm (12 in)","","","","","406.4 mm (16 in)","","Glasslined","","Yes","Pro-Ring","Glass Lined Parts","",""
"228270","Pro-Ring Glass Lined Parts  Glasslined For Sale - IPP# 228270","https://ims.internationalprocessplants.com/inventory/equipment/detail/228270","9","Re-glassed","355.6 mm (14 in)","","","Pfaudler Two Hole","","457.2 mm (18 in)","Pfaudler","Glasslined","","Yes","Pro-Ring","Glass Lined Parts","",""
"228271","Pro-Ring Glass Lined Parts  Glasslined For Sale - IPP# 228271","https://ims.internationalprocessplants.com/inventory/equipment/detail/228271","9","Re-glassed","304.8 mm (12 in)","","","Pfaudler Two Hole","","406.4 mm (16 in)","Pfaudler","Glasslined","","Yes","Pro-Ring","Glass Lined Parts","",""
"228272","Pro-Ring Glass Lined Parts  Glasslined For Sale - IPP# 228272","https://ims.internationalprocessplants.com/inventory/equipment/detail/228272","9","Re-glassed","304.8 mm (12 in)","","","Pfaudler Single Hole","","406.4 mm (16 in)","Pfaudler","Glasslined","","Yes","Pro-Ring","Glass Lined Parts","",""
"228273","Pro-Ring Glass Lined Parts  Glasslined For Sale - IPP# 228273","https://ims.internationalprocessplants.com/inventory/equipment/detail/228273","9","Re-glassed","304.8 mm (12 in)","","","Pfaudler Two Hole","","406.4 mm (16 in)","Pfaudler","Glasslined","","Yes","Pro-Ring","Glass Lined Parts","",""
"228274","Pro-Ring Glass Lined Parts  Glasslined For Sale - IPP# 228274","https://ims.internationalprocessplants.com/inventory/equipment/detail/228274","7","Re-glassed","304.8 mm (12 in)","","","","","406.4 mm (16 in)","","Glasslined","","Yes","Pro-Ring","Glass Lined Parts","",""
"228275","Pro-Ring Glass Lined Parts  Glasslined For Sale - IPP# 228275","https://ims.internationalprocessplants.com/inventory/equipment/detail/228275","7","Re-glassed","304.8 mm (12 in)","","","","","406.4 mm (16 in)","","Glasslined","","Yes","Pro-Ring","Glass Lined Parts","",""
"228276","Glasslined Pro-Ring Glass Lined Parts - IPP# 228276","https://ims.internationalprocessplants.com/inventory/equipment/detail/228276","7","Re-glassed","355.6 mm (14 in)","","","","","457.2 mm (18 in)","","Glasslined","","Yes","Pro-Ring","Glass Lined Parts","",""
"228277","Pro-Ring Glass Lined Parts  Glasslined For Sale - IPP# 228277","https://ims.internationalprocessplants.com/inventory/equipment/detail/228277","9","Re-glassed","406.4 mm (16 in)","","","Pfaudler Two Hole","","304.8 mm (12 in)","Pfaudler","Glasslined","","Yes","Pro-Ring","Glass Lined Parts","",""
"228278","Pro-Ring Glass Lined Parts  Glasslined For Sale - IPP# 228278","https://ims.internationalprocessplants.com/inventory/equipment/detail/228278","8","Re-glassed","355.6 mm (14 in)","","","","","457.2 mm (18 in)","Pfaudler","Glasslined","","Yes","Pro-Ring","Glass Lined Parts","",""
"228281","Pro-Ring Glass Lined Parts  Glasslined For Sale - IPP# 228281","https://ims.internationalprocessplants.com/inventory/equipment/detail/228281","8","Re-glassed","355.6 mm (14 in)","","","","","457.2 mm (18 in)","Pfaudler","Glasslined","","Yes","Pro-Ring","Glass Lined Parts","",""
"228283","Pro-Ring Glass Lined Parts  Glasslined For Sale - IPP# 228283","https://ims.internationalprocessplants.com/inventory/equipment/detail/228283","9","Re-glassed","355.6 mm (14 in)","","","Pfaudler Single Hole","","457.2 mm (18 in)","Pfaudler","Glasslined","","Yes","Pro-Ring","Glass Lined Parts","",""
"228285","Pro-Ring Glass Lined Parts  Glasslined For Sale - IPP# 228285","https://ims.internationalprocessplants.com/inventory/equipment/detail/228285","9","Re-glassed","355.6 mm (14 in)","","","Pfaudler Two Hole","","457.2 mm (18 in)","Pfaudler","Glasslined","","Yes","Pro-Ring","Glass Lined Parts","",""
"228286","Pro-Ring Glass Lined Parts  Glasslined For Sale - IPP# 228286","https://ims.internationalprocessplants.com/inventory/equipment/detail/228286","8","Re-glassed","457.2 mm (18 in)","","","Pfaudler Two Hole","","355.6 mm (14 in)","","Glasslined","","Yes","Pro-Ring","Glass Lined Parts","",""
"228287","Pro-Ring Glass Lined Parts  Glasslined For Sale - IPP# 228287","https://ims.internationalprocessplants.com/inventory/equipment/detail/228287","7","Re-glassed","304.8 mm (12 in)","","","","","406.4 mm (16 in)","","Glasslined","","Yes","Pro-Ring","Glass Lined Parts","",""
"228288","Pro-Ring Glass Lined Parts  Glasslined For Sale - IPP# 228288","https://ims.internationalprocessplants.com/inventory/equipment/detail/228288","9","Re-glassed","457.2 mm (18 in)","","","Pfaudler Single Hole","","355.6 mm (14 in)","Pfaudler","Glasslined","","Yes","Pro-Ring","Glass Lined Parts","",""
"228289","Glasslined Pro-Ring Glass Lined Parts - IPP# 228289","https://ims.internationalprocessplants.com/inventory/equipment/detail/228289","8","Re-glassed","355.6 mm (14 in)","","","","","457.2 mm (18 in)","Pfaudler","Glasslined","","Yes","Pro-Ring","Glass Lined Parts","",""
"228291","Pro-Ring Glass Lined Parts  Glasslined For Sale - IPP# 228291","https://ims.internationalprocessplants.com/inventory/equipment/detail/228291","9","Re-glassed","355.6 mm (14 in)","","","Pfaudler Two Hole","","457.2 mm (18 in)","Pfaudler","Glasslined","","Yes","Pro-Ring","Glass Lined Parts","",""
"228292","Pro-Ring Glass Lined Parts  Glasslined For Sale - IPP# 228292","https://ims.internationalprocessplants.com/inventory/equipment/detail/228292","8","Re-glassed","406.4 mm (16 in)","","","Pfaudler Two Hole","","304.8 mm (12 in)","","Glasslined","","Yes","Pro-Ring","Glass Lined Parts","",""
"228293","Pro-Ring Glass Lined Parts  Glasslined For Sale - IPP# 228293","https://ims.internationalprocessplants.com/inventory/equipment/detail/228293","7","Re-glassed","406.4 mm (16 in)","","","","","304.8 mm (12 in)","","Glasslined","","Yes","Pro-Ring","Glass Lined Parts","",""
"228294","Glasslined  Pro-Ring Glass Lined Parts - IPP# 228294","https://ims.internationalprocessplants.com/inventory/equipment/detail/228294","7","Used","457.2 mm (18 in)","","","Pfaudler Two Hole","","355.6 mm (14 in)","","Glasslined","","","Pro-Ring","Glass Lined Parts","",""
"228295","Pro-Ring Glass Lined Parts  Glasslined For Sale - IPP# 228295","https://ims.internationalprocessplants.com/inventory/equipment/detail/228295","9","Re-glassed","355.6 mm (14 in)","","","Pfaudler Two Hole","","457.2 mm (18 in)","Pfaudler","Glasslined","","Yes","Pro-Ring","Glass Lined Parts","",""
"228296","Pro-Ring Glass Lined Parts  Glasslined For Sale - IPP# 228296","https://ims.internationalprocessplants.com/inventory/equipment/detail/228296","8","Re-glassed","355.6 mm (14 in)","","","","","457.2 mm (18 in)","Pfaudler","Glasslined","","Yes","Pro-Ring","Glass Lined Parts","",""
"228297","Pro-Ring Glass Lined Parts  Glasslined For Sale - IPP# 228297","https://ims.internationalprocessplants.com/inventory/equipment/detail/228297","8","Re-glassed","355.6 mm (14 in)","","","","","457.2 mm (18 in)","DeDeitrich","Glasslined","","Yes","Pro-Ring","Glass Lined Parts","",""
"228298","Pro-Ring Glass Lined Parts  Glasslined For Sale - IPP# 228298","https://ims.internationalprocessplants.com/inventory/equipment/detail/228298","9","Re-glassed","304.8 mm (12 in)","","","Pfaudler Two Hole","","406.4 mm (16 in)","Pfaudler","Glasslined","","Yes","Pro-Ring","Glass Lined Parts","",""
"230099","Pro-Ring Glass Lined Parts 8,000 L (2,100 gallons) Glasslined For Sale - IPP# 230099","https://ims.internationalprocessplants.com/inventory/equipment/detail/230099","8","Re-glassed","450 mm (17.7 in)","","","","","","Pfaudler","Glasslined","","Yes","Pro-Ring","Glass Lined Parts","8,000 L (2,100 gallons)",""
"230228","Pro-Ring Glass Lined Parts  Glasslined For Sale - IPP# 230228","https://ims.internationalprocessplants.com/inventory/equipment/detail/230228","8","Re-glassed","457.2 mm (18 in)","","","Pro Ring Spring Asist","","","Pfaudler","Glasslined","","Yes","Pro-Ring","Glass Lined Parts","",""
"230263","Pro-Ring Glass Lined Parts  Glasslined For Sale - IPP# 230263","https://ims.internationalprocessplants.com/inventory/equipment/detail/230263","8","Re-glassed","355.6 mm (14 in)","","","","","355.6 mm (14 in)","","Glasslined","","Yes","Pro-Ring","Glass Lined Parts","","457.2 mm (18 in)"
"230267","Pro-Ring Glass Lined Parts  Glasslined For Sale - IPP# 230267","https://ims.internationalprocessplants.com/inventory/equipment/detail/230267","9","Re-glassed","304.8 mm (12 in)","","","Pfaudler Single Hole","","406.4 mm (16 in)","Pfaudler","Glasslined","","Yes","Pro-Ring","Glass Lined Parts","",""
"230288","Pro-Ring Glass Lined Parts  Glasslined For Sale - IPP# 230288","https://ims.internationalprocessplants.com/inventory/equipment/detail/230288","7","Re-glassed","457.2 mm (18 in)","","","","","355.6 mm (14 in)","","Glasslined","","Yes","Pro-Ring","Glass Lined Parts","",""
"230301","Pro-Ring Glass Lined Parts  Glasslined For Sale - IPP# 230301","https://ims.internationalprocessplants.com/inventory/equipment/detail/230301","7","Re-glassed","457.2 mm (18 in)","","","","","","Pfaudler","Glasslined","","Yes","Pro-Ring","Glass Lined Parts","",""
"232313","Pro-Ring Glass Lined Parts  Glasslined For Sale - IPP# 232313","https://ims.internationalprocessplants.com/inventory/equipment/detail/232313","5","Re-glassed","","","","","","","","Glasslined","","Yes","Pro-Ring","Glass Lined Parts","",""
"232314","Unused Pro-Ring Glass Lined Parts  Glasslined For Sale - IPP# 232314","https://ims.internationalprocessplants.com/inventory/equipment/detail/232314","8","Unused","355.6 mm (14 in)","","","Pfaudler Two Hole","","457.2 mm (18 in)","Pfaudler","Glasslined","","","Pro-Ring","Glass Lined Parts","",""
"232315","Unused Glasslined Pfaudler Pro-Ring Glass Lined Parts - IPP# 232315","https://ims.internationalprocessplants.com/inventory/equipment/detail/232315","8","Unused","355.6 mm (14 in)","","","Pfaudler Two Hole","","457.2 mm (18 in)","Pfaudler","Glasslined","","","Pro-Ring","Glass Lined Parts","",""
"232316","Unused Pro-Ring Glass Lined Parts  Glasslined For Sale - IPP# 232316","https://ims.internationalprocessplants.com/inventory/equipment/detail/232316","8","Unused","355.6 mm (14 in)","","","Pfaudler Two Hole","","457.2 mm (18 in)","Pfaudler","Glasslined","","","Pro-Ring","Glass Lined Parts","",""
"232317","Unused Pro-Ring Glass Lined Parts  Glasslined For Sale - IPP# 232317","https://ims.internationalprocessplants.com/inventory/equipment/detail/232317","8","Unused","355.6 mm (14 in)","","","Pfaudler Two Hole","","457.2 mm (18 in)","Pfaudler","Glasslined","","","Pro-Ring","Glass Lined Parts","",""
"232318","Unused Pro-Ring Glass Lined Parts  Glasslined For Sale - IPP# 232318","https://ims.internationalprocessplants.com/inventory/equipment/detail/232318","8","Unused","355.6 mm (14 in)","","","Pfaudler Two Hole","","457.2 mm (18 in)","Pfaudler","Glasslined","","","Pro-Ring","Glass Lined Parts","",""
"232319","Pro-Ring Glass Lined Parts  Glasslined For Sale - IPP# 232319","https://ims.internationalprocessplants.com/inventory/equipment/detail/232319","7","Used","355.6 mm (14 in)","","","","","457.2 mm (18 in)","DeDietrich","Glasslined","","","Pro-Ring","Glass Lined Parts","",""
"232320","Glasslined  Pro-Ring Glass Lined Parts - IPP# 232320","https://ims.internationalprocessplants.com/inventory/equipment/detail/232320","7","Needs Reglass","355.6 mm (14 in)","","","Pfaudler Two Hole","","457.2 mm (18 in)","","Glasslined","","","Pro-Ring","Glass Lined Parts","",""
"232321","Pro-Ring Glass Lined Parts  Glasslined For Sale - IPP# 232321","https://ims.internationalprocessplants.com/inventory/equipment/detail/232321","6","Used","304.8 mm (12 in)","","","","","406.4 mm (16 in)","","Glasslined","","","Pro-Ring","Glass Lined Parts","",""
"232322","Glasslined  Pro-Ring Glass Lined Parts - IPP# 232322","https://ims.internationalprocessplants.com/inventory/equipment/detail/232322","5","Used","508 mm (20 in)","","","","","","","Glasslined","","","Pro-Ring","Glass Lined Parts","",""
"232323","Glasslined  Pro-Ring Glass Lined Parts - IPP# 232323","https://ims.internationalprocessplants.com/inventory/equipment/detail/232323","7","Used","228.6 mm (9 in)","","","Pfaudler Two Hole","","304.8 mm (12 in)","","Glasslined","","","Pro-Ring","Glass Lined Parts","",""
"232324","Glasslined  Pro-Ring Glass Lined Parts - IPP# 232324","https://ims.internationalprocessplants.com/inventory/equipment/detail/232324","6","Used","228.6 mm (9 in)","","","","","304.8 mm (12 in)","","Glasslined","","","Pro-Ring","Glass Lined Parts","",""
"232344","Pro-Ring Glass Lined Parts  Glasslined For Sale - IPP# 232344","https://ims.internationalprocessplants.com/inventory/equipment/detail/232344","7","Re-glassed","457.2 mm (18 in)","","","","","355.6 mm (14 in)","","Glasslined","","Yes","Pro-Ring","Glass Lined Parts","",""
"232424","Unused Glasslined Pfaudler Pro-Ring Glass Lined Parts - IPP# 232424","https://ims.internationalprocessplants.com/inventory/equipment/detail/232424","8","Unused","355.6 mm (14 in)","","","Pro Ring Spring Asist","","457.2 mm (18 in)","Pfaudler","Glasslined","","","Pro-Ring","Glass Lined Parts","",""
"232456","Unused Pro-Ring Glass Lined Parts  Glasslined For Sale - IPP# 232456","https://ims.internationalprocessplants.com/inventory/equipment/detail/232456","8","Unused","355.6 mm (14 in)","","","Pfaudler Two Hole","","457.2 mm (18 in)","Pfaudler","Glasslined","","","Pro-Ring","Glass Lined Parts","",""
"232464","Pro-Ring Glass Lined Parts  Glasslined For Sale - IPP# 232464","https://ims.internationalprocessplants.com/inventory/equipment/detail/232464","7","Re-glassed","457.2 mm (18 in)","","","Pro Ring Spring Asist","","","","Glasslined","","Yes","Pro-Ring","Glass Lined Parts","",""
"232486","Pro-Ring Glass Lined Parts  Hastelloy - C276 For Sale - IPP# 232486","https://ims.internationalprocessplants.com/inventory/equipment/detail/232486","7","Used","355.6 mm (14 in)","","","Pro Ring Spring Asist","","457.2 mm (18 in)","","Hastelloy - C276","","","Pro-Ring","Glass Lined Parts","",""
"232492","Pro-Ring Glass Lined Parts  Glasslined For Sale - IPP# 232492","https://ims.internationalprocessplants.com/inventory/equipment/detail/232492","9","Re-glassed","355.6 mm (14 in)","","","Pfaudler Single Hole","","457.2 mm (18 in)","Pfaudler","Glasslined","","Yes","Pro-Ring","Glass Lined Parts","",""
"232739","Pro-Ring Glass Lined Parts  Glasslined For Sale - IPP# 232739","https://ims.internationalprocessplants.com/inventory/equipment/detail/232739","7","Re-glassed","610 mm (24 in)","","","","","","Pfaudler","Glasslined","","Yes","Pro-Ring","Glass Lined Parts","",""
"233520","Unused Pro-Ring Glass Lined Parts  Glasslined For Sale - IPP# 233520","https://ims.internationalprocessplants.com/inventory/equipment/detail/233520","8","Unused","355.6 mm (14 in)","","","Pfaudler Single Hole","","457.2 mm (18 in)","Pfaudler","Glasslined","","","Pro-Ring","Glass Lined Parts","",""
"233532","Glasslined Pfaudler Pro-Ring Glass Lined Parts - IPP# 233532","https://ims.internationalprocessplants.com/inventory/equipment/detail/233532","9","Re-glassed","355.6 mm (14 in)","","","Pfaudler Two Hole","","457.2 mm (18 in)","Pfaudler","Glasslined","","Yes","Pro-Ring","Glass Lined Parts","",""
"235533","Pro-Ring Glass Lined Parts  Hastelloy - C276 For Sale - IPP# 235533","https://ims.internationalprocessplants.com/inventory/equipment/detail/235533","7","Used","355.6 mm (14 in)","","","Pro Ring Spring Asist","","457.2 mm (18 in)","","Hastelloy - C276","","","Pro-Ring","Glass Lined Parts","",""
"235544","Pro-Ring Glass Lined Parts  Glasslined For Sale - IPP# 235544","https://ims.internationalprocessplants.com/inventory/equipment/detail/235544","8","Re-glassed","355.6 mm (14 in)","","","Pro Ring Spring Asist","","457.2 mm (18 in)","","Glasslined","","Yes","Pro-Ring","Glass Lined Parts","",""
"235549","Pro-Ring Glass Lined Parts  Glasslined For Sale - IPP# 235549","https://ims.internationalprocessplants.com/inventory/equipment/detail/235549","7","Re-glassed","457.2 mm (18 in)","","","","","","Pfaudler","Glasslined","","Yes","Pro-Ring","Glass Lined Parts","",""
"235556","Glasslined Pro-Ring Glass Lined Parts - IPP# 235556","https://ims.internationalprocessplants.com/inventory/equipment/detail/235556","7","Re-glassed","457.2 mm (18 in)","","","","","","Pfaudler","Glasslined","","Yes","Pro-Ring","Glass Lined Parts","",""
"235561","Pro-Ring Glass Lined Parts  Glasslined For Sale - IPP# 235561","https://ims.internationalprocessplants.com/inventory/equipment/detail/235561","8","Used","228.6 mm (9 in)","","","Pfaudler Single Hole","","304.8 mm (12 in)","Pfaudler","Glasslined","","","Pro-Ring","Glass Lined Parts","",""
"235569","Pro-Ring Glass Lined Parts  Glasslined For Sale - IPP# 235569","https://ims.internationalprocessplants.com/inventory/equipment/detail/235569","9","Re-glassed","355.6 mm (14 in)","","","Pfaudler Two Hole","","457.2 mm (18 in)","Pfaudler","Glasslined","","Yes","Pro-Ring","Glass Lined Parts","",""
"235587","Pro-Ring Glass Lined Parts  Glasslined For Sale - IPP# 235587","https://ims.internationalprocessplants.com/inventory/equipment/detail/235587","9","Used","355.6 mm (14 in)","","","Pfaudler Single Hole","","457.2 mm (18 in)","Pfaudler","Glasslined","","Yes","Pro-Ring","Glass Lined Parts","",""
"235593","Pro-Ring Glass Lined Parts  Glasslined For Sale - IPP# 235593","https://ims.internationalprocessplants.com/inventory/equipment/detail/235593","9","Re-glassed","355.6 mm (14 in)","","","Pro Ring Spring Asist","","457.2 mm (18 in)","Pfaudler","Glasslined","","Yes","Pro-Ring","Glass Lined Parts","",""
"235728","Pro-Ring Glass Lined Parts  Glasslined For Sale - IPP# 235728","https://ims.internationalprocessplants.com/inventory/equipment/detail/235728","7","Re-glassed","610 mm (24 in)","","","","","","Pfaudler","Glasslined","","Yes","Pro-Ring","Glass Lined Parts","",""
"235753","New Glasslined Pro-Ring Glass Lined Parts - IPP# 235753","https://ims.internationalprocessplants.com/inventory/equipment/detail/235753","4","New","","","","","","","","Glasslined","","","Pro-Ring","Glass Lined Parts","",""
"235755","New Pro-Ring Glass Lined Parts  Glasslined For Sale - IPP# 235755","https://ims.internationalprocessplants.com/inventory/equipment/detail/235755","4","New","","","","","","","","Glasslined","","","Pro-Ring","Glass Lined Parts","",""
"235809","Pro-Ring Glass Lined Parts  Glasslined For Sale - IPP# 235809","https://ims.internationalprocessplants.com/inventory/equipment/detail/235809","5","Used","940 mm (37 in)","","","","","","","Glasslined","","","Pro-Ring","Glass Lined Parts","",""
"235822","Pro-Ring Glass Lined Parts  Glasslined For Sale - IPP# 235822","https://ims.internationalprocessplants.com/inventory/equipment/detail/235822","7","Re-glassed","457.2 mm (18 in)","","","Pro Ring Spring Asist","","","","Glasslined","","Yes","Pro-Ring","Glass Lined Parts","",""
"235828","Pro-Ring Glass Lined Parts  Glasslined For Sale - IPP# 235828","https://ims.internationalprocessplants.com/inventory/equipment/detail/235828","7","Re-glassed","457.2 mm (18 in)","","","Pro Ring Spring Asist","","","","Glasslined","","Yes","Pro-Ring","Glass Lined Parts","",""
"235830","Pro-Ring Glass Lined Parts  Glasslined For Sale - IPP# 235830","https://ims.internationalprocessplants.com/inventory/equipment/detail/235830","5","Used","991 mm (39 in)","","","","","","","Glasslined","","","Pro-Ring","Glass Lined Parts","",""
"235831","Pro-Ring Glass Lined Parts  Glasslined For Sale - IPP# 235831","https://ims.internationalprocessplants.com/inventory/equipment/detail/235831","5","Used","991 mm (39 in)","","","","","","","Glasslined","","","Pro-Ring","Glass Lined Parts","",""
"235834","Pro-Ring Glass Lined Parts  Glasslined For Sale - IPP# 235834","https://ims.internationalprocessplants.com/inventory/equipment/detail/235834","7","Re-glassed","355.6 mm (14 in)","","","","","457.2 mm (18 in)","","Glasslined","","Yes","Pro-Ring","Glass Lined Parts","",""
"235836","Pro-Ring Glass Lined Parts  Glasslined For Sale - IPP# 235836","https://ims.internationalprocessplants.com/inventory/equipment/detail/235836","7","Re-glassed","304.8 mm (12 in)","","","","","406.4 mm (16 in)","","Glasslined","","Yes","Pro-Ring","Glass Lined Parts","",""
"235837","Pro-Ring Glass Lined Parts  Glasslined For Sale - IPP# 235837","https://ims.internationalprocessplants.com/inventory/equipment/detail/235837","8","Re-glassed","304.8 mm (12 in)","","","Pro Ring Standard-Single Hole","","406.4 mm (16 in)","","Glasslined","","Yes","Pro-Ring","Glass Lined Parts","",""
"238216","Unused Pro-Ring Glass Lined Parts  Glasslined For Sale - IPP# 238216","https://ims.internationalprocessplants.com/inventory/equipment/detail/238216","5","Unused","457.2 mm (18 in)","","","","","","","Glasslined","","","Pro-Ring","Glass Lined Parts","",""
"238251","Unused Glasslined Pfaudler Pro-Ring Glass Lined Parts - IPP# 238251","https://ims.internationalprocessplants.com/inventory/equipment/detail/238251","6","Unused","457.2 mm (18 in)","","","","","","Pfaudler","Glasslined","","","Pro-Ring","Glass Lined Parts","",""
"238254","Unused Glasslined Pfaudler Pro-Ring Glass Lined Parts - IPP# 238254","https://ims.internationalprocessplants.com/inventory/equipment/detail/238254","7","Unused","610 mm (24 in)","","","Pro Ring Spring Asist","","","Pfaudler","Glasslined","","","Pro-Ring","Glass Lined Parts","",""
"238255","Pro-Ring Glass Lined Parts  Glasslined For Sale - IPP# 238255","https://ims.internationalprocessplants.com/inventory/equipment/detail/238255","6","Used","610 mm (24 in)","","","","","","3V Tech","Glasslined","","","Pro-Ring","Glass Lined Parts","",""
"238256","Pro-Ring Glass Lined Parts  Glasslined For Sale - IPP# 238256","https://ims.internationalprocessplants.com/inventory/equipment/detail/238256","6","Used","610 mm (24 in)","","","","","","3V Tech","Glasslined","","","Pro-Ring","Glass Lined Parts","",""
"238268","Unused Glasslined Pro-Ring Glass Lined Parts - IPP# 238268","https://ims.internationalprocessplants.com/inventory/equipment/detail/238268","7","Unused","610 mm (24 in)","","","Pro Ring Spring Asist","","","Pfaudler","Glasslined","","","Pro-Ring","Glass Lined Parts","",""
"238279","Unused Pro-Ring Glass Lined Parts  Glasslined For Sale - IPP# 238279","https://ims.internationalprocessplants.com/inventory/equipment/detail/238279","6","Unused","457.2 mm (18 in)","","","","","","","Glasslined","","","Pro-Ring","Glass Lined Parts","","50.8 mm (2 in)"
"238372","Glasslined Pro-Ring Glass Lined Parts - IPP# 238372","https://ims.internationalprocessplants.com/inventory/equipment/detail/238372","11","Re-glassed","355.6 mm (14 in)","Very Clean (VC)","Full Fire Polish (FF)","Pro Ring Spring Asist","","457.2 mm (18 in)","Pfaudler","Glasslined","","Yes","Pro-Ring","Glass Lined Parts","",""
"239001","Glasslined Pfaudler Pro-Ring Glass Lined Parts - IPP# 239001","https://ims.internationalprocessplants.com/inventory/equipment/detail/239001","8","Re-glassed","304.8 mm (12 in)","","","Pfaudler Single Hole","","406.4 mm (16 in)","Pfaudler","Glasslined","","","Pro-Ring","Glass Lined Parts","",""
"239060","Glasslined Pro-Ring Glass Lined Parts - IPP# 239060","https://ims.internationalprocessplants.com/inventory/equipment/detail/239060","11","Re-glassed","355.6 mm (14 in)","Very Clean (VC)","Full Fire Polish (FF)","Pro Ring Spring Asist","","457.2 mm (18 in)","Pfaudler","Glasslined","","Yes","Pro-Ring","Glass Lined Parts","",""
"239067","Pro-Ring Glass Lined Parts  Glasslined For Sale - IPP# 239067","https://ims.internationalprocessplants.com/inventory/equipment/detail/239067","6","Used","355.6 mm (14 in)","","","","","457.2 mm (18 in)","","Glasslined","","","Pro-Ring","Glass Lined Parts","",""
"239123","Glasslined Pro-Ring Glass Lined Parts - IPP# 239123","https://ims.internationalprocessplants.com/inventory/equipment/detail/239123","7","Re-glassed","457.2 mm (18 in)","","","","","","","Glasslined","","Yes","Pro-Ring","Glass Lined Parts","","457.2 mm (18 in)"
"239125","Glasslined Pfaudler Pro-Ring Glass Lined Parts - IPP# 239125","https://ims.internationalprocessplants.com/inventory/equipment/detail/239125","11","Re-glassed","304.8 mm (12 in)","Very Clean (VC)","Full Fire Polish (FF)","Pro Ring Spring Asist","","406.4 mm (16 in)","Pfaudler","Glasslined","","Yes","Pro-Ring","Glass Lined Parts","",""
"240037","Pro-Ring Glass Lined Parts  Glasslined For Sale - IPP# 240037","https://ims.internationalprocessplants.com/inventory/equipment/detail/240037","5","Used","457.2 mm (18 in)","","","","","","","Glasslined","","","Pro-Ring","Glass Lined Parts","",""
"240201","Glasslined  Pro-Ring Glass Lined Parts - IPP# 240201","https://ims.internationalprocessplants.com/inventory/equipment/detail/240201","6","Used","355.6 mm (14 in)","","","","","457.2 mm (18 in)","","Glasslined","","","Pro-Ring","Glass Lined Parts","",""
"240202","Glasslined Pfaudler Pro-Ring Glass Lined Parts - IPP# 240202","https://ims.internationalprocessplants.com/inventory/equipment/detail/240202","7","Used","355.6 mm (14 in)","","","","","457.2 mm (18 in)","Pfaudler","Glasslined","","","Pro-Ring","Glass Lined Parts","",""
"240203","Pro-Ring Glass Lined Parts  Glasslined For Sale - IPP# 240203","https://ims.internationalprocessplants.com/inventory/equipment/detail/240203","6","Used","304.8 mm (12 in)","","","","","406.4 mm (16 in)","","Glasslined","","","Pro-Ring","Glass Lined Parts","",""
"240278","Glasslined  Pro-Ring Glass Lined Parts - IPP# 240278","https://ims.internationalprocessplants.com/inventory/equipment/detail/240278","6","Used","355.6 mm (14 in)","","","","","457.2 mm (18 in)","","Glasslined","","","Pro-Ring","Glass Lined Parts","",""
"240287","Pro-Ring Glass Lined Parts  Glasslined For Sale - IPP# 240287","https://ims.internationalprocessplants.com/inventory/equipment/detail/240287","6","Used","","","","Pfaudler Single Hole","","","Pfaudler","Glasslined","","","Pro-Ring","Glass Lined Parts","",""
"240288","4&quot; High-Capacity Glass-Lined Pro-Ring &#x2013; Pfaudler (Reglassed 2026) - IPP# 240288","https://ims.internationalprocessplants.com/inventory/equipment/detail/240288","11","Re-glassed","101.6 mm (4 in)","Very Clean (VC)","Full Fire Polish (FF)","Pfaudler Single Hole","Yes","","Pfaudler","Glasslined","","Yes","Pro-Ring","Glass Lined Parts","",""
"240289","Glasslined Pro-Ring Glass Lined Parts - IPP# 240289","https://ims.internationalprocessplants.com/inventory/equipment/detail/240289","13","Re-glassed","203.2 mm (8 in)","","Full Fire Polish (FF)","Pfaudler Single Hole","Yes","203.2 mm (8 in)","Pfaudler","Glasslined","Protection Ring","Yes","Pro-Ring","Glass Lined Parts","","203.2 mm (8 in)"
"240303","Glasslined  Pro-Ring Glass Lined Parts - IPP# 240303","https://ims.internationalprocessplants.com/inventory/equipment/detail/240303","6","Used","457.2 mm (18 in)","","","","Yes","","","Glasslined","","","Pro-Ring","Glass Lined Parts","",""
"240304","Glasslined  Pro-Ring Glass Lined Parts - IPP# 240304","https://ims.internationalprocessplants.com/inventory/equipment/detail/240304","5","Re-glassed","457.2 mm (18 in)","","","","","","","Glasslined","","","Pro-Ring","Glass Lined Parts","",""
"240305","Pro-Ring Glass Lined Parts  Glasslined For Sale - IPP# 240305","https://ims.internationalprocessplants.com/inventory/equipment/detail/240305","7","Used","304.8 mm (12 in)","","","Pro Ring Spring Asist","","406.4 mm (16 in)","","Glasslined","","","Pro-Ring","Glass Lined Parts","",""
"240310","Glasslined  Pro-Ring Glass Lined Parts - IPP# 240310","https://ims.internationalprocessplants.com/inventory/equipment/detail/240310","6","Used","457.2 mm (18 in)","","","","Yes","","","Glasslined","","","Pro-Ring","Glass Lined Parts","",""
"240311","Glasslined  Pro-Ring Glass Lined Parts - IPP# 240311","https://ims.internationalprocessplants.com/inventory/equipment/detail/240311","6","Used","355.6 mm (14 in)","","","","","457.2 mm (18 in)","","Glasslined","","","Pro-Ring","Glass Lined Parts","",""
"240394","Glasslined Pro-Ring Glass Lined Parts - IPP# 240394","https://ims.internationalprocessplants.com/inventory/equipment/detail/240394","8","Re-glassed","355.6 mm (14 in)","","","Pro Ring Spring Asist","","457.2 mm (18 in)","","Glasslined","","Yes","Pro-Ring","Glass Lined Parts","",""
"240521","Glasslined  Pro-Ring Glass Lined Parts - IPP# 240521","https://ims.internationalprocessplants.com/inventory/equipment/detail/240521","7","Re-glassed","457.2 mm (18 in)","","","Pro Ring Spring Asist","","","","Glasslined","","Yes","Pro-Ring","Glass Lined Parts","",""
"240525","Pro-Ring Glass Lined Parts  Glasslined For Sale - IPP# 240525","https://ims.internationalprocessplants.com/inventory/equipment/detail/240525","7","Re-glassed","457.2 mm (18 in)","","","Pro Ring Spring Asist","","","","Glasslined","","Yes","Pro-Ring","Glass Lined Parts","",""
"240538","Glasslined Pfaudler Pro-Ring Glass Lined Parts - IPP# 240538","https://ims.internationalprocessplants.com/inventory/equipment/detail/240538","7","Used","457.2 mm (18 in)","","","Pfaudler Single Hole","","","Pfaudler","Glasslined","","","Pro-Ring","Glass Lined Parts","",""
"240539","Glasslined Pfaudler Pro-Ring Glass Lined Parts - IPP# 240539","https://ims.internationalprocessplants.com/inventory/equipment/detail/240539","7","Used","203.2 mm (8 in)","","","Pfaudler Two Hole","","","Pfaudler","Glasslined","","","Pro-Ring","Glass Lined Parts","",""
"240542","Pro-Ring Glass Lined Parts  Glasslined For Sale - IPP# 240542","https://ims.internationalprocessplants.com/inventory/equipment/detail/240542","7","Re-glassed","457.2 mm (18 in)","","","Pro Ring Spring Asist","","","","Glasslined","","Yes","Pro-Ring","Glass Lined Parts","",""
"240546","Glasslined Pfaudler Pro-Ring Glass Lined Parts - IPP# 240546","https://ims.internationalprocessplants.com/inventory/equipment/detail/240546","7","Used","101.6 mm (4 in)","","","Pfaudler Two Hole","","","Pfaudler","Glasslined","","","Pro-Ring","Glass Lined Parts","",""
"240548","Pro-Ring Glass Lined Parts  Glasslined For Sale - IPP# 240548","https://ims.internationalprocessplants.com/inventory/equipment/detail/240548","8","Re-glassed","304.8 mm (12 in)","","","Pro Ring Spring Asist","","406.4 mm (16 in)","","Glasslined","","Yes","Pro-Ring","Glass Lined Parts","",""
"240555","Pro-Ring Glass Lined Parts  Glasslined For Sale - IPP# 240555","https://ims.internationalprocessplants.com/inventory/equipment/detail/240555","7","Re-glassed","457.2 mm (18 in)","","","Pro Ring Spring Asist","","","","Glasslined","","Yes","Pro-Ring","Glass Lined Parts","",""
"240556","Glasslined  Pro-Ring Glass Lined Parts - IPP# 240556","https://ims.internationalprocessplants.com/inventory/equipment/detail/240556","7","Re-glassed","457.2 mm (18 in)","","","Pro Ring Spring Asist","","","","Glasslined","","Yes","Pro-Ring","Glass Lined Parts","",""
"240633","Pro-Ring Glass Lined Parts  Glasslined For Sale - IPP# 240633","https://ims.internationalprocessplants.com/inventory/equipment/detail/240633","7","Used","457.2 mm (18 in)","","","Pfaudler Two Hole","","","Pfaudler","Glasslined","","","Pro-Ring","Glass Lined Parts","",""
"240634","Unused Glasslined Pfaudler Pro-Ring Glass Lined Parts - IPP# 240634","https://ims.internationalprocessplants.com/inventory/equipment/detail/240634","8","Unused","355.6 mm (14 in)","","","Pfaudler Two Hole","","457.2 mm (18 in)","Pfaudler","Glasslined","","","Pro-Ring","Glass Lined Parts","",""
"240660","Glasslined Pfaudler Pro-Ring Glass Lined Parts - IPP# 240660","https://ims.internationalprocessplants.com/inventory/equipment/detail/240660","9","Re-glassed","304.8 mm (12 in)","","","Pfaudler Single Hole","","406.4 mm (16 in)","Pfaudler","Glasslined","","Yes","Pro-Ring","Glass Lined Parts","",""
"240666","Pro-Ring Glass Lined Parts  Glasslined For Sale - IPP# 240666","https://ims.internationalprocessplants.com/inventory/equipment/detail/240666","9","Re-glassed","304.8 mm (12 in)","","","DeDeitrich","","406.4 mm (16 in)","DeDietrich","Glasslined","","Yes","Pro-Ring","Glass Lined Parts","",""
"240671","Pro-Ring Glass Lined Parts  Glasslined For Sale - IPP# 240671","https://ims.internationalprocessplants.com/inventory/equipment/detail/240671","8","Re-glassed","304.8 mm (12 in)","","","Pro Ring Spring Asist","","406.4 mm (16 in)","","Glasslined","","Yes","Pro-Ring","Glass Lined Parts","",""
"240713","Glasslined Pro-Ring Glass Lined Parts - IPP# 240713","https://ims.internationalprocessplants.com/inventory/equipment/detail/240713","9","Re-glassed","355.6 mm (14 in)","Very Clean (VC)","Full Fire Polish (FF)","","","457.2 mm (18 in)","","Glasslined","","Yes","Pro-Ring","Glass Lined Parts","",""
"240717","Unused Pro-Ring Glass Lined Parts  Glasslined For Sale - IPP# 240717","https://ims.internationalprocessplants.com/inventory/equipment/detail/240717","6","Unused","457.2 mm (18 in)","","","","","","3V Tech","Glasslined","","","Pro-Ring","Glass Lined Parts","",""
"240718","Glasslined 3V Tech Pro-Ring Glass Lined Parts - IPP# 240718","https://ims.internationalprocessplants.com/inventory/equipment/detail/240718","6","Used","610 mm (24 in)","","","","","","3V Tech","Glasslined","","","Pro-Ring","Glass Lined Parts","",""
"240723","Glasslined Pro-Ring Glass Lined Parts - IPP# 240723","https://ims.internationalprocessplants.com/inventory/equipment/detail/240723","11","Re-glassed","610 mm (24 in)","Very Clean (VC)","Full Fire Polish (FF)","Pro Ring Spring Asist","Yes","","Pfaudler","Glasslined","","Yes","Pro-Ring","Glass Lined Parts","",""
"240753","Glasslined Pfaudler Pro-Ring Glass Lined Parts - IPP# 240753","https://ims.internationalprocessplants.com/inventory/equipment/detail/240753","11","Re-glassed","457.2 mm (18 in)","Very Clean (VC)","Full Fire Polish (FF)","Pro Ring Spring Asist","Yes","","Pfaudler","Glasslined","","Yes","Pro-Ring","Glass Lined Parts","",""
"240754","Glasslined  Pro-Ring Glass Lined Parts - IPP# 240754","https://ims.internationalprocessplants.com/inventory/equipment/detail/240754","11","Re-glassed","355.6 mm (14 in)","Very Clean (VC)","Full Fire Polish (FF)","Pro Ring Spring Asist","","457.2 mm (18 in)","Pfaudler","Glasslined","","Yes","Pro-Ring","Glass Lined Parts","",""
"240768","Glasslined Pfaudler Pro-Ring Glass Lined Parts - IPP# 240768","https://ims.internationalprocessplants.com/inventory/equipment/detail/240768","8","Used","304.8 mm (12 in)","","","Pro Ring Spring Asist","","406.4 mm (16 in)","Pfaudler","Glasslined","","","Pro-Ring","Glass Lined Parts","",""
"240783","Glasslined Pfaudler Pro-Ring Glass Lined Parts - IPP# 240783","https://ims.internationalprocessplants.com/inventory/equipment/detail/240783","11","Re-glassed","355.6 mm (14 in)","Very Clean (VC)","Full Fire Polish (FF)","Pfaudler Two Hole","","457.2 mm (18 in)","Pfaudler","Glasslined","","Yes","Pro-Ring","Glass Lined Parts","",""
"240784","Pro-Ring Glass Lined Parts  Glasslined For Sale - IPP# 240784","https://ims.internationalprocessplants.com/inventory/equipment/detail/240784","8","Used","355.6 mm (14 in)","","","Pfaudler Two Hole","","457.2 mm (18 in)","Pfaudler","Glasslined","","","Pro-Ring","Glass Lined Parts","",""
"240828","Pro-Ring Glass Lined Parts  Glasslined For Sale - IPP# 240828","https://ims.internationalprocessplants.com/inventory/equipment/detail/240828","8","Used","","","","Pfaudler Two Hole","","304.8 mm (12 in)","Pfaudler","Glasslined","","","Pro-Ring","Glass Lined Parts","","406.4 mm (16 in)"
"240888","Glasslined Pro-Ring Glass Lined Parts - IPP# 240888","https://ims.internationalprocessplants.com/inventory/equipment/detail/240888","9","Re-glassed","203.2 mm (8 in)","Very Clean (VC)","Full Fire Polish (FF)","","Yes","","","Glasslined","","Yes","Pro-Ring","Glass Lined Parts","",""
"240889","Glasslined Pro-Ring Glass Lined Parts - IPP# 240889","https://ims.internationalprocessplants.com/inventory/equipment/detail/240889","9","Re-glassed","203.2 mm (8 in)","Very Clean (VC)","Full Fire Polish (FF)","","Yes","","","Glasslined","","Yes","Pro-Ring","Glass Lined Parts","",""
"245792","Pfaudler Pro-Ring Glass Lined Parts - IPP# 245792","https://ims.internationalprocessplants.com/inventory/equipment/detail/245792","12","Re-glassed","457.2 mm (18 in)","Very Clean (VC)","Full Fire Polish (FF)","Pro Ring Spring Asist","Yes","","Pfaudler","Glasslined","Pro Ring","Yes","Pro-Ring","Glass Lined Parts","",""
"246689","Pro-Ring Glass Lined Parts  Glasslined For Sale - IPP# 246689","https://ims.internationalprocessplants.com/inventory/equipment/detail/246689","4","Needs Reglass","","","","","","","","Glasslined","","","Pro-Ring","Glass Lined Parts","",""
"246975","Glasslined Pfaudler Pro-Ring Glass Lined Parts - IPP# 246975","https://ims.internationalprocessplants.com/inventory/equipment/detail/246975","12","Re-glassed","304.8 mm (12 in)","Very Clean (VC)","Full Fire Polish (FF)","Pro Ring Spring Asist","","406.4 mm (16 in)","Pfaudler","Glasslined","Pro Ring","Yes","Pro-Ring","Glass Lined Parts","",""
"246976","Pfaudler Pro-Ring Glass Lined Parts - IPP# 246976","https://ims.internationalprocessplants.com/inventory/equipment/detail/246976","12","Re-glassed","355.6 mm (14 in)","Very Clean (VC)","Full Fire Polish (FF)","Pro Ring Spring Asist","","457.2 mm (18 in)","Pfaudler","Glasslined","Pro Ring","Yes","Pro-Ring","Glass Lined Parts","",""
"246977","Pfaudler Pro-Ring Glass Lined Parts - IPP# 246977","https://ims.internationalprocessplants.com/inventory/equipment/detail/246977","12","Re-glassed","355.6 mm (14 in)","Very Clean (VC)","Full Fire Polish (FF)","Pro Ring Spring Asist","","457.2 mm (18 in)","Pfaudler","Glasslined","Pro Ring","Yes","Pro-Ring","Glass Lined Parts","",""
"246979","New Pro-Ring Glass Lined Parts  Glasslined For Sale - IPP# 246979","https://ims.internationalprocessplants.com/inventory/equipment/detail/246979","10","New","355.6 mm (14 in)","Very Clean (VC)","Full Fire Polish (FF)","DeDeitrich","","457.2 mm (18 in)","DeDietrich","Glasslined","","","Pro-Ring","Glass Lined Parts","",""
"247085","Pro-Ring Glass Lined Parts - IPP# 247085","https://ims.internationalprocessplants.com/inventory/equipment/detail/247085","12","Re-glassed","610 mm (24 in)","Very Clean (VC)","Full Fire Polish (FF)","Pro Ring Spring Asist","Yes","610 mm (24 in)","Pfaudler","Glasslined","","Yes","Pro-Ring","Glass Lined Parts","",""
"247172","Protection Ring  Glass Lined Parts - IPP# 247172","https://ims.internationalprocessplants.com/inventory/equipment/detail/247172","7","Needs Reglass","304.8 mm (12 in)","","","Pro Ring Spring Asist","","406.4 mm (16 in)","","Glasslined","","","Pro-Ring","Glass Lined Parts","",""
"247280","Pro-Ring Glass Lined Parts - IPP# 247280","https://ims.internationalprocessplants.com/inventory/equipment/detail/247280","7","Needs Reglass","355.6 mm (14 in)","","","Pro Ring Spring Asist","","457.2 mm (18 in)","Pfaudler","","","","Pro-Ring","Glass Lined Parts","",""
"247415","Pro-Ring Glass Lined Parts - IPP# 247415","https://ims.internationalprocessplants.com/inventory/equipment/detail/247415","9","Needs Reglass","457.2 mm (18 in)","","Bad Glass (BG)","Pro Ring Spring Asist","Yes","","Pfaudler","Glasslined","","","Pro-Ring","Glass Lined Parts","",""
"247419","Pro-Ring Glass Lined Parts - IPP# 247419","https://ims.internationalprocessplants.com/inventory/equipment/detail/247419","11","Re-glassed","","Very Clean (VC)","Full Fire Polish (FF)","Pro Ring Spring Asist","","406.4 mm (16 in)","Pfaudler","Glasslined","","Yes","Pro-Ring","Glass Lined Parts","","304.8 mm (12 in)"
"247649","Pro-Ring Glass Lined Parts - IPP# 247649","https://ims.internationalprocessplants.com/inventory/equipment/detail/247649","10","Re-glassed","","Very Clean (VC)","Full Fire Polish (FF)","","","457.2 mm (18 in)","Pfaudler","Glasslined","","Yes","Pro-Ring","Glass Lined Parts","","355.6 mm (14 in)"
"248246","Pro-Ring Glass Lined Parts - IPP# 248246","https://ims.internationalprocessplants.com/inventory/equipment/detail/248246","8","Needs Reglass","","","Bad Glass (BG)","Pro Ring Spring Asist","","457.2 mm (18 in)","","Glasslined","","","Pro-Ring","Glass Lined Parts","","355.6 mm (14 in)"
"248375","Pro-Ring Glass Lined Parts - IPP# 248375","https://ims.internationalprocessplants.com/inventory/equipment/detail/248375","6","Needs Reglass","304.8 mm (12 in)","","","","","406.4 mm (16 in)","","Glasslined","","","Pro-Ring","Glass Lined Parts","",""
"44592","Pro-Ring Glass Lined Parts  Glasslined For Sale - IPP# 44592","https://ims.internationalprocessplants.com/inventory/equipment/detail/44592","7","Re-glassed","355.6 mm (14 in)","","","","","457.2 mm (18 in)","","Glasslined","","Yes","Pro-Ring","Glass Lined Parts","",""
"705622","Unused Pro-Ring Glass Lined Parts  Glasslined For Sale - IPP# 705622","https://ims.internationalprocessplants.com/inventory/equipment/detail/705622","7","Unused","304.8 mm (12 in)","","","","","406.4 mm (16 in)","DeDeitrich","Glasslined","","","Pro-Ring","Glass Lined Parts","",""
"705623","Unused Pro-Ring Glass Lined Parts  Glasslined For Sale - IPP# 705623","https://ims.internationalprocessplants.com/inventory/equipment/detail/705623","7","Unused","304.8 mm (12 in)","","","","","406.4 mm (16 in)","DeDeitrich","Glasslined","","","Pro-Ring","Glass Lined Parts","",""
"705624","Unused Pro-Ring Glass Lined Parts  Glasslined For Sale - IPP# 705624","https://ims.internationalprocessplants.com/inventory/equipment/detail/705624","7","Unused","304.8 mm (12 in)","","","","","406.4 mm (16 in)","DeDeitrich","Glasslined","","","Pro-Ring","Glass Lined Parts","",""
"705625","Unused Pro-Ring Glass Lined Parts  Glasslined For Sale - IPP# 705625","https://ims.internationalprocessplants.com/inventory/equipment/detail/705625","7","Unused","304.8 mm (12 in)","","","","","406.4 mm (16 in)","DeDeitrich","Glasslined","","","Pro-Ring","Glass Lined Parts","",""
"705626","Unused Pro-Ring Glass Lined Parts  Glasslined For Sale - IPP# 705626","https://ims.internationalprocessplants.com/inventory/equipment/detail/705626","7","Unused","304.8 mm (12 in)","","","","","406.4 mm (16 in)","DeDeitrich","Glasslined","","","Pro-Ring","Glass Lined Parts","",""
"705627","Unused Pro-Ring Glass Lined Parts  Glasslined For Sale - IPP# 705627","https://ims.internationalprocessplants.com/inventory/equipment/detail/705627","7","Unused","304.8 mm (12 in)","","","","","406.4 mm (16 in)","DeDeitrich","Glasslined","","","Pro-Ring","Glass Lined Parts","",""
"705628","Unused Pro-Ring Glass Lined Parts  Glasslined For Sale - IPP# 705628","https://ims.internationalprocessplants.com/inventory/equipment/detail/705628","7","Unused","304.8 mm (12 in)","","","","","406.4 mm (16 in)","DeDeitrich","Glasslined","","","Pro-Ring","Glass Lined Parts","",""
"705629","Unused Pro-Ring Glass Lined Parts  Glasslined For Sale - IPP# 705629","https://ims.internationalprocessplants.com/inventory/equipment/detail/705629","7","Unused","304.8 mm (12 in)","","","","","406.4 mm (16 in)","DeDeitrich","Glasslined","","","Pro-Ring","Glass Lined Parts","",""
"705630","Unused Pro-Ring Glass Lined Parts  Glasslined For Sale - IPP# 705630","https://ims.internationalprocessplants.com/inventory/equipment/detail/705630","7","Unused","304.8 mm (12 in)","","","","","406.4 mm (16 in)","DeDeitrich","Glasslined","","","Pro-Ring","Glass Lined Parts","",""
"705631","Unused Pro-Ring Glass Lined Parts  Glasslined For Sale - IPP# 705631","https://ims.internationalprocessplants.com/inventory/equipment/detail/705631","7","Unused","304.8 mm (12 in)","","","","","406.4 mm (16 in)","DeDeitrich","Glasslined","","","Pro-Ring","Glass Lined Parts","",""
"75458","Glasslined  Pro-Ring Glass Lined Parts - IPP# 75458","https://ims.internationalprocessplants.com/inventory/equipment/detail/75458","7","Re-glassed","203.2 mm (8 in)","","","","Yes","","","Glasslined","","Yes","Pro-Ring","Glass Lined Parts","",""
"90108","Glasslined  Pro-Ring Glass Lined Parts - IPP# 90108","https://ims.internationalprocessplants.com/inventory/equipment/detail/90108","7","Re-glassed","355.6 mm (14 in)","","","","","457.2 mm (18 in)","","Glasslined","","Yes","Pro-Ring","Glass Lined Parts","",""
"90580","Unused Pro-Ring Glass Lined Parts  Glasslined For Sale - IPP# 90580","https://ims.internationalprocessplants.com/inventory/equipment/detail/90580","7","Unused","450 mm (17.7 in)","","","","","350 mm (13.8 in)","Pfaudler","Glasslined","","","Pro-Ring","Glass Lined Parts","",""
"93704","Glasslined  Pro-Ring Glass Lined Parts - IPP# 93704","https://ims.internationalprocessplants.com/inventory/equipment/detail/93704","7","Re-glassed","355.6 mm (14 in)","","","","","457.2 mm (18 in)","","Glasslined","","Yes","Pro-Ring","Glass Lined Parts","",""
"93708","Glasslined  Pro-Ring Glass Lined Parts - IPP# 93708","https://ims.internationalprocessplants.com/inventory/equipment/detail/93708","7","Re-glassed","355.6 mm (14 in)","","","","","457.2 mm (18 in)","","Glasslined","","Yes","Pro-Ring","Glass Lined Parts","",""
"95801","Glasslined  Pro-Ring Glass Lined Parts - IPP# 95801","https://ims.internationalprocessplants.com/inventory/equipment/detail/95801","7","Used","355.6 mm (14 in)","","","Pro Ring Standard-Single Hole","","457.2 mm (18 in)","","Glasslined","","","Pro-Ring","Glass Lined Parts","",""
"96186","Glasslined  Pro-Ring Glass Lined Parts - IPP# 96186","https://ims.internationalprocessplants.com/inventory/equipment/detail/96186","7","Good Used Glass","457.2 mm (18 in)","","","","","","","Glasslined","","Yes","Pro-Ring","Glass Lined Parts","595 L (157.1 gallons)",""
"99459","Glasslined  Pro-Ring Glass Lined Parts - IPP# 99459","https://ims.internationalprocessplants.com/inventory/equipment/detail/99459","5","Used","457.2 mm (18 in)","","","","","","","Glasslined","","","Pro-Ring","Glass Lined Parts","",""
