"stock_number","title","url","attribute_count","Agitation","Agitation Seal Type","Agitator Details","Baffle Type","Body Only","Bottom Head Fastening","Bottom Head Material","Bottom Head Type","CIP","Capacity","Capacity (Design)","Condition","Diameter","Drive Make","Drive Model","Drive Style","Drive Type","External Finish","Impeller Type","Internal Finish","Internal Full Vacuum","Internal Pressure","Internal Temperature","Jacket","Jacket MOC","Jacket Material of Construction","Jacket Pressure","Jacket Temperature","Jacket Type","Length","Lifting Lugs","Load Cells","Manufacturer","Manway","Material","Model","Motor Frequency (Hz)","Motor Phase","Motor Power","Motor Serial Number","Motor Speed (RPM)","Motor Voltage","Non-code","Nozzle Schedule","Number of Jacket Zones","Orientation","Pressure","Sanitary Jacket Shroud","Straight Side Length","Subtype","Support Details","Support Type","Temperature","Top Head Fastening","Top Head Material","Top Head Type","Type","Vacuum"
"201484","Stainless Steel 316 Voest Alpine (Bertrams AG)  Fermenter - IPP# 201484","https://ims.internationalprocessplants.com/inventory/equipment/detail/201484","14","Yes","","","","","","","","","300 L (79.3 gal)","","Used","630 mm (24.8 in)","","","","","","","","","","","","","","2.5 bar (36.3 psi)","150 °C (302 °F)","","","","","Voest Alpine (Bertrams AG)","","Stainless Steel 316","","","","","","","","","","","","2.5 bar (36.3 psi)","","","","316 stainless steel vessel on carbon steel frame Frame dimensiona are 1000mm x 1300mm x 1730mm high","","150 °C (302 °F)","Clamped","","Flat","Fermenter",""
"245643","Stainless Steel 304 Four Corp  Fermenter - IPP# 245643","https://ims.internationalprocessplants.com/inventory/equipment/detail/245643","20","Yes","","","Sidewall Mounted Straight Baffle","","Welded","","Dish","","132,500 L (35,000 gal)","","Used","3,650 mm (144 in)","","","","","","","","","","","Half Pipe/Limpet","Stainless Steel 304","","10.3 bar (150 psi)","148.9 °C (300 °F)","","14,950 mm (588 in)","","","Four Corp","","Stainless Steel 304","","","","","","","","","","","Vertical","3.4 bar (50 psi)","","","","","","148.9 °C (300 °F)","Welded","","Dish","Fermenter",""
"245645","Stainless Steel 304 Four Corp  Fermenter - IPP# 245645","https://ims.internationalprocessplants.com/inventory/equipment/detail/245645","20","Yes","","","Sidewall Mounted Straight Baffle","","Welded","","Dish","","132,500 L (35,000 gal)","","Used","3,650 mm (144 in)","","","","","","","","","","","Half Pipe/Limpet","Stainless Steel 304","","10.3 bar (150 psi)","148.9 °C (300 °F)","","14,950 mm (588 in)","","","Four Corp","","Stainless Steel 304","","","","","","","","","","","Vertical","3.4 bar (50 psi)","","","","","","148.9 °C (300 °F)","Welded","","Dish","Fermenter",""
"245646","Stainless Steel 304 Four Corp  Fermenter - IPP# 245646","https://ims.internationalprocessplants.com/inventory/equipment/detail/245646","20","Yes","","","Sidewall Mounted Straight Baffle","","Welded","","Dish","","132,500 L (35,000 gal)","","Used","3,650 mm (144 in)","","","","","","","","","","","Half Pipe/Limpet","Stainless Steel 304","","10.3 bar (150 psi)","148.9 °C (300 °F)","","14,950 mm (588 in)","","","Four Corp","","Stainless Steel 304","","","","","","","","","","","Vertical","3.4 bar (50 psi)","","","","","","148.9 °C (300 °F)","Welded","","Dish","Fermenter",""
"245650","New/Unused Stainless Steel 304 Shandong HG Machinery Co., LTD.  Fermenter - IPP# 245650","https://ims.internationalprocessplants.com/inventory/equipment/detail/245650","24","","","","","Yes","Welded","","Cone","Yes","13,000 L (3,450 gal)","","Used","2,200 mm (86 in)","","","","","","","Normal Polish","","","","Dimple","Stainless Steel 304","","3 bar (43.5 psi)","-15.6 °C (4 °F)","","3,500 mm (137 in)","Yes","","Shandong HG Machinery Co., LTD.","","Stainless Steel 304","","","","","","","","","540 x 440 mm man way, 102 mm Hop Adding port, 89 mm Tri clam CIP, 51 mm tri clamp Breather, Four 38 mm tri clamps(various)","3","Vertical","3 bar (43.5 psi)","","","","","Legs","","Welded","","Dish","Fermenter",""
"247041","Unused Stainless Steel 316 Bujalski sp. zo.o.  Fermenter - IPP# 247041","https://ims.internationalprocessplants.com/inventory/equipment/detail/247041","25","","","","Sidewall Mounted Straight Baffle","","Welded","","Dish","Yes","65,250 L (17,250 gal)","","Unused","3,100 mm (122 in)","","","","","Insulation 2B. Welds pickled. Top, legs, and handrails glass blasted.","","Ra0.8 um","","","","Standard","Stainless Steel 316","","3.5 bar (50.8 psi)","95 °C (203 °F)","","9,300 mm (366.6 in)","","","Bujalski sp. zo.o.","","Stainless Steel 316","","","","","","","","","","3","Vertical","4 bar (58 psi)","","","","","Legs","148 °C (298.4 °F)","Welded","","Dish","Fermenter","Yes"
"247042","Unused Stainless Steel 316 Bujalski sp. zo.o.  Fermenter - IPP# 247042","https://ims.internationalprocessplants.com/inventory/equipment/detail/247042","25","","","","Sidewall Mounted Straight Baffle","","Welded","","Dish","Yes","65,250 L (17,250 gal)","","Unused","3,100 mm (122 in)","","","","","Insulation 2B. Welds pickled. Top, legs, and handrails glass blasted.","","Ra0.8 um","","","","Standard","Stainless Steel 316","","3.5 bar (50.8 psi)","95 °C (203 °F)","","9,300 mm (366.6 in)","","","Bujalski sp. zo.o.","","Stainless Steel 316","","","","","","","","","","3","Vertical","4 bar (58 psi)","","","","","Legs","148 °C (298.4 °F)","Welded","","Dish","Fermenter","Yes"
"247043","Unused Stainless Steel 316 Bujalski sp. zo.o.  Fermenter - IPP# 247043","https://ims.internationalprocessplants.com/inventory/equipment/detail/247043","24","","","","Sidewall Mounted Straight Baffle","","Welded","","Dish","Yes","65,250 L (17,250 gal)","","Unused","3,100 mm (122 in)","","","","","Insulation 2B. Welds pickled. Top, legs, and handrails glass blasted.","","Ra0.8 um","","","","Standard","Stainless Steel 316","","3.5 bar (50.8 psi)","95 °C (203 °F)","","9,300 mm (366.6 in)","","","Bujalski sp. zo.o.","","Stainless Steel 316","","","","","","","","","","3","Vertical","4 bar (58 psi)","","","","","","148 °C (298.4 °F)","Welded","","Dish","Fermenter","Yes"
"247092","Stainless Steel 304 ThermoFisher HyPerforma SUF0030.2238 Fermenter - IPP# 247092","https://ims.internationalprocessplants.com/inventory/equipment/detail/247092","28","Yes","","","Sidewall Mounted Straight Baffle","","Welded","","Flat","","30 L (7.9 gal)","","Used","266.7 mm (10.5 in)","","","","Clamp-on","Buff Polish","Flat Blade Turbine","Buff Polish","","","","Dimple","Stainless Steel 304","","10.3 bar (150 psi)","65.6 °C (150 °F)","","787 mm (31 in)","","Yes","ThermoFisher","","Stainless Steel 304","HyPerforma SUF0030.2238","","","","","","","Yes","","1","Vertical","0.03 bar (0.5 psi)","","","","Mounted on wheels","Frame Mounted with Feet","4.4 °C (40 °F)","","","","Fermenter",""
"247096","Stainless Steel 304 ThermoFisher HyPerforma SUF0300.4075 Fermenter - IPP# 247096","https://ims.internationalprocessplants.com/inventory/equipment/detail/247096","28","Yes","None","","Sidewall Mounted Straight Baffle","","Welded","","Flat","","300 L (79.3 gal)","","Used","578 mm (22.8 in)","","","","Clamp-on","Buff Polish","Flat Blade Turbine","Buff Polish","","","","Dimple","Stainless Steel 304","","10.3 bar (150 psi)","65.6 °C (150 °F)","","1,700 mm (66.5 in)","","Yes","ThermoFisher","","Stainless Steel 304","HyPerforma SUF0300.4075","","","","","","","","","1","Vertical","0.03 bar (0.5 psi)","","","","legs on load cells","Legs","40 °C (104 °F)","","","","Fermenter",""
"247097","Stainless Steel 304 ThermoFisher HyPerforma SUF0300.4075 Fermenter - IPP# 247097","https://ims.internationalprocessplants.com/inventory/equipment/detail/247097","28","Yes","None","","Sidewall Mounted Straight Baffle","","Welded","","Flat","","300 L (79.3 gal)","","Used","578 mm (22.8 in)","","","","Clamp-on","Buff Polish","Flat Blade Turbine","Buff Polish","","","","Dimple","Stainless Steel 304","","10.3 bar (150 psi)","65.6 °C (150 °F)","","1,700 mm (66.5 in)","","Yes","ThermoFisher","","Stainless Steel 304","HyPerforma SUF0300.4075","","","","","","","","","1","Vertical","0.03 bar (0.5 psi)","","","","legs on load cells","Legs","40 °C (104 °F)","","","","Fermenter",""
"247098","Stainless Steel 304 ThermoFisher HyPerforma SUF0300.4075 Fermenter - IPP# 247098","https://ims.internationalprocessplants.com/inventory/equipment/detail/247098","28","Yes","None","","Sidewall Mounted Straight Baffle","","Welded","","Flat","","300 L (79.3 gal)","","Used","578 mm (22.8 in)","","","","Clamp-on","Buff Polish","Paddle","Buff Polish","","","","Dimple","Stainless Steel 304","","10.3 bar (150 psi)","65.6 °C (150 °F)","","1,700 mm (66.5 in)","","Yes","ThermoFisher","","Stainless Steel 304","HyPerforma SUF0300.4075","","","","","","","","","1","Vertical","0.03 bar (0.5 psi)","","","","Legs on Load cells","Legs","40 °C (104 °F)","","","","Fermenter",""
"247130","Single Use Fermenter HyPerforma SUF0300.2320 Stainless Steel 304 by ThermoFisher - IPP# 247130","https://ims.internationalprocessplants.com/inventory/equipment/detail/247130","29","Yes","None","","Sidewall Mounted Straight Baffle","","Welded","","Flat","","300 L (79.3 gal)","","Used","578 mm (22.8 in)","","","","Clamp-on","Buff Polish","Flat Blade Turbine","Buff Polish","","","","Dimple","Stainless Steel 304","","10.3 bar (150 psi)","65.6 °C (150 °F)","","1,700 mm (66.5 in)","","Yes","ThermoFisher","","Stainless Steel 304","HyPerforma SUF0300.2320","","","","","","","Yes","","1","Vertical","0.03 bar (0.5 psi)","","","","legs on load cells","Legs","40 °C (104 °F)","","","","Fermenter",""
"247131","Stainless Steel 304 ThermoFisher HyPerforma SUF 0300.2320 Fermenter - IPP# 247131","https://ims.internationalprocessplants.com/inventory/equipment/detail/247131","28","Yes","None","","Sidewall Mounted Straight Baffle","","Welded","","Flat","","300 L (79.3 gal)","","Used","559 mm (22 in)","","","","Clamp-on","Buff Polish","Flat Blade Turbine","Buff Polish","","","","Dimple","Stainless Steel 304","","10.3 bar (150 psi)","65.6 °C (150 °F)","","1,700 mm (66.5 in)","","Yes","ThermoFisher","","Stainless Steel 304","HyPerforma SUF 0300.2320","","","","","","","","","1","Vertical","0.03 bar (0.5 psi)","","","","legs on load cells","Legs","40 °C (104 °F)","","","","Fermenter",""
"247245","Batch-Type Agitated Reactor - IPP# 247245","https://ims.internationalprocessplants.com/inventory/equipment/detail/247245","33","Yes","Mechanical","Bottom Mounted Mixer with gear motor","Sidewall Mounted Straight Baffle","","","Stainless Steel 316L","Dish","Yes","","189.3 L (50 gallons)","Used","482.6 mm (19 in)","","","","","","Propeller","#6 Ra15","Yes","3.4 bar (50 psi)","176.7 °C (350 °F)","","","Stainless Steel 304L","6.9 bar (100 psi)","176.7 °C (350 °F)","Dimple","","","","Precision Stainless","Yes","Stainless Steel 316L","R-3200","","","5.6 kW (7.5 HP)","","","","","4" sight glass,","","Vertical","","Yes","711 mm (28 in)","Batch-Type Agitated","","Skid","","","Stainless Steel 316L","Dish","Reactor",""
"247790","B. Braun &#x2B; Diessel Biotech GmbH  Fermenter - IPP# 247790","https://ims.internationalprocessplants.com/inventory/equipment/detail/247790","10","Yes","","","","","","","","","200 L (52.8 gal)","","Used","","","","","","","","","","","","","","","4 bar (58 psi)","130 °C (266 °F)","","","","","B. Braun &#x2B; Diessel Biotech GmbH","","","","","","","","","","","","","Vertical","3 bar (43.5 psi)","","","","","","130 °C (266 °F)","","","","Fermenter",""
"247791","B. Braun &#x2B; Diessel Bio Fermenter - IPP# 247791","https://ims.internationalprocessplants.com/inventory/equipment/detail/247791","34","Yes","None","","Sidewall Mounted Straight Baffle","","Welded","","Dish","","650 L (171.7 gal)","","Used","850 mm (33.5 in)","SEW-Eurodrive","KAF57 DV132S2/TF","Bottom Mount","Bottom Mount","","","","","","","Standard","Stainless Steel 304L","","4 bar (58 psi)","130 °C (266 °F)","","1,600 mm (63 in)","","","B. Braun &#x2B; Diessel Biotech GmbH","","Stainless Steel 316L","","50","3","5.5 kW (7.4 HP)","01.3116725902.0002.03","2,880","230-400","","","1","Vertical","3 bar (43.5 psi)","","","","","Legs","130 °C (266 °F)","Clamped","","Flat","Fermenter","Yes"
"247792","B. Braun &#x2B; Diessel Biotech GmbH  Fermenter - IPP# 247792","https://ims.internationalprocessplants.com/inventory/equipment/detail/247792","26","Yes","Mechanical","","Sidewall Mounted Straight Baffle","","Welded","","Dish","","650 L (171.7 gal)","","Used","850 mm (33.5 in)","","","","Bottom Mount","","Rushton","","","","","Standard","Stainless Steel 304L","","4 bar (58 psi)","130 °C (266 °F)","","1,600 mm (63 in)","","","B. Braun &#x2B; Diessel Biotech GmbH","","Stainless Steel 316L","","","","","","","","","","1","Vertical","3 bar (43.5 psi)","","","","","Legs","130 °C (266 °F)","Clamped","","Flat","Fermenter","Yes"
"247793","Fermenter 100 L (26.4 gal)  For Sale - IPP# 247793","https://ims.internationalprocessplants.com/inventory/equipment/detail/247793","14","","","","","","Welded","","Dish","","100 L (26.4 gal)","","Used","","","","","","","","","","","","","","","4 bar (58 psi)","150 °C (302 °F)","","","","","Sartorius","","","","","","","","","","","","","Vertical","3 bar (43.5 psi)","","","","","","150 °C (302 °F)","Clamped","","Flat","Fermenter","Yes"
"45489","Stainless Steel Other Chemap AG (Swiss) PEC-Fermenter Fermenter - IPP# 45489","https://ims.internationalprocessplants.com/inventory/equipment/detail/45489","21","Yes","","","","","Welded","","Dish","","150 L (39.6 gal)","","Used","400 mm (15.7 in)","","","","Vertical","","","","","","","Standard","","","3 bar (43.5 psi)","","","875 mm (34.4 in)","","","Chemap AG (Swiss)","","Stainless Steel Other","PEC-Fermenter","","","","","","","","Openings: top 3-68 mm, 4-6 mm; side bottom 1-50 mm; bottom 1-125 mm for agitator.","","Vertical","3 bar (43.5 psi)","","","","Mounted on 1425 mm x 1250 mm baseplate.","","130 °C (266 °F)","Clamped","","Flat","Fermenter",""
"701889","Fermenter 340 L (89.8 gal) Stainless Steel 316 For Sale - IPP# 701889","https://ims.internationalprocessplants.com/inventory/equipment/detail/701889","13","Yes","","","","","","","","","340 L (89.8 gal)","","Used","457.2 mm (18 in)","","","","","","","","","","","","","","","","","2,050 mm (81 in)","","","","","Stainless Steel 316","","","","","","","","","Openings: top 1-2", 1-1", 2-3/4", 1-1/2"; btm 1-2"","","Vertical","","","","","(4) carbon steel lugs.","Lugs","","Clamped","","Dish","Fermenter",""
"705854","Stainless Steel 316 B.Braun &#x2B; Diessel Biotech GMBH V20D Fermenter - IPP# 705854","https://ims.internationalprocessplants.com/inventory/equipment/detail/705854","19","Yes","","","","","Welded","","Dish","","20 L (5.3 gal)","","Used","200 mm (7.9 in)","","","","","","","","","","","","","","3 bar (43.5 psi)","150 °C (302 °F)","","520 mm (20.5 in)","","","B.Braun &#x2B; Diessel Biotech GMBH","","Stainless Steel 316","V20D","","","","","","","","openings: top: 3-25mm, 1-5mm, side: 1-25mm, jacket: 2-12mm, bottom 1-25mm,","","","3 bar (43.5 psi)","","","","","","150 °C (302 °F)","Bolted","","Flat","Fermenter","Yes"
"705876","Stainless Steel 316 Tankki OY  Fermenter - IPP# 705876","https://ims.internationalprocessplants.com/inventory/equipment/detail/705876","21","Yes","","","","","Welded","","Dish","","12,500 L (3,300 gal)","","Used","2,200 mm (86.6 in)","","","","","","","","","","","","","","4 bar (58 psi)","160 °C (320 °F)","","2,500 mm (98.4 in)","","","Tankki OY","","Stainless Steel 316","","","","","","","","","penings: top 1-550mm manway with cover, 2-100mm sightglasses, 1-60mm, 1-50mm, 2-32mm, 1-12mm, jacket: 5-25mm, straight side: 1-50mm, 4-32mm, 5-25mm, bottom: 1-75mm,","","Vertical","4 bar (58 psi)","","","","(4) lugs.","Lugs","160 °C (320 °F)","Welded","","Dish","Fermenter","Yes"
"706846","Fermenter Biolafitte Stainless Steel 316 - IPP# 706846","https://ims.internationalprocessplants.com/inventory/equipment/detail/706846","17","Yes","","","","","Welded","","Dish","","430 L (113.6 gal)","","Used","650 mm (25.6 in)","","","","","","","","","","","","Stainless Steel 321","","","","","1,100 mm (42.5 in)","","","Biolafitte","","Stainless Steel 316","","","","","","","","","openings top: 1-100mm sight glass, 1-100mm, 1-75/25mm, 1-50mm, 7-25mm, straight side: 2-75mm sight glass 1 with light, 1-75mm, 20-25mm, jacket: 2-25mm, bottom: 1-75mm with valve","","","3 bar (43.5 psi)","","","","mounted on a carbon steel skid,","Skid","","Clamped","","Dish","Fermenter",""
