ims_order,stock_number,title,featured,image,url,Basket Depth,Basket Diameter,Condition,Filtration Area,Gas Tight,Manufacturer,Material,Model,Subtype,Type
1,79720,Baker Perkins S-32 Parts Only Centrifuge-Pusher - IPP# 79720,0,https://ims.internationalprocessplants.com/productimage/NzkvNzk3MjAuanBn/1,https://ims.internationalprocessplants.com/inventory/equipment/detail/pusher-centrifuge/parts-only/79720,,,Used,,,Baker Perkins,,S-32,Parts Only,Centrifuge-Pusher
2,245960,Stainless Steel 304L Krauss Maffei SB1000/2 Parts Only Centrifuge-Pusher - IPP# 245960,0,,https://ims.internationalprocessplants.com/inventory/equipment/detail/pusher-centrifuge/parts-only/245960,315 mm (12.4 in),"1,050 mm (40.6 in)",Used,2.1 m² (23 ft²),Yes,Krauss Maffei,Stainless Steel 304L,SB1000/2,Parts Only,Centrifuge-Pusher
3,245959,Stainless Steel 304L Krauss Maffei SB1000/2 Parts Only Centrifuge-Pusher - IPP# 245959,0,,https://ims.internationalprocessplants.com/inventory/equipment/detail/pusher-centrifuge/parts-only/245959,315 mm (12.4 in),"1,050 mm (40.6 in)",Used,2.1 m² (23 ft²),Yes,Krauss Maffei,Stainless Steel 304L,SB1000/2,Parts Only,Centrifuge-Pusher
4,245958,Stainless Steel 304L Krauss Maffei SB1000/2 Parts Only Centrifuge-Pusher - IPP# 245958,0,,https://ims.internationalprocessplants.com/inventory/equipment/detail/pusher-centrifuge/parts-only/245958,315 mm (12.4 in),"1,050 mm (40.6 in)",Used,2.1 m² (23 ft²),Yes,Krauss Maffei,Stainless Steel 304L,SB1000/2,Parts Only,Centrifuge-Pusher
5,245957,Stainless Steel 304L Krauss Maffei SB1000/2 Parts Only Centrifuge-Pusher - IPP# 245957,0,,https://ims.internationalprocessplants.com/inventory/equipment/detail/pusher-centrifuge/parts-only/245957,315 mm (12.4 in),"1,050 mm (40.6 in)",Used,2.1 m² (23 ft²),Yes,Krauss Maffei,Stainless Steel 304L,SB1000/2,Parts Only,Centrifuge-Pusher
6,245956,Stainless Steel 304L Krauss Maffei SB1000/2 Parts Only Centrifuge-Pusher - IPP# 245956,0,,https://ims.internationalprocessplants.com/inventory/equipment/detail/pusher-centrifuge/parts-only/245956,315 mm (12.4 in),"1,050 mm (40.6 in)",Used,2.1 m² (23 ft²),Yes,Krauss Maffei,Stainless Steel 304L,SB1000/2,Parts Only,Centrifuge-Pusher
7,245955,Stainless Steel 304L Krauss Maffei SB1000/2 Parts Only Centrifuge-Pusher - IPP# 245955,0,,https://ims.internationalprocessplants.com/inventory/equipment/detail/pusher-centrifuge/parts-only/245955,315 mm (12.4 in),"1,050 mm (40.6 in)",Used,2.1 m² (23 ft²),Yes,Krauss Maffei,Stainless Steel 304L,SB1000/2,Parts Only,Centrifuge-Pusher
8,245954,Stainless Steel 304L Krauss Maffei SB1000/2 Parts Only Centrifuge-Pusher - IPP# 245954,0,,https://ims.internationalprocessplants.com/inventory/equipment/detail/pusher-centrifuge/parts-only/245954,315 mm (12.4 in),"1,050 mm (40.6 in)",Used,2.1 m² (23 ft²),Yes,Krauss Maffei,Stainless Steel 304L,SB1000/2,Parts Only,Centrifuge-Pusher
9,245953,Stainless Steel 304L Krauss Maffei SB1000/2 Parts Only Centrifuge-Pusher - IPP# 245953,0,,https://ims.internationalprocessplants.com/inventory/equipment/detail/pusher-centrifuge/parts-only/245953,315 mm (12.4 in),"1,050 mm (40.6 in)",Used,2.1 m² (23 ft²),Yes,Krauss Maffei,Stainless Steel 304L,SB1000/2,Parts Only,Centrifuge-Pusher
10,245952,Stainless Steel 304L Krauss Maffei SB1000/2 Parts Only Centrifuge-Pusher - IPP# 245952,0,,https://ims.internationalprocessplants.com/inventory/equipment/detail/pusher-centrifuge/parts-only/245952,315 mm (12.4 in),"1,050 mm (40.6 in)",Used,2.1 m² (23 ft²),Yes,Krauss Maffei,Stainless Steel 304L,SB1000/2,Parts Only,Centrifuge-Pusher
11,245951,Stainless Steel 304L Krauss Maffei SB1000/2 Parts Only Centrifuge-Pusher - IPP# 245951,0,,https://ims.internationalprocessplants.com/inventory/equipment/detail/pusher-centrifuge/parts-only/245951,315 mm (12.4 in),"1,050 mm (40.6 in)",Used,2.1 m² (23 ft²),Yes,Krauss Maffei,Stainless Steel 304L,SB1000/2,Parts Only,Centrifuge-Pusher
12,245950,Stainless Steel 304L Krauss Maffei SB1000/2 Parts Only Centrifuge-Pusher - IPP# 245950,0,,https://ims.internationalprocessplants.com/inventory/equipment/detail/pusher-centrifuge/parts-only/245950,315 mm (12.4 in),"1,050 mm (40.6 in)",Used,2.1 m² (23 ft²),Yes,Krauss Maffei,Stainless Steel 304L,SB1000/2,Parts Only,Centrifuge-Pusher
13,245949,Stainless Steel 304L Krauss Maffei SB1000/2 Parts Only Centrifuge-Pusher - IPP# 245949,0,,https://ims.internationalprocessplants.com/inventory/equipment/detail/pusher-centrifuge/parts-only/245949,315 mm (12.4 in),"1,050 mm (40.6 in)",Used,2.1 m² (23 ft²),Yes,Krauss Maffei,Stainless Steel 304L,SB1000/2,Parts Only,Centrifuge-Pusher
14,245948,"IPP# 245948 - Parts Only Centrifuge-Pusher 1,050 mm (40.6 in) Stainless Steel 304L For Sale",0,,https://ims.internationalprocessplants.com/inventory/equipment/detail/pusher-centrifuge/parts-only/245948,315 mm (12.4 in),"1,050 mm (40.6 in)",Used,2.1 m² (23 ft²),Yes,Krauss Maffei,Stainless Steel 304L,SB1000/2,Parts Only,Centrifuge-Pusher
15,245947,"IPP# 245947 - Parts Only Centrifuge-Pusher 1,050 mm (40.6 in) Stainless Steel 304L For Sale",0,,https://ims.internationalprocessplants.com/inventory/equipment/detail/pusher-centrifuge/parts-only/245947,315 mm (12.4 in),"1,050 mm (40.6 in)",Used,2.1 m² (23 ft²),Yes,Krauss Maffei,Stainless Steel 304L,SB1000/2,Parts Only,Centrifuge-Pusher
16,245946,Stainless Steel 304L Krauss Maffei SB1000/2 Parts Only Centrifuge-Pusher - IPP# 245946,0,,https://ims.internationalprocessplants.com/inventory/equipment/detail/pusher-centrifuge/parts-only/245946,315 mm (12.4 in),"1,050 mm (40.6 in)",Used,2.1 m² (23 ft²),Yes,Krauss Maffei,Stainless Steel 304L,SB1000/2,Parts Only,Centrifuge-Pusher
17,245945,Stainless Steel 304L Krauss Maffei SB1000/2 Parts Only Centrifuge-Pusher Shaft - IPP# 245945,0,,https://ims.internationalprocessplants.com/inventory/equipment/detail/pusher-centrifuge/parts-only/245945,315 mm (12.4 in),"1,050 mm (40.6 in)",Used,2.1 m² (23 ft²),Yes,Krauss Maffei,Stainless Steel 304L,SB1000/2,Parts Only,Centrifuge-Pusher
18,245944,Stainless Steel 304L Krauss Maffei SB1000/2 Parts Only Centrifuge-Pusher - IPP# 245944,0,,https://ims.internationalprocessplants.com/inventory/equipment/detail/pusher-centrifuge/parts-only/245944,315 mm (12.4 in),"1,050 mm (40.6 in)",Used,2.1 m² (23 ft²),Yes,Krauss Maffei,Stainless Steel 304L,SB1000/2,Parts Only,Centrifuge-Pusher
19,240187,Krauss Maffei Parts Only Centrifuge-Pusher - IPP# 240187,0,,https://ims.internationalprocessplants.com/inventory/equipment/detail/pusher-centrifuge/parts-only/240187,,,Used,,,Krauss Maffei,,,Parts Only,Centrifuge-Pusher
20,240186,Krauss Maffei Parts Only Centrifuge-Pusher - IPP# 240186,0,,https://ims.internationalprocessplants.com/inventory/equipment/detail/pusher-centrifuge/parts-only/240186,,,Used,,,Krauss Maffei,,,Parts Only,Centrifuge-Pusher
21,214827,IPP# 214827 - Unused Parts Only Centrifuge-Pusher For Sale,0,,https://ims.internationalprocessplants.com/inventory/equipment/detail/pusher-centrifuge/parts-only/214827,,,Unused,,,Krauss Maffei,,SZ-90L,Parts Only,Centrifuge-Pusher
