"stock_number","title","url","attribute_count","Blade Speed (RPM)","Blade Type","Bowl Depth","Bowl Diameter","Bowl Jacket","Bowl Speed (RPM)","Capacity (Design)","Condition","Controls","Flow Rate","Jacket Material","Jacket Pressure","Jacket Temperature","Manufacturer","Material","Model","Motor Power","Pressure","Temperature","Type","Vacuum"
"102453","Stainless Steel 316 Gunther Papenmeier TGAHK Mixer-Intensive - IPP# 102453","https://ims.internationalprocessplants.com/inventory/equipment/detail/102453","13","","3 blade propellor","406.4 mm (16 in)","355.6 mm (14 in)","Yes","","37.9 L (10 gallons)","Used","Yes","","Carbon Steel","","","Gunther Papenmeier","Stainless Steel 316","TGAHK","22.4 kW (30 HP)","","","Mixer-Intensive",""
"108682","Unused Mixer Intensive Jaygo DISHO-V-120-85 Stainless Steel 304 - IPP# 108682","https://ims.internationalprocessplants.com/inventory/equipment/detail/108682","15","","teflon scrapers in gate blade design","","","Yes","","120 L (31.7 gallons)","Unused","Yes","","","3.4 bar (50 psi)","176.7 °C (350 °F)","Jaygo","Stainless Steel 304","DISHO-V-120-85","0.75 kW (1 HP)","1.38 bar (20 psi)","176.7 °C (350 °F)","Mixer-Intensive","Yes"
"203162","Stainless Steel Other Prodex/Henschel 115JSS Mixer-Intensive - IPP# 203162","https://ims.internationalprocessplants.com/inventory/equipment/detail/203162","10","","w/ deflector blade","","","Yes","","500 L (132.1 gallons)","Used","","","Stainless Steel Other","","","Prodex/Henschel","Stainless Steel Other","115JSS","37.3 kW (50 HP)","","","Mixer-Intensive",""
"208447","Mixer-Intensive  Stainless Steel Austenitic For Sale - IPP# 208447","https://ims.internationalprocessplants.com/inventory/equipment/detail/208447","8","","(2x) sets w/ (6x) 360deg rotation blades per set","","","","","","Used","","17,000 kg/h (37,500 lb/h)","","","","Schugi Flexomix","Stainless Steel Austenitic","400 Mixer Agglomerator","75 kW (100.6 HP)","","","Mixer-Intensive",""
"208448","Mixer-Intensive  Stainless Steel Austenitic For Sale - IPP# 208448","https://ims.internationalprocessplants.com/inventory/equipment/detail/208448","8","","(2x) sets w/ (6x) 360deg rotation blades per set","","","","","","Used","","17,000 kg/h (37,500 lb/h)","","","","Schugi Flexomix","Stainless Steel Austenitic","400 Mixer Agglomerator","30 kW (40.2 HP)","","","Mixer-Intensive",""
"208449","Mixer-Intensive  Stainless Steel Austenitic For Sale - IPP# 208449","https://ims.internationalprocessplants.com/inventory/equipment/detail/208449","8","","(2x) sets w/ (6x) 360deg rotation blades per set","","","","","","Used","","17,000 kg/h (37,500 lb/h)","","","","Schugi Flexomix","Stainless Steel Austenitic","400 Mixer Agglomerator","30 kW (40.2 HP)","","","Mixer-Intensive",""
"210267","Stainless Steel Other Henschel FM40 MD Mixer-Intensive - IPP# 210267","https://ims.internationalprocessplants.com/inventory/equipment/detail/210267","7","","","","","","","40 L (10.6 gallons)","Used","","","","","","Henschel","Stainless Steel Other","FM40 MD","50 kW (67.1 HP)","","","Mixer-Intensive",""
"210344","Stainless Steel Other Henschel FM40 MD Mixer-Intensive - IPP# 210344","https://ims.internationalprocessplants.com/inventory/equipment/detail/210344","7","","","","","","","40 L (10.6 gallons)","Used","","","","","","Henschel","Stainless Steel Other","FM40 MD","50 kW (67.1 HP)","","","Mixer-Intensive",""
"222934","Alpine (Hosokawa) FXD 400 Mixer-Intensive - IPP# 222934","https://ims.internationalprocessplants.com/inventory/equipment/detail/222934","6","","","","","","","","Used","","40,000 kg/h (88,200 lb/h)","","","","Alpine (Hosokawa)","","FXD 400","50 kW (67.1 HP)","","","Mixer-Intensive",""
"223148","Stainless Steel 316 Jaygo DISHO V180/1300 Mixer-Intensive - IPP# 223148","https://ims.internationalprocessplants.com/inventory/equipment/detail/223148","17","","wide sweep & pitched perforated blade w/ side wall scraper","1,850 mm (72 in)","1,100 mm (44 in)","Yes","","1,300 L (343.4 gallons)","Used","Yes","","","6.9 bar (100 psi)","148.9 °C (300 °F)","Jaygo","Stainless Steel 316","DISHO V180/1300","14.9 kW (20 HP)","1.72 bar (25 psi)","148.9 °C (300 °F)","Mixer-Intensive","Yes"
"223152","Mixer - Intensive DISHO V180/1300 Stainless Steel 316L - IPP# 223152","https://ims.internationalprocessplants.com/inventory/equipment/detail/223152","17","","wide sweep & pitched perforated blade w/ side wall scraper","1,850 mm (72 in)","1,100 mm (44 in)","Yes","","1,300 L (343.4 gallons)","Used","Yes","","","6 bar (87 psi)","180 °C (356 °F)","Koruma Mashinenbau GmbH","Stainless Steel 316L","DISHO V180/1300","51 kW (68.4 HP)","2.5 bar (36.3 psi)","180 °C (356 °F)","Mixer-Intensive","Yes"
"229120","Stainless Steel 321 Mixer-Intensive - IPP# 229120","https://ims.internationalprocessplants.com/inventory/equipment/detail/229120","11","","3x blade agitator & side wall chopper knife","590 mm (23.2 in)","950 mm (37.4 in)","","","418 L (110.4 gallons)","Used","Yes","","","","","Loedige Littleford Ploughshare","Stainless Steel 321","MGT 400 G / 1MZ","24 kW (32.2 HP)","","","Mixer-Intensive",""
"238336","Stainless Steel 316 Henschel CM50 Mixer-Intensive - IPP# 238336","https://ims.internationalprocessplants.com/inventory/equipment/detail/238336","12","1,725","(1x) 37.25" long top blade (1x) 36.75" long bottom blade","450.9 mm (17.8 in)","978 mm (38.5 in)","Yes","","350 L (92.5 gallons)","Used","","","","","","Henschel","Stainless Steel 316","CM50","7.5 kW (10 HP)","","","Mixer-Intensive",""
"46421","Unused  Mixer-Intensive 185 L (48.9 gallons) Carbon Steel For Sale - IPP# 46421","https://ims.internationalprocessplants.com/inventory/equipment/detail/46421","11","110","Counter motion mixing 302SS blades","485 mm (19.1 in)","714 mm (28.1 in)","","","185 L (48.9 gallons)","Unused","","","","","","Trusioma","Carbon Steel","160LMK200R-75","9 kW (12.1 HP)","","","Mixer-Intensive",""
"46422","Unused  Mixer-Intensive 160 L (42.3 gallons) Carbon Steel For Sale - IPP# 46422","https://ims.internationalprocessplants.com/inventory/equipment/detail/46422","8","","Counter motion SS mixing blades","","","","","160 L (42.3 gallons)","Unused","","","","","","Trusioma","Carbon Steel","160LMK200R-75","8 kW (10.7 HP)","","","Mixer-Intensive",""
"48860","Mixer-Intensive 155 L (40.9 gallons)  For Sale - IPP# 48860","https://ims.internationalprocessplants.com/inventory/equipment/detail/48860","8","","","584 mm (23 in)","584 mm (23 in)","","","155 L (40.9 gallons)","Used","","","","","","VEB Keramikmaschinen, Gorlitz","","FM","29.8 kW (40 HP)","","","Mixer-Intensive",""
"49709","Unused  Mixer-Intensive 780 L (206.1 gallons) Stainless Steel 304 For Sale - IPP# 49709","https://ims.internationalprocessplants.com/inventory/equipment/detail/49709","11","900","","","1,000 mm (39.4 in)","Yes","","780 L (206.1 gallons)","Unused","","","","","","Plastechnik Greiz","Stainless Steel 304","MSHK750/2000","105 kW (140.8 HP)","","","Mixer-Intensive","Yes"
"49710","Unused Stainless Steel 304 Plastechnik Greiz MSHK750/2000 Mixer-Intensive - IPP# 49710","https://ims.internationalprocessplants.com/inventory/equipment/detail/49710","12","900","","300 mm (11.8 in)","1,000 mm (39.4 in)","Yes","","780 L (206.1 gallons)","Unused","","","","","","Plastechnik Greiz","Stainless Steel 304","MSHK750/2000","105 kW (140.8 HP)","","","Mixer-Intensive","Yes"
"704420","Mixer-Intensive 36 L (9.5 gallons) Stainless Steel 316 For Sale - IPP# 704420","https://ims.internationalprocessplants.com/inventory/equipment/detail/704420","9","","107mm dia 316SS worm type agitator","355 mm (14 in)","355 mm (14 in)","","","36 L (9.5 gallons)","Used","","","","","","Silverson","Stainless Steel 316","","7.5 kW (10.1 HP)","","","Mixer-Intensive",""
"705920","Mixer-Intensive 1,300 L (343.4 gallons) Carbon Steel For Sale - IPP# 705920","https://ims.internationalprocessplants.com/inventory/equipment/detail/705920","11","","wall scrapper blades","720 mm (28.3 in)","2,200 mm (86.6 in)","","1,480","1,300 L (343.4 gallons)","Used","","","","","","Eirich","Carbon Steel","DE 22","67 kW (89.8 HP)","","","Mixer-Intensive",""
"706465","Mixer-Intensive 10 L (2.6 gallons) Stainless Steel 304 For Sale - IPP# 706465","https://ims.internationalprocessplants.com/inventory/equipment/detail/706465","13","","3 sets, 2 blades each, rotor mounted w/ manual SS plow","230 mm (9.1 in)","230 mm (9.1 in)","Yes","","10 L (2.6 gallons)","Used","Yes","","Carbon Steel","","","Henschel","Stainless Steel 304","FM10L","2.2 kW (3 HP)","","","Mixer-Intensive",""
"706466","Mixer-Intensive 75 L (19.8 gallons) Stainless Steel Other For Sale - IPP# 706466","https://ims.internationalprocessplants.com/inventory/equipment/detail/706466","12","","(4) blades","470 mm (18.5 in)","470 mm (18.5 in)","Yes","","75 L (19.8 gallons)","Used","","","Stainless Steel Other","","","Henschel","Stainless Steel Other","FM-75","11.6 kW (15.5 HP)","","","Mixer-Intensive",""
"706696","Stainless Steel 321 Henschel FM-200-MB Mixer-Intensive - IPP# 706696","https://ims.internationalprocessplants.com/inventory/equipment/detail/706696","11","","","600 mm (23.6 in)","600 mm (23.6 in)","Yes","","200 L (52.8 gallons)","Used","","","Carbon Steel","","","Henschel","Stainless Steel 321","FM-200-MB","55 kW (73.8 HP)","","","Mixer-Intensive",""
"706704","Mixer-Intensive 750 L (198.1 gallons) Stainless Steel 304 For Sale - IPP# 706704","https://ims.internationalprocessplants.com/inventory/equipment/detail/706704","10","","","690 mm (27.2 in)","1,200 mm (46.5 in)","","","750 L (198.1 gallons)","Used","","","","","","Mixaco","Stainless Steel 304","SM-600-D","45 kW (60.3 HP)","6 bar (87 psi)","","Mixer-Intensive",""
"706705","Mixer-Intensive 750 L (198.1 gallons) Stainless Steel 304 For Sale - IPP# 706705","https://ims.internationalprocessplants.com/inventory/equipment/detail/706705","10","","","690 mm (27.2 in)","1,200 mm (46.5 in)","","","750 L (198.1 gallons)","Used","","","","","","Mixaco","Stainless Steel 304","SM-600-D","45 kW (60.3 HP)","6 bar (87 psi)","","Mixer-Intensive",""
"71201","Mixer-Intensive 4,800 L (1,250 gallons) Stainless Steel 304 For Sale - IPP# 71201","https://ims.internationalprocessplants.com/inventory/equipment/detail/71201","10","","","1,400 mm (55.5 in)","2,500 mm (98.4 in)","Yes","","4,800 L (1,250 gallons)","Used","","","","","","Petzholdt","Stainless Steel 304","PKM4800","55 kW (73.8 HP)","","","Mixer-Intensive",""
"71425","Unused Stainless Steel 316 Plastechnik Greiz MVA-1000R Mixer-Intensive - IPP# 71425","https://ims.internationalprocessplants.com/inventory/equipment/detail/71425","12","","2-tier 2-blade","","1,450 mm (56.7 in)","Yes","87","1,000 L (264.2 gallons)","Unused","","","","","","Plastechnik Greiz","Stainless Steel 316","MVA-1000R","30 kW (40.2 HP)","","","Mixer-Intensive","Yes"
"78814","Unused Mixer-Intensive Plastechnik Greiz MSH750.4-S Stainless Steel 304 - IPP# 78814","https://ims.internationalprocessplants.com/inventory/equipment/detail/78814","10","","2 tier 2 blade w/ baffle","","","Yes","","750 L (198.1 gallons)","Unused","Yes","","","","","Plastechnik Greiz","Stainless Steel 304","MSH750.4-S","22 kW (29.5 HP)","","","Mixer-Intensive",""
"94376","Mixer-Intensive 10 L (2.6 gallons) Stainless Steel 316 For Sale - IPP# 94376","https://ims.internationalprocessplants.com/inventory/equipment/detail/94376","13","","rotor mounted (4x) SS blades w/ manual plow","230 mm (9.1 in)","230 mm (9.1 in)","Yes","","10 L (2.6 gallons)","Used","Yes","","Carbon Steel","","","Henschel","Stainless Steel 316","FM10","1.8 kW (2.4 HP)","","","Mixer-Intensive",""
"95739","Mixer-Intensive 27 L (7.1 gallons) Stainless Steel 321 For Sale - IPP# 95739","https://ims.internationalprocessplants.com/inventory/equipment/detail/95739","8","","3x pitched blades","","","","","27 L (7.1 gallons)","Used","","","","","","Diosna","Stainless Steel 321","V25","1.5 kW (2 HP)","","","Mixer-Intensive",""
