ims_order,stock_number,title,featured,image,url,Barrel Material,Capacity (Design),Clad,Condition,Controls,Diameter,Drive Make,Drive Model,Drive Power,Drive RPM,Jacket Material,Jacket Pressure,Length,Lining Type,Manufacturer,Material,Media Details,Media Volume,Model,Motor Cycles,Motor Frame Size,Motor Hertz,Motor Make,Motor Power,Motor Serial,Motor Speed (RPM),Motor TEFC,Motor Voltage,Mounting Details,Nozzle Schedule,Orientation,Power Transmission,Powered By,Pressure,Subtype,Temperature,Type
1,92512,Stainless Steel 304 Szgvari 1 Shot And Sand Mill - IPP# 92512,1,https://ims.internationalprocessplants.com/productimage/OTIvOTI1MTIuanBn/1,https://ims.internationalprocessplants.com/inventory/equipment/detail/mill/shot-and-sand/92512,,,,Used,,914 mm (36 in),,Div II drive,5.6 kW (7.5 HP),,,,762 mm (30 in),,Szgvari,Stainless Steel 304,,,1,,,,,5.6 kW (7.5 HP),,,,,,,,Belt,,,Shot And Sand,,Mill
2,213804,Carbon Steel Netzsch LMC 60CE Shot And Sand Mill - IPP# 213804,1,https://ims.internationalprocessplants.com/productimage/MjEzLzIxMzgwNC5KUEc/1,https://ims.internationalprocessplants.com/inventory/equipment/detail/mill/shot-and-sand/213804,,0.06 m3 (2.1 ft3),,Used,Yes,300 mm (11.8 in),,,,,,,945 mm (37.2 in),,Netzsch,Carbon Steel,,1 m3 (35.3 ft3),LMC 60CE,3,,60,,37.3 kW (50 HP),,,,460,Mounted on a base with motor and On/Off Controls,,Horizontal,,,,Shot And Sand,,Mill
3,203708,IPP# 203708 - Shot And Sand Mill Stainless Steel 316 For Sale,0,https://ims.internationalprocessplants.com/productimage/MjAzLzIwMzcwOC5qcGc/1,https://ims.internationalprocessplants.com/inventory/equipment/detail/mill/shot-and-sand/203708,,,,Used,Yes,140 mm (5.5 in),,,3.3 kW (4.4 HP),,,,270 mm (10.6 in),,Bachofen AG,Stainless Steel 316,,,KDL-Pilot A,,,,,,,,,,,,,,,,Shot And Sand,,Mill
4,104551,IPP# 104551 - Shot And Sand Mill 0.01 m3 (0.35 ft3) Stainless Steel 316 Clad For Sale,0,https://ims.internationalprocessplants.com/productimage/MTA0LzEwNDU1MS5qcGc/1,https://ims.internationalprocessplants.com/inventory/equipment/detail/mill/shot-and-sand/104551,,0.01 m3 (0.35 ft3),Yes,Used,,290 mm (11.4 in),,,,,,,430 mm (16.9 in),,Dyno WAB,Stainless Steel 316,,,KD15,3,Ex-e-G3,50,Loher,15 kW (20.1 HP),,"1,455",,500,,,Horizontal,,,4 bar (58 psi),Shot And Sand,,Mill
5,99807,Stainless Steel 304 Shot And Sand Mill - IPP# 99807,0,https://ims.internationalprocessplants.com/productimage/OTkvOTk4MDcuanBn/1,https://ims.internationalprocessplants.com/inventory/equipment/detail/mill/shot-and-sand/99807,,,,Used,Yes,165.1 mm (6.5 in),,,14.9 kW (20 HP),,,0.83 bar (12 psi),304.8 mm (12 in),,,Stainless Steel 304,,,,,,,,14.9 kW (20 HP),,,,,mtd on common unit,,,,,,Shot And Sand,,Mill
6,212767,Stainless Steel Other KD-175A Shot And Sand Mill - IPP# 212767,0,https://ims.internationalprocessplants.com/productimage/MjEyLzIxMjc2Ny5qcGc/1,https://ims.internationalprocessplants.com/inventory/equipment/detail/mill/shot-and-sand/212767,,0.18 m3 (6.4 ft3),,Used,,,,,75 kW (100.6 HP),,,,,,,Stainless Steel Other,,,KD-175A,,,,,,,,,500,,,,,,,Shot And Sand,,Mill
7,214763,Stainless Steel 304 FrymaKoruma MS50 Shot And Sand Mill - IPP# 214763,0,https://ims.internationalprocessplants.com/productimage/MjE0LzIxNDc2My5KUEc/1,https://ims.internationalprocessplants.com/inventory/equipment/detail/mill/shot-and-sand/214763,,,,Used,Yes,,,,54.4 kW (73 HP),,,,,,FrymaKoruma,Stainless Steel 304,,,MS50,,,,,,,,,,All mounted in explosion proof boxes,,,,,4 bar (58 psi),Shot And Sand,90 °C (194 °F),Mill
8,216258,Unused Stainless Steel Other Netzsch Shot And Sand Mill - IPP# 216258,0,https://ims.internationalprocessplants.com/productimage/MjE2LzIxNjI1OC5KUEc/1,https://ims.internationalprocessplants.com/inventory/equipment/detail/mill/shot-and-sand/216258,,0.02 m3 (0.71 ft3),,Unused,,,,,,,,,,,Netzsch,Stainless Steel Other,,,,,,,,,,,,,,,,,,,Shot And Sand,,Mill
9,213816,Carbon Steel Netzsch LME 20 Shot And Sand Mill - IPP# 213816,0,https://ims.internationalprocessplants.com/productimage/MjEzLzIxMzgxNi5qcGc/1,https://ims.internationalprocessplants.com/inventory/equipment/detail/mill/shot-and-sand/213816,,0.02 m3 (0.71 ft3),,Used,Yes,220 mm (8.7 in),,,,,,,700 mm (27.6 in),,Netzsch,Carbon Steel,,0.25 m3 (8.8 ft3),LME 20,,,,,22.4 kW (30 HP),,,,,Mounted on a base with motor and Start/Stop Controls.,,Horizontal,,,,Shot And Sand,,Mill
10,214765,Stainless Steel 304 FrymaKoruma MS12 Shot And Sand Mill - IPP# 214765,0,https://ims.internationalprocessplants.com/productimage/MjE0LzIxNDc2NS5KUEc/1,https://ims.internationalprocessplants.com/inventory/equipment/detail/mill/shot-and-sand/214765,,,,Used,Yes,,,,3 kW (4 HP),,,,,,FrymaKoruma,Stainless Steel 304,,,MS12,,,,,,,,,,,,,,,2 bar (29 psi),Shot And Sand,90 °C (194 °F),Mill
11,32339,Moorhouse Industries QCV-M4-7-15P Shot And Sand Mill - IPP# 32339,0,https://ims.internationalprocessplants.com/productimage/MzIvMzIzMzlfNS5qcGc/1,https://ims.internationalprocessplants.com/inventory/equipment/detail/mill/shot-and-sand/32339,,,,Used,,177.8 mm (7 in),,,11.2 kW (15 HP),,,,431.8 mm (17 in),,Moorhouse Industries,,,,QCV-M4-7-15P,3,,60,,11.2 kW (15 HP),,"1,750",Yes,460,mounted on common base,,,,,,Shot And Sand,,Mill
12,214767,Carbon Steel Union Process Equipment B Shot And Sand Mill - IPP# 214767,0,https://ims.internationalprocessplants.com/productimage/MjE0LzIxNDc2Ny5KUEc/1,https://ims.internationalprocessplants.com/inventory/equipment/detail/mill/shot-and-sand/214767,,0.006 m3 (0.2 ft3),,Used,,,Reeves Motodrive,79185-00-GP,1.49 kW (2 HP),"2,000",,,"1,250 mm (50 in)",,Union Process Equipment,Carbon Steel,designed for media size of 1/8” through 3/8”,0.004 m3 (0.13 ft3),B,3,184TC,60,Reliance Type P,1.49 kW (2 HP),YM316432A4 UE,"1,160",,230/460,,,,Belt,Electric,,Shot And Sand,,Mill
13,105429,Stainless Steel 304 Netzsch LME4DCMS Shot And Sand Mill - IPP# 105429,0,https://ims.internationalprocessplants.com/productimage/MTA1LzEwNTQyOS5qcGc/1,https://ims.internationalprocessplants.com/inventory/equipment/detail/mill/shot-and-sand/105429,,,,Used,Yes,152.4 mm (6 in),,,3.7 kW (5 HP),,,,457.2 mm (18 in),,Netzsch,Stainless Steel 304,,,LME4DCMS,3,,60,,3.7 kW (5 HP),,"1,760",,460,Mounted on dollie wheels for easy moving.,,Horizontal,,,,Shot And Sand,,Mill
14,104552,IPP# 104552 - Shot And Sand Mill Stainless Steel 316 For Sale,0,https://ims.internationalprocessplants.com/productimage/MTA0LzEwNDU1Mi5qcGc/1,https://ims.internationalprocessplants.com/inventory/equipment/detail/mill/shot-and-sand/104552,,,,Used,,408 mm (16.1 in),,,,,,,"1,450 mm (56.3 in)",,Netzsch,Stainless Steel 316,,,LMJ 55,3,,50,,75 kW (100.6 HP),EX-e-G3,990,,500,,,Horizontal,Belt,,,Shot And Sand,,Mill
15,207109,IPP# 207109 - Shot And Sand Mill 0.007 m3 (0.25 ft3) Rubberlined For Sale,0,https://ims.internationalprocessplants.com/productimage/MjA3LzIwNzEwOS5qcGc/1,https://ims.internationalprocessplants.com/inventory/equipment/detail/mill/shot-and-sand/207109,,0.007 m3 (0.25 ft3),,Used,,,,,,,,,,rubber lined,Drais,Rubberlined,,,PM 250 TEX-H,3,,50,,75 kW (100.6 HP),,"1,500",,600,,,Horizontal,,,1 bar (14.5 psi),Shot And Sand,98 °C (208.4 °F),Mill
16,219894,Stainless Steel Austenitic Dyno WAB KD 60C Shot And Sand Mill - IPP# 219894,0,https://ims.internationalprocessplants.com/productimage/MjE5LzIxOTg5NC5KUEc/1,https://ims.internationalprocessplants.com/inventory/equipment/detail/mill/shot-and-sand/219894,Chrome,0.06 m3 (2.1 ft3),,Used,Yes,300 mm (11.8 in),,,,,,,960 mm (37.8 in),,Dyno WAB,Stainless Steel Austenitic,,,KD 60C,3,,50,Loher EMGV-250MB-04A,44 kW (59 HP),3122673,"1,485",,500,,"opening: 1-50mm feed, 1-25mm outlet with filter mesh, jacket: 1-25mm, 2-17mm,",Horizontal,Belt,Electric,,Shot And Sand,,Mill
17,216259,Merkel 630597U Shot And Sand Mill - IPP# 216259,0,https://ims.internationalprocessplants.com/productimage/MjE2LzIxNjI1OS5KUEc/1,https://ims.internationalprocessplants.com/inventory/equipment/detail/mill/shot-and-sand/216259,,,,Refurbished/Rebuilt,,70 mm (2.8 in),,,,,,,,,Merkel,,,,630597U,,,,,,,,,,,,,,,,Shot And Sand,,Mill
18,216255,NFT Shot And Sand Mill - IPP# 216255,0,https://ims.internationalprocessplants.com/productimage/MjE2LzIxNjI1NS5KUEc/1,https://ims.internationalprocessplants.com/inventory/equipment/detail/mill/shot-and-sand/216255,,,,Refurbished/Rebuilt,,80 mm (3.1 in),,,,,,,,,NFT,,,,,,,,,,,,,,,,,,,,Shot And Sand,,Mill
19,216254,Merkel Shot And Sand Mill - IPP# 216254,0,https://ims.internationalprocessplants.com/productimage/MjE2LzIxNjI1NC5KUEc/1,https://ims.internationalprocessplants.com/inventory/equipment/detail/mill/shot-and-sand/216254,,,,Refurbished/Rebuilt,,80 mm (3.1 in),,,,,,,,,Merkel,,,,,,,,,,,,,,,,,,,,Shot And Sand,,Mill
20,216253,Merkel Shot And Sand Mill - IPP# 216253,0,https://ims.internationalprocessplants.com/productimage/MjE2LzIxNjI1My5KUEc/1,https://ims.internationalprocessplants.com/inventory/equipment/detail/mill/shot-and-sand/216253,,,,Refurbished/Rebuilt,,70 mm (2.8 in),,,,,,,,,Merkel,,,,,,,,,,,,,,,,,,,,Shot And Sand,,Mill
21,216252,Merkel Shot And Sand Mill - IPP# 216252,0,https://ims.internationalprocessplants.com/productimage/MjE2LzIxNjI1Mi5KUEc/1,https://ims.internationalprocessplants.com/inventory/equipment/detail/mill/shot-and-sand/216252,,,,Refurbished/Rebuilt,,70 mm (2.8 in),,,,,,,,,Merkel,,,,,,,,,,,,,,,,,,,,Shot And Sand,,Mill
22,203418,Stainless Steel 304 Asada Machine Works Shot And Sand Mill - IPP# 203418,0,https://ims.internationalprocessplants.com/productimage/MjAzLzIwMzQxOC5KUEc/1,https://ims.internationalprocessplants.com/inventory/equipment/detail/mill/shot-and-sand/203418,,0.22 m3 (7.8 ft3),,Used,,444.5 mm (17.5 in),,,,,Stainless Steel Other,,"1,450 mm (58 in)",a SS internal liner designed for easy replacement/maintenan,Asada Machine Works,Stainless Steel 304,,,,3,,60,,37.3 kW (50 HP),,,,440,,,,,,,Shot And Sand,,Mill
23,214766,Carbon Steel Union Process Equipment SV Shot And Sand Mill - IPP# 214766,0,https://ims.internationalprocessplants.com/productimage/MjE0LzIxNDc2Ni5qcGc/1,https://ims.internationalprocessplants.com/inventory/equipment/detail/mill/shot-and-sand/214766,,0.004 m3 (0.13 ft3),,Used,Yes,,,,0.19 kW (0.25 HP),,,,,,Union Process Equipment,Carbon Steel,,,SV,,,,Reliance,0.19 kW (0.25 HP),,,,,,,Vertical,Direct Coupled,Electric,,Shot And Sand,,Mill
24,203417,IPP# 203417 - Shot And Sand Mill 0.22 m3 (7.8 ft3) Stainless Steel 304 For Sale,0,https://ims.internationalprocessplants.com/productimage/MjAzLzIwMzQxNy5KUEc/1,https://ims.internationalprocessplants.com/inventory/equipment/detail/mill/shot-and-sand/203417,,0.22 m3 (7.8 ft3),,Used,,444.5 mm (17.5 in),,,,,Stainless Steel Other,,"1,450 mm (58 in)",SS internal liner designed for easy replacement/maintenance,Asada Machine Works,Stainless Steel 304,,,,3,,60,,37.3 kW (50 HP),,,,440,,,,,,,Shot And Sand,,Mill
25,203411,Stainless Steel 304 Asada Machine Works Shot And Sand Mill - IPP# 203411,0,https://ims.internationalprocessplants.com/productimage/MjAzLzIwMzQxMS5KUEc/1,https://ims.internationalprocessplants.com/inventory/equipment/detail/mill/shot-and-sand/203411,,0.22 m3 (7.8 ft3),,Used,,444.5 mm (17.5 in),,,,,Stainless Steel Other,,"1,450 mm (58 in)",,Asada Machine Works,Stainless Steel 304,,,,3,,60,,37.3 kW (50 HP),,,,440,,,,,,,Shot And Sand,,Mill
26,213812,Carbon Steel Netzsch LME 20 Shot And Sand Mill - IPP# 213812,0,https://ims.internationalprocessplants.com/productimage/MjEzLzIxMzgxMi5KUEc/1,https://ims.internationalprocessplants.com/inventory/equipment/detail/mill/shot-and-sand/213812,,0.02 m3 (0.71 ft3),,Used,Yes,220 mm (8.7 in),,,,,,,700 mm (27.6 in),,Netzsch,Carbon Steel,,0.25 m3 (8.8 ft3),LME 20,,,,,22.4 kW (30 HP),,,,,Mounted on a base with motor and Start/Stop Controls.,,Horizontal,,,,Shot And Sand,,Mill
27,213810,Carbon Steel Netzsch LME-20 Shot And Sand Mill - IPP# 213810,0,https://ims.internationalprocessplants.com/productimage/MjEzLzIxMzgxMC5KUEc/1,https://ims.internationalprocessplants.com/inventory/equipment/detail/mill/shot-and-sand/213810,,0.02 m3 (0.71 ft3),,Used,Yes,220 mm (8.7 in),,,,,,,700 mm (27.6 in),,Netzsch,Carbon Steel,,0.25 m3 (8.8 ft3),LME-20,,,,,22.4 kW (30 HP),,,,,Mounted on a base with motor and Start/Stop Controls.,,Horizontal,,,,Shot And Sand,,Mill
28,213808,Carbon Steel Netzsch LMC 60CE Shot And Sand Mill - IPP# 213808,0,https://ims.internationalprocessplants.com/productimage/MjEzLzIxMzgwOC5KUEc/1,https://ims.internationalprocessplants.com/inventory/equipment/detail/mill/shot-and-sand/213808,,0.06 m3 (2.1 ft3),,Used,Yes,300 mm (11.8 in),,,,,,,945 mm (37.2 in),,Netzsch,Carbon Steel,,1 m3 (35.3 ft3),LMC 60CE,3,,60,,37.3 kW (50 HP),,,,460,Mounted on a base with motor and On/Off Controls.,,Horizontal,,,,Shot And Sand,,Mill
29,213811,Carbon Steel Netzsch LME 20 Shot And Sand Mill - IPP# 213811,0,https://ims.internationalprocessplants.com/productimage/MjEzLzIxMzgxMS5KUEc/1,https://ims.internationalprocessplants.com/inventory/equipment/detail/mill/shot-and-sand/213811,,0.02 m3 (0.71 ft3),,Used,Yes,220 mm (8.7 in),,,,,,,700 mm (27.6 in),,Netzsch,Carbon Steel,,0.25 m3 (8.8 ft3),LME 20,,,,,22.4 kW (30 HP),,,,,Mounted on a base with motor and Start/Stop Controls.,,Horizontal,,,,Shot And Sand,,Mill
30,213809,Carbon Steel Netzsch LME 20 Shot And Sand Mill - IPP# 213809,0,https://ims.internationalprocessplants.com/productimage/MjEzLzIxMzgwOS5KUEc/1,https://ims.internationalprocessplants.com/inventory/equipment/detail/mill/shot-and-sand/213809,,0.02 m3 (0.71 ft3),,Used,Yes,220 mm (8.7 in),,,,,,,700 mm (27.6 in),,Netzsch,Carbon Steel,,0.25 m3 (8.8 ft3),LME 20,,,,,22.4 kW (30 HP),,,,,Mounted on a base with motor and Start/Stop Controls.,,Horizontal,,,,Shot And Sand,,Mill
31,213807,Carbon Steel Netzsch LMC 60CE Shot And Sand Mill - IPP# 213807,0,https://ims.internationalprocessplants.com/productimage/MjEzLzIxMzgwNy5KUEc/1,https://ims.internationalprocessplants.com/inventory/equipment/detail/mill/shot-and-sand/213807,,0.06 m3 (2.1 ft3),,Used,Yes,300 mm (11.8 in),,,,,,,945 mm (37.2 in),,Netzsch,Carbon Steel,,1 m3 (35.3 ft3),LMC 60CE,3,,60,,37.3 kW (50 HP),,,,460,Mounted on a base with motor and On/Off Controls,,Horizontal,,,,Shot And Sand,,Mill
32,213806,IPP# 213806 - Shot And Sand Mill 0.06 m3 (2.1 ft3) Carbon Steel For Sale,0,https://ims.internationalprocessplants.com/productimage/MjEzLzIxMzgwNi5KUEc/1,https://ims.internationalprocessplants.com/inventory/equipment/detail/mill/shot-and-sand/213806,,0.06 m3 (2.1 ft3),,Used,Yes,300 mm (11.8 in),,,,,,,945 mm (37.2 in),,Netzsch,Carbon Steel,,1 m3 (35.3 ft3),LMC 60CE,3,,60,,37.3 kW (50 HP),,,,460,Mounted on a base with motor and On/Off Controls,,Horizontal,,,,Shot And Sand,,Mill
33,213805,Carbon Steel Netzsch LMC 60CE Shot And Sand Mill - IPP# 213805,0,https://ims.internationalprocessplants.com/productimage/MjEzLzIxMzgwNS5KUEc/1,https://ims.internationalprocessplants.com/inventory/equipment/detail/mill/shot-and-sand/213805,,0.06 m3 (2.1 ft3),,Used,Yes,300 mm (11.8 in),,,,,,,945 mm (37.2 in),,Netzsch,Carbon Steel,,1 m3 (35.3 ft3),LMC 60CE,3,,60,,37.3 kW (50 HP),,,,460,Mounted on a base with motor and On/Off Controls,,Vertical,,,,Shot And Sand,,Mill
