"stock_number","title","url","attribute_count","Air Flow Rate","Bowl Diameter","Bowl Height","Capacity","Clean in Place","Condition","Dust Collection","Explosion-Shock Resistant","HEPA Filtration","Lab Size","Manufacturer","Material","Model","Operational Mode","Orientation","Particle Coating Ability","Pressure","Product Density","Temperature","Type","Vacuum Rated"
"101059","Dryer-Fluid Bed 340 L (89.8 gallons) Stainless Steel 304 For Sale - IPP# 101059","https://ims.internationalprocessplants.com/inventory/equipment/detail/101059","12","3,600 m3/h (2,100 CFM)","1,000 mm (39.4 in)","2,500 mm (98.3 in)","340 L (89.8 gallons)","","Used","","","","","Aeromatic-Fielder AG","Stainless Steel 304","T5-2110","Batch","","","2 bar (29 psi)","","80 °C (176 °F)","Dryer-Fluid Bed",""
"104031","Dryer-Fluid Bed 22 L (5.8 gallons) Stainless Steel 304 For Sale - IPP# 104031","https://ims.internationalprocessplants.com/inventory/equipment/detail/104031","11","350 m3/h (206 CFM)","400 mm (15.7 in)","600 mm (23.6 in)","22 L (5.8 gallons)","","Used","","","","","Glatt","Stainless Steel 304","WSG5","Batch","","","3 bar (43.5 psi)","","","Dryer-Fluid Bed",""
"205364","Dryer-Fluid Bed 100 L (26.4 gallons) Stainless Steel 304 For Sale - IPP# 205364","https://ims.internationalprocessplants.com/inventory/equipment/detail/205364","11","1,500 m3/h (883 CFM)","750 mm (29.5 in)","1,050 mm (40.9 in)","100 L (26.4 gallons)","","Used","","","","","Glatt","Stainless Steel 304","WSG/WST-30","","","","3 bar (43.5 psi)","","70 °C (158 °F)","Dryer-Fluid Bed",""
"206203","Dryer-Fluid Bed  Stainless Steel 304 For Sale - IPP# 206203","https://ims.internationalprocessplants.com/inventory/equipment/detail/206203","9","","480 mm (18.9 in)","6,400 mm (252 in)","","","Used","","","","","Krauss Maffei","Stainless Steel 304","WST4/8/6433","Continuous","Horizontal","","","","","Dryer-Fluid Bed",""
"208218","Dryer-Fluid Bed 500 L (132.1 gallons) Stainless Steel Other For Sale - IPP# 208218","https://ims.internationalprocessplants.com/inventory/equipment/detail/208218","7","","","","500 L (132.1 gallons)","","Used","","","","","Glatt","Stainless Steel Other","TFO 150","","Vertical","","","","","Dryer-Fluid Bed",""
"208393","Dryer-Fluid Bed 300 L (79.3 gallons) Stainless Steel 304 For Sale - IPP# 208393","https://ims.internationalprocessplants.com/inventory/equipment/detail/208393","10","5,450 m3/h (3,200 CFM)","1,200 mm (46.5 in)","2,050 mm (79.9 in)","300 L (79.3 gallons)","","Used","","","","","Glatt","Stainless Steel 304","TFO100","","","","","","20 °C (68 °F)","Dryer-Fluid Bed",""
"208432","Dryer-Fluid Bed 700 L (184.9 gallons) Stainless Steel 304 For Sale - IPP# 208432","https://ims.internationalprocessplants.com/inventory/equipment/detail/208432","11","14,000 m3/h (8,250 CFM)","1,200 mm (46.9 in)","1,300 mm (51.2 in)","700 L (184.9 gallons)","","Used","","","","","Glatt","Stainless Steel 304","TFO 300-400","","Vertical","","5 bar (72.5 psi)","","","Dryer-Fluid Bed",""
"208433","Dryer-Fluid Bed 700 L (184.9 gallons) Stainless Steel 304 For Sale - IPP# 208433","https://ims.internationalprocessplants.com/inventory/equipment/detail/208433","11","14,000 m3/h (8,250 CFM)","1,200 mm (46.9 in)","1,300 mm (51.2 in)","700 L (184.9 gallons)","","Used","","","","","Glatt","Stainless Steel 304","TFO 300-400","","Vertical","","5 bar (72.5 psi)","","","Dryer-Fluid Bed",""
"208434","Stainless Steel 304 Glatt TFO 300-400 Dryer-Fluid Bed - IPP# 208434","https://ims.internationalprocessplants.com/inventory/equipment/detail/208434","11","14,000 m3/h (8,250 CFM)","1,200 mm (46.9 in)","1,300 mm (51.2 in)","700 L (184.9 gallons)","","Used","","","","","Glatt","Stainless Steel 304","TFO 300-400","","Vertical","","5 bar (72.5 psi)","","","Dryer-Fluid Bed",""
"208485","Dryer-Fluid Bed 200 L (52.8 gallons) Stainless Steel Other For Sale - IPP# 208485","https://ims.internationalprocessplants.com/inventory/equipment/detail/208485","12","6,000 m3/h (3,550 CFM)","1,450 mm (57.1 in)","400 mm (15.7 in)","200 L (52.8 gallons)","","Used","","","","","Glatt","Stainless Steel Other","GRG 200 Spheronizer","","","Polymeric coating to spheres containing or layered with drugs, Layering spheres with drugs.","0.5 bar (7.3 psi)","","60 °C (140 °F)","Dryer-Fluid Bed",""
"208486","Stainless Steel Other Glatt GRG 200 Spheronizer Dryer-Fluid Bed - IPP# 208486","https://ims.internationalprocessplants.com/inventory/equipment/detail/208486","12","6,000 m3/h (3,550 CFM)","1,450 mm (57.1 in)","400 mm (15.7 in)","200 L (52.8 gallons)","","Used","","","","","Glatt","Stainless Steel Other","GRG 200 Spheronizer","","","Polymeric coating to spheres containing or layered with drugs. Layering spheres with drugs.","0.5 bar (7.3 psi)","","60 °C (140 °F)","Dryer-Fluid Bed",""
"208847","Dryer-Fluid Bed 600 L (158.5 gallons) Stainless Steel 304 For Sale - IPP# 208847","https://ims.internationalprocessplants.com/inventory/equipment/detail/208847","9","10,000 m3/h (5,900 CFM)","","","600 L (158.5 gallons)","","Used","","","","","Aeromatic-Fielder AG","Stainless Steel 304","STRE 0,86.20 H","","","","5.5 bar (79.8 psi)","","200 °C (392 °F)","Dryer-Fluid Bed",""
"220433","Dryer-Fluid Bed Ventilex B.V. (Netherland) 10.44.110 502844 Stainless Steel 316L - IPP# 220433","https://ims.internationalprocessplants.com/inventory/equipment/detail/220433","11","","862 mm (33.9 in)","820 mm (32.3 in)","","","Used","","","","","Ventilex B.V. (Netherland)","Stainless Steel 316L","10.44.110 502844","Continuous","Horizontal","","6 bar (87 psi)","","120 °C (248 °F)","Dryer-Fluid Bed",""
"220885","Stainless Steel 316 Aeromatic-Fielder AG Aerocoater Model CU-4 Dryer-Fluid Bed - IPP# 220885","https://ims.internationalprocessplants.com/inventory/equipment/detail/220885","13","2,800 m3/h (1,650 CFM)","580 mm (22.8 in)","500 mm (19.7 in)","240 L (63.4 gallons)","","Used","","","","","Aeromatic-Fielder AG","Stainless Steel 316","Aerocoater Model CU-4","Batch","Vertical","","6 bar (87 psi)","0.24 m3 (8.5 ft3)","","Dryer-Fluid Bed",""
"224580","New Stainless Steel 316 Stalwart International FBD-30 Dryer-Fluid Bed - IPP# 224580","https://ims.internationalprocessplants.com/inventory/equipment/detail/224580","12","3,400 m3/h (2,000 CFM)","533 mm (21 in)","","110 L (29.1 gallons)","","New","","","","","Gale Process Solutions","Stainless Steel 316","FBD-30","Batch","Vertical","","6 bar (87 psi)","","70 °C (158 °F)","Dryer-Fluid Bed",""
"233966","Unused Stainless Steel 316 GEA Pharmadule  MP2/3-K2-F1/2 Dryer-Fluid Bed - IPP# 233966","https://ims.internationalprocessplants.com/inventory/equipment/detail/233966","19","670 m3/h (394.3 CFM)","650 mm (25.6 in)","1,000 mm (39.4 in)","160 L (42.3 gallons)","Yes","Unused","Yes","Yes","Yes","","GEA","Stainless Steel 316","Pharmadule MP2/3-K2-F1/2","Batch","Vertical","","12 bar (174 psi)","1,500 m3 (52,950 ft3)","100 °C (212 °F)","Dryer-Fluid Bed","Yes"
"233968","Unused Stainless Steel 316L GEA MP 4 Dryer-Fluid Bed - IPP# 233968","https://ims.internationalprocessplants.com/inventory/equipment/detail/233968","15","","900 mm (35.4 in)","","280 L (74 gallons)","Yes","Unused","Yes","Yes","","","GEA","Stainless Steel 316L","MP 4","Batch","Vertical","","11 bar (159.5 psi)","1,500 m3 (52,950 ft3)","100 °C (212 °F)","Dryer-Fluid Bed",""
"238393","Stainless Steel 316 Changzhou Jiafa Granulation Drying Equipment Co. LTD  Dryer-Fluid Bed - IPP# 238393","https://ims.internationalprocessplants.com/inventory/equipment/detail/238393","4","","","","","","Used","","","","","Changzhou Jiafa Granulation Drying Equipment Co. LTD","Stainless Steel 316","","","","","","","","Dryer-Fluid Bed",""
"247053","316 stainless steel Glatt GPCG 300/500 Fluid Bed Dryer / Granulator - IPP# 247053","https://ims.internationalprocessplants.com/inventory/equipment/detail/247053","17","2,000 m3/h (1,200 CFM)","3,000 mm (118.1 in)","1,100 mm (43.3 in)","1,000 L (269.5 gallons)","","Used","Yes","Yes","Yes","","Glatt","Stainless Steel 316","GPCG 300/500","Batch","Vertical","yes","12 bar (174 psi)","","140 °C (284 °F)","Dryer-Fluid Bed",""
"247054","Glatt WSG-CD 160 Fluid Bed Dryer / Granulator - IPP# 247054","https://ims.internationalprocessplants.com/inventory/equipment/detail/247054","17","100 m3/h (58.9 CFM)","1,400 mm (55.1 in)","550 mm (21.7 in)","650 L (171.7 gallons)","","Used","Yes","Yes","","","Glatt","Stainless Steel 316","WSG-CD 160","Batch","Vertical","Yes with top spray & Tangential Spray options","6 bar (87 psi)","1 m3 (35.3 ft3)","120 °C (248 °F)","Dryer-Fluid Bed",""
"247057","Used 316 stainless steel Glatt GPCG 5/9 Fluid Bed Dryer / Granulator - IPP# 247057","https://ims.internationalprocessplants.com/inventory/equipment/detail/247057","17","2,000 m3/h (1,200 CFM)","400 mm (15.7 in)","270 mm (10.6 in)","25 L (6.6 gallons)","","Used","Yes","Yes","Yes","","Glatt","Stainless Steel 316","GPCG 5/9","Batch","Vertical","Yes","12 bar (174 psi)","","140 °C (284 °F)","Dryer-Fluid Bed",""
"47526","Dryer-Fluid Bed 420 L (111 gallons) Stainless Steel 304 For Sale - IPP# 47526","https://ims.internationalprocessplants.com/inventory/equipment/detail/47526","13","6,000 m3/h (3,500 CFM)","1,200 mm (47.2 in)","3,500 mm (137.8 in)","420 L (111 gallons)","","Refurbished/Rebuilt","Yes","","","","Glatt","Stainless Steel 304","WST120","Batch","","","6 bar (87 psi)","0.42 m3 (14.8 ft3)","","Dryer-Fluid Bed",""
"47527","Dryer-Fluid Bed 420 L (111 gallons) Stainless Steel 304 For Sale - IPP# 47527","https://ims.internationalprocessplants.com/inventory/equipment/detail/47527","12","6,000 m3/h (3,500 CFM)","1,200 mm (47.2 in)","3,500 mm (137.8 in)","420 L (111 gallons)","","Refurbished/Rebuilt","Yes","","","","Glatt","Stainless Steel 304","WST120","Batch","","","6 bar (87 psi)","","","Dryer-Fluid Bed",""
"703094","Dryer-Fluid Bed 500 L (132.1 gallons) Stainless Steel 316 For Sale - IPP# 703094","https://ims.internationalprocessplants.com/inventory/equipment/detail/703094","8","","1,200 mm (48 in)","431.8 mm (17 in)","500 L (132.1 gallons)","","Used","","","","","Calmic (William Boulton)","Stainless Steel 316","","","","","","0.5 m3 (17.7 ft3)","","Dryer-Fluid Bed",""
"703329","Dryer-Fluid Bed  Stainless Steel 316 For Sale - IPP# 703329","https://ims.internationalprocessplants.com/inventory/equipment/detail/703329","7","","610 mm (24 in)","330.2 mm (13 in)","","","Used","","","","","Calmic (William Boulton)","Stainless Steel 316","12874","","","","","","","Dryer-Fluid Bed",""
"703475","Dryer-Fluid Bed 5 L (1.32 gallons) Stainless Steel 304 For Sale - IPP# 703475","https://ims.internationalprocessplants.com/inventory/equipment/detail/703475","9","","228.6 mm (9 in)","254 mm (10 in)","5 L (1.32 gallons)","","Used","","","","Yes","PRL Eng","Stainless Steel 304","FBD-L70","","","","","","","Dryer-Fluid Bed",""
"703559","Dryer-Fluid Bed  Stainless Steel 321 For Sale - IPP# 703559","https://ims.internationalprocessplants.com/inventory/equipment/detail/703559","5","","","","","","Used","","","","","Glatt","Stainless Steel 321","Agglomerator Spray Arm - WSG 60","","","","","","","Dryer-Fluid Bed",""
"703696","Dryer-Fluid Bed 100 L (26.4 gallons) Stainless Steel 316 For Sale - IPP# 703696","https://ims.internationalprocessplants.com/inventory/equipment/detail/703696","12","","610 mm (24 in)","355.6 mm (14 in)","100 L (26.4 gallons)","","Used","","","","","Arthur White","Stainless Steel 316","AWS","Batch","Vertical","","5.5 bar (80 psi)","","130 °C (266 °F)","Dryer-Fluid Bed",""
"704788","Stainless Steel 316 Glatt WSG15 Dryer-Fluid Bed - IPP# 704788","https://ims.internationalprocessplants.com/inventory/equipment/detail/704788","10","750 m3/h (441.4 CFM)","","","45 L (11.9 gallons)","","Used","","","","","Glatt","Stainless Steel 316","WSG15","","","","3 bar (43.5 psi)","0.04 m3 (1.41 ft3)","70 °C (158 °F)","Dryer-Fluid Bed",""
"704795","Dryer-Fluid Bed 420 L (111 gallons) Stainless Steel 304 For Sale - IPP# 704795","https://ims.internationalprocessplants.com/inventory/equipment/detail/704795","13","5,000 m3/h (2,950 CFM)","1,200 mm (47.2 in)","1,000 mm (39.4 in)","420 L (111 gallons)","","Used","","","","","Glatt","Stainless Steel 304","WST120","Batch","Vertical","","3 bar (43.5 psi)","","80 °C (176 °F)","Dryer-Fluid Bed",""
"704867","Dryer Fluid Bed Glatt WSG Stainless Steel 304 - IPP# 704867","https://ims.internationalprocessplants.com/inventory/equipment/detail/704867","14","750 m3/h (441.4 CFM)","393.7 mm (15.5 in)","279.4 mm (11 in)","45 L (11.9 gallons)","","Used","","","","","Glatt","Stainless Steel 304","WSG","Batch","Vertical","","3 bar (43.5 psi)","0.04 m3 (1.41 ft3)","70 °C (158 °F)","Dryer-Fluid Bed",""
"705589","Stainless Steel 304 NEU Engineering  Dryer-Fluid Bed - IPP# 705589","https://ims.internationalprocessplants.com/inventory/equipment/detail/705589","11","","920 mm (36.2 in)","5,800 mm (228.3 in)","","","Used","Yes","","","","NEU Engineering","Stainless Steel 304","","Continuous","Horizontal","","","550 m3 (19,400 ft3)","120 °C (248 °F)","Dryer-Fluid Bed",""
"706488","Stainless Steel 304 Niro  Dryer-Fluid Bed - IPP# 706488","https://ims.internationalprocessplants.com/inventory/equipment/detail/706488","8","","1,100 mm (43.3 in)","6,000 mm (236.2 in)","","","Used","","","","","Niro","Stainless Steel 304","","Continuous","Horizontal","","","","","Dryer-Fluid Bed",""
"706489","Dryer-Fluid Bed  Stainless Steel 304 For Sale - IPP# 706489","https://ims.internationalprocessplants.com/inventory/equipment/detail/706489","8","","1,350 mm (52.8 in)","9,600 mm (378 in)","","","Used","","","","","Niro","Stainless Steel 304","","Continuous","Horizontal","","","","","Dryer-Fluid Bed",""
"71372","Dryer-Fluid Bed 400 L (105.7 gallons) Stainless Steel 304 For Sale - IPP# 71372","https://ims.internationalprocessplants.com/inventory/equipment/detail/71372","9","","","","400 L (105.7 gallons)","","Refurbished/Rebuilt","Yes","","","","Glatt","Stainless Steel 304","TFO-150","Batch","","","6 bar (87 psi)","","","Dryer-Fluid Bed",""
"88835","Dryer-Fluid Bed 580 L (153.2 gallons) Stainless Steel 304 For Sale - IPP# 88835","https://ims.internationalprocessplants.com/inventory/equipment/detail/88835","9","6,000 m3/h (3,550 CFM)","","","580 L (153.2 gallons)","","Used","","","","","Aeromatic-Fielder AG","Stainless Steel 304","ST1000","Batch","Vertical","","","","","Dryer-Fluid Bed",""
"88836","Dryer-Fluid Bed 380 L (100.4 gallons) Stainless Steel 304 For Sale - IPP# 88836","https://ims.internationalprocessplants.com/inventory/equipment/detail/88836","12","3,600 m3/h (2,100 CFM)","100 mm (3.9 in)","600 mm (23.6 in)","380 L (100.4 gallons)","","Used","","","","","Aeromatic-Fielder AG","Stainless Steel 304","ST60","Batch","Vertical","","0.29 bar (4.3 psi)","","","Dryer-Fluid Bed",""
"89475","Dryer-Fluid Bed 780 L (206.1 gallons) Stainless Steel 304 For Sale - IPP# 89475","https://ims.internationalprocessplants.com/inventory/equipment/detail/89475","11","180 m3/h (105.9 CFM)","1,650 mm (64.2 in)","1,200 mm (47.2 in)","780 L (206.1 gallons)","","Used","","Yes","","","Aeromatic-Fielder AG","Stainless Steel 304","AES-2.150","","","","0.05 bar (0.7 psi)","","","Dryer-Fluid Bed",""
"89872","Dryer-Fluid Bed 200 L (52.8 gallons) Stainless Steel 304 For Sale - IPP# 89872","https://ims.internationalprocessplants.com/inventory/equipment/detail/89872","10","","700 mm (27.6 in)","1,000 mm (39.4 in)","200 L (52.8 gallons)","","Used","","","","","Aeromatic-Fielder AG","Stainless Steel 304","AES-1.7","Batch","Vertical","","","","","Dryer-Fluid Bed",""
"94466","Dryer-Fluid Bed  Stainless Steel 316 For Sale - IPP# 94466","https://ims.internationalprocessplants.com/inventory/equipment/detail/94466","13","4,300 m3/h (2,550 CFM)","1,100 mm (43.3 in)","2,000 mm (78.7 in)","","","Used","Yes","","","","Aeromatic-Fielder AG","Stainless Steel 316","T5 (2140)","Batch","Vertical","","2 bar (29 psi)","","-10 °C (14 °F)","Dryer-Fluid Bed",""
"94478","Dryer-Fluid Bed 200 L (52.8 gallons) Stainless Steel 316 For Sale - IPP# 94478","https://ims.internationalprocessplants.com/inventory/equipment/detail/94478","10","1.2 m3/h (0.71 CFM)","1,100 mm (43.3 in)","1,700 mm (66.9 in)","200 L (52.8 gallons)","","Used","","","","","Aeromatic-Fielder AG","Stainless Steel 316","T5-1110","","","","2 bar (29 psi)","","","Dryer-Fluid Bed",""
"96329","Plastic Aeromatic-Fielder AG STPKE-2 Dryer-Fluid Bed - IPP# 96329","https://ims.internationalprocessplants.com/inventory/equipment/detail/96329","9","","254 mm (10 in)","457.2 mm (18 in)","15 L (4 gallons)","","Used","","","","Yes","Aeromatic-Fielder AG","Plastic","STPKE-2","","","","","","","Dryer-Fluid Bed",""
