"stock_number","title","url","attribute_count","Agitation Shaft Sealing","Clad","Condition","Controls","Design Capacity","Drive Make","Height","Jacket Pressure","Jacket Temperature","Jacket Type","Length","Manufacturer","Material","Model","Operating Capacity","Operational mode","Paddle/Ribbon MOC","Ribbon Type","Type","Vessel Pressure","Vessel Temperature","Width"
"107553","Stainless Steel 316 Koppers EA26-6 Mixer-Ribbon &amp; Paddle - IPP# 107553","https://ims.internationalprocessplants.com/inventory/equipment/detail/107553","12","Packing","","Used","","0.42 m3 (15 ft3)","","508 mm (20 in)","","","","1,850 mm (72 in)","Koppers","Stainless Steel 316","EA26-6","0.28 m3 (10 ft3)","","","Paddles","Mixer-Ribbon & Paddle","","","660 mm (26 in)"
"110637","Mixer-Ribbon &amp; Paddle by Young Industrial Machinery Stainless Steel 304 - IPP# 110637","https://ims.internationalprocessplants.com/inventory/equipment/detail/110637","12","","","Used","","0.28 m3 (10 ft3)","","610 mm (24 in)","","","","1,200 mm (48 in)","Young Industrial Machinery","Stainless Steel 304","","0.17 m3 (6 ft3)","","","Double Helix","Mixer-Ribbon & Paddle","13.8 bar (200 psi)","-16.1 °C (3 °F)","559 mm (22 in)"
"203129","Mixer-Ribbon &amp; Paddle 8.5 m3 (300 ft3) Carbon Steel For Sale - IPP# 203129","https://ims.internationalprocessplants.com/inventory/equipment/detail/203129","10","Packing","Yes","Used","","8.5 m3 (300 ft3)","","","","","","3,050 mm (120 in)","","Carbon Steel","","5.7 m3 (200 ft3)","","","Single Helix","Mixer-Ribbon & Paddle","","","1,350 mm (54 in)"
"203241","Stainless Steel 316 Littleford Bros, Inc MGT125 Mixer-Ribbon &amp; Paddle - IPP# 203241","https://ims.internationalprocessplants.com/inventory/equipment/detail/203241","12","","","Used","Yes","0.13 m3 (4.4 ft3)","","1,850 mm (72 in)","","","","2,050 mm (80 in)","Littleford Bros, Inc","Stainless Steel 316","MGT125","0.08 m3 (2.8 ft3)","","","Paddles","Mixer-Ribbon & Paddle","","","1,200 mm (48 in)"
"204772","Stainless Steel 304 Bepex JMX JS 250 Mixer-Ribbon &amp; Paddle - IPP# 204772","https://ims.internationalprocessplants.com/inventory/equipment/detail/204772","15","","","Used","","9.9 m3 (350 ft3)","","1,700 mm (67 in)","","","","3,900 mm (154 in)","Bepex","Stainless Steel 304","JMX JS 250","7.1 m3 (250 ft3)","Batch","Carbon Steel","Double Helix","Mixer-Ribbon & Paddle","1.01 bar (14.7 psi)","37.8 °C (100 °F)","1,550 mm (61 in)"
"205877","Stainless Steel 304 Mixer-Ribbon &amp; Paddle - IPP# 205877","https://ims.internationalprocessplants.com/inventory/equipment/detail/205877","13","Packing","","Used","","8.5 m3 (300 ft3)","","1,850 mm (72 in)","","","","3,650 mm (144 in)","The Young Industries, Inc.","Stainless Steel 304","300L","7.8 m3 (275 ft3)","","Stainless Steel Other","Single Helix","Mixer-Ribbon & Paddle","","","1,500 mm (60 in)"
"207399","Stainless Steel 316 M.A.P SRL (Italy) WBHY 6000 Mixer-Ribbon &amp; Paddle - IPP# 207399","https://ims.internationalprocessplants.com/inventory/equipment/detail/207399","12","Packing","","Used","","6 m3 (211.9 ft3)","","2,000 mm (79.5 in)","","","","7,000 mm (274.8 in)","M.A.P SRL (Italy)","Stainless Steel 316","WBHY 6000","4 m3 (141.3 ft3)","","","Plows","Mixer-Ribbon & Paddle","","","1,600 mm (63 in)"
"208406","Mixer-Ribbon &amp; Paddle SCHICHAU-GRIEP DS 160 Stainless Steel 321 - IPP# 208406","https://ims.internationalprocessplants.com/inventory/equipment/detail/208406","8","","","Used","","20 m3 (706 ft3)","","","","","","","SCHICHAU-GRIEP","Stainless Steel 321","DS 160","13 m3 (459.1 ft3)","","","Single Helix","Mixer-Ribbon & Paddle","","",""
"208409","Mixer-Ribbon &amp; Paddle 20 m3 (706 ft3) Stainless Steel 321 For Sale - IPP# 208409","https://ims.internationalprocessplants.com/inventory/equipment/detail/208409","8","","","Used","","20 m3 (706 ft3)","","","","","","","SCHICHAU-GRIEP","Stainless Steel 321","DS 160","13 m3 (459.1 ft3)","","","Single Helix","Mixer-Ribbon & Paddle","","",""
"208410","Mixer-Ribbon &amp; Paddle 20 m3 (706 ft3) Stainless Steel 321 For Sale - IPP# 208410","https://ims.internationalprocessplants.com/inventory/equipment/detail/208410","8","","","Used","","20 m3 (706 ft3)","","","","","","","SCHICHAU-GRIEP","Stainless Steel 321","DS 160","13 m3 (459.1 ft3)","","","Single Helix","Mixer-Ribbon & Paddle","","",""
"208450","Stainless Steel 321 Loedige Littleford Ploughshare FKM 3000.D.4MZ.4ZF.4L Mixer-Ribbon &amp; Paddle - IPP# 208450","https://ims.internationalprocessplants.com/inventory/equipment/detail/208450","13","Packing","","Refurbished/Rebuilt","","3 m3 (105.9 ft3)","","1,900 mm (74.8 in)","","","","4,300 mm (169.3 in)","Loedige Littleford Ploughshare","Stainless Steel 321","FKM 3000.D.4MZ.4ZF.4L","2 m3 (70.6 ft3)","","","Plows","Mixer-Ribbon & Paddle","","110 °C (230 °F)","1,800 mm (70.9 in)"
"210856","Mixer-Ribbon &amp; Paddle 1.13 m3 (40 ft3) Stainless Steel 304 For Sale - IPP# 210856","https://ims.internationalprocessplants.com/inventory/equipment/detail/210856","12","","","Used","","1.13 m3 (40 ft3)","","482.6 mm (19 in)","","","","3,650 mm (144 in)","Sprout Waldron","Stainless Steel 304","DA-26-12","0.85 m3 (30 ft3)","Continuous","","Paddles","Mixer-Ribbon & Paddle","","","660 mm (26 in)"
"213607","Stainless Steel 304 Loedige Littleford Ploughshare KM8000 Mixer-Ribbon &amp; Paddle - IPP# 213607","https://ims.internationalprocessplants.com/inventory/equipment/detail/213607","12","","","Used","","8 m3 (282.5 ft3)","","2,300 mm (90 in)","","","","7,400 mm (291 in)","Loedige Littleford Ploughshare","Stainless Steel 304","KM8000","5 m3 (176.6 ft3)","Continuous","","Plows","Mixer-Ribbon & Paddle","","","1,750 mm (68 in)"
"217872","Mixer Ribbon &amp; Paddle Loedige Littleford Ploughshare FKM 1200 D2 Z Stainless Steel - IPP# 217872","https://ims.internationalprocessplants.com/inventory/equipment/detail/217872","12","","","Used","","1.2 m3 (42.4 ft3)","","1,900 mm (74.8 in)","","","","2,350 mm (92.5 in)","Loedige Littleford Ploughshare","Stainless Steel Other","FKM 1200 D2 Z","0.6 m3 (21.2 ft3)","","","Plows","Mixer-Ribbon & Paddle","1.01 bar (14.7 psi)","","1,700 mm (66.9 in)"
"217882","Stainless Steel Other Mixer-Ribbon &amp; Paddle - IPP# 217882","https://ims.internationalprocessplants.com/inventory/equipment/detail/217882","9","","","Used","","0.05 m3 (1.77 ft3)","","1,800 mm (70.9 in)","","","","1,400 mm (55.1 in)","Loedige Littleford Ploughshare","Stainless Steel Other","","0.03 m3 (1.06 ft3)","","","","Mixer-Ribbon & Paddle","","","800 mm (31.5 in)"
"228346","Stainless Steel 304 Littleford Bros, Inc FKM-600-D Ribbon Paddle Mixer - IPP# 228346","https://ims.internationalprocessplants.com/inventory/equipment/detail/228346","17","Packing","","Used","","0.79 m3 (28 ft3)","Falk","914 mm (36 in)","0.48 bar (7 psi)","-16.1 °C (3 °F)","Standard","1,200 mm (48 in)","Littleford Bros, Inc","Stainless Steel 304","FKM-600-D","","Batch","Stainless Steel 304","","Mixer-Ribbon & Paddle","-0.97 bar (-14 psi)","","914 mm (36 in)"
"232600","Stainless Steel 321 Will-Flow  Mixer-Ribbon &amp; Paddle - IPP# 232600","https://ims.internationalprocessplants.com/inventory/equipment/detail/232600","12","Packing","","Used","","1.13 m3 (40 ft3)","","940 mm (37 in)","","","","1,550 mm (62 in)","Will-Flow","Stainless Steel 321","","0.74 m3 (26 ft3)","","Stainless Steel 321","Paddles","Mixer-Ribbon & Paddle","","","914 mm (36 in)"
"235745","Mixer-Ribbon &amp; Paddle 6.1 m3 (215 ft3) Stainless Steel 321 For Sale - IPP# 235745","https://ims.internationalprocessplants.com/inventory/equipment/detail/235745","12","","","Used","","6.1 m3 (215 ft3)","","1,900 mm (75 in)","","","","9,400 mm (370 in)","GEA","Stainless Steel 321","","4.2 m3 (150 ft3)","Continuous","Stainless Steel 321","Paddles","Mixer-Ribbon & Paddle","","","1,050 mm (42 in)"
"39351","Mixer-Ribbon &amp; Paddle 1 m3 (35.3 ft3) Stainless Steel 316 For Sale - IPP# 39351","https://ims.internationalprocessplants.com/inventory/equipment/detail/39351","11","Packing","","Used","","1 m3 (35.3 ft3)","","812 mm (32 in)","","","","2,600 mm (101.9 in)","Babcock & Wilcox","Stainless Steel 316","","0.5 m3 (17.7 ft3)","","","Interrupted ribbon","Mixer-Ribbon & Paddle","","","600 mm (23.6 in)"
"45799","Stainless Steel 316 Mixer-Ribbon &amp; Paddle - IPP# 45799","https://ims.internationalprocessplants.com/inventory/equipment/detail/45799","13","Packing","","Used","","7.1 m3 (250 ft3)","","","","","","3,800 mm (150 in)","Strong Scott","Stainless Steel 316","1MHS250","4.2 m3 (150 ft3)","Batch","Stainless Steel 316","Paddles","Mixer-Ribbon & Paddle","","","1,500 mm (60 in)"
"6046","Mixer-Ribbon &amp; Paddle 12.7 m3 (450 ft3) Stainless Steel 304 For Sale - IPP# 6046","https://ims.internationalprocessplants.com/inventory/equipment/detail/6046","9","","","Used","","12.7 m3 (450 ft3)","","","","","","4,900 mm (192 in)","Patterson Kelly","Stainless Steel 304","","8.5 m3 (300 ft3)","","","Paddles","Mixer-Ribbon & Paddle","","","1,850 mm (72 in)"
"701967","Mixer-Ribbon &amp; Paddle 0.5 m3 (17.7 ft3) Stainless Steel 316 For Sale - IPP# 701967","https://ims.internationalprocessplants.com/inventory/equipment/detail/701967","10","Packing","","Used","","0.5 m3 (17.7 ft3)","","686 mm (27 in)","","","","1,200 mm (48 in)","Babcock & Wilcox","Stainless Steel 316","","0.27 m3 (9.6 ft3)","","","","Mixer-Ribbon & Paddle","","","610 mm (24 in)"
"704157","Mixer-Ribbon &amp; Paddle 0.1 m3 (3.5 ft3) Stainless Steel 316 For Sale - IPP# 704157","https://ims.internationalprocessplants.com/inventory/equipment/detail/704157","12","Packing","","Used","","0.1 m3 (3.5 ft3)","","1,300 mm (51 in)","","","","2,300 mm (90 in)","Babcock & Wilcox","Stainless Steel 316","100L2PGM","0.07 m3 (2.3 ft3)","","","Interrupted ribbon","Mixer-Ribbon & Paddle","","","1,300 mm (51 in)"
"704868","Mixer-Ribbon &amp; Paddle 1.2 m3 (42.4 ft3) Stainless Steel 316 For Sale - IPP# 704868","https://ims.internationalprocessplants.com/inventory/equipment/detail/704868","11","Mechanical","","Used","","1.2 m3 (42.4 ft3)","","","","","","1,950 mm (76.8 in)","Buhler Group","Stainless Steel 316","DFMF-10","0.8 m3 (28.3 ft3)","","","Single Helix","Mixer-Ribbon & Paddle","","","900 mm (35.4 in)"
"706110","Stainless Steel Other Alpine (Hosokawa) HMC-60 Mixer-Ribbon &amp; Paddle - IPP# 706110","https://ims.internationalprocessplants.com/inventory/equipment/detail/706110","11","","","Used","","0.06 m3 (2.1 ft3)","","350 mm (13.8 in)","","","","1,200 mm (47.2 in)","Alpine (Hosokawa)","Stainless Steel Other","HMC-60","0.04 m3 (1.41 ft3)","","","Interrupted ribbon","Mixer-Ribbon & Paddle","","","300 mm (11.8 in)"
"706111","Stainless Steel Other Alpine (Hosokawa) HMC-60 Mixer-Ribbon &amp; Paddle - IPP# 706111","https://ims.internationalprocessplants.com/inventory/equipment/detail/706111","8","","","Used","","0.06 m3 (2.1 ft3)","","","","","","","Alpine (Hosokawa)","Stainless Steel Other","HMC-60","0.04 m3 (1.41 ft3)","","","Interrupted ribbon","Mixer-Ribbon & Paddle","","",""
"706112","Mixer-Ribbon &amp; Paddle 0.05 m3 (1.77 ft3) Stainless Steel Other For Sale - IPP# 706112","https://ims.internationalprocessplants.com/inventory/equipment/detail/706112","11","","","Used","","0.05 m3 (1.77 ft3)","","350 mm (13.8 in)","","","","1,200 mm (47.2 in)","Winkworth","Stainless Steel Other","UT50/C","0.03 m3 (1.17 ft3)","","","Interrupted ribbon","Mixer-Ribbon & Paddle","","","300 mm (11.8 in)"
"706481","Mixer-Ribbon &amp; Paddle 0.66 m3 (23.3 ft3) Stainless Steel 321 For Sale - IPP# 706481","https://ims.internationalprocessplants.com/inventory/equipment/detail/706481","9","Packing","","Used","","0.66 m3 (23.3 ft3)","","","","","","","Babcock & Wilcox","Stainless Steel 321","HHS/7","0.44 m3 (15.5 ft3)","","","Interrupted ribbon","Mixer-Ribbon & Paddle","","",""
"706702","Mixer-Ribbon &amp; Paddle 0.6 m3 (21.2 ft3) Carbon Steel For Sale - IPP# 706702","https://ims.internationalprocessplants.com/inventory/equipment/detail/706702","10","","","Used","","0.6 m3 (21.2 ft3)","","700 mm (27.6 in)","","","","1,700 mm (66.1 in)","","Carbon Steel","","0.4 m3 (14.1 ft3)","","Carbon Steel","Interrupted ribbon","Mixer-Ribbon & Paddle","","","550 mm (21.7 in)"
"706703","Mixer-Ribbon &amp; Paddle 0.6 m3 (21.2 ft3) Carbon Steel For Sale - IPP# 706703","https://ims.internationalprocessplants.com/inventory/equipment/detail/706703","10","","","Used","","0.6 m3 (21.2 ft3)","","700 mm (27.6 in)","","","","1,700 mm (66.1 in)","","Carbon Steel","","0.4 m3 (14.1 ft3)","","Carbon Steel","Interrupted ribbon","Mixer-Ribbon & Paddle","","","550 mm (21.7 in)"
"706876","Stainless Steel 304L WAM WBN21500C001 Mixer-Ribbon &amp; Paddle - IPP# 706876","https://ims.internationalprocessplants.com/inventory/equipment/detail/706876","10","Packing","","Used","","15 m3 (530 ft3)","","","","","","5,000 mm (196.9 in)","WAM","Stainless Steel 304L","WBN21500C001","10 m3 (353.1 ft3)","","","","Mixer-Ribbon & Paddle","","","1,900 mm (74.8 in)"
"78681","Stainless Steel 304 Werner &amp; Pfleiderer Simplex Mixer-Ribbon &amp; Paddle - IPP# 78681","https://ims.internationalprocessplants.com/inventory/equipment/detail/78681","11","","","Used","","2.6 m3 (91.8 ft3)","","2,400 mm (94.5 in)","","","","3,100 mm (122 in)","Werner & Pfleiderer","Stainless Steel 304","Simplex","2 m3 (70.6 ft3)","","","Interrupted ribbon","Mixer-Ribbon & Paddle","","","1,800 mm (70.9 in)"
"87089","Mixer-Ribbon &amp; Paddle 0.42 m3 (15 ft3) Carbon Steel For Sale - IPP# 87089","https://ims.internationalprocessplants.com/inventory/equipment/detail/87089","11","Packing","","Used","","0.42 m3 (15 ft3)","","","","","","1,200 mm (48 in)","Robinson","Carbon Steel","","0.28 m3 (10 ft3)","","Carbon Steel","Double Helix","Mixer-Ribbon & Paddle","","","610 mm (24 in)"
"99785","Mixer-Ribbon &amp; Paddle 1.5 m3 (53 ft3) Stainless Steel 304 For Sale - IPP# 99785","https://ims.internationalprocessplants.com/inventory/equipment/detail/99785","11","Packing","","Used","","1.5 m3 (53 ft3)","","1,300 mm (51 in)","","","","1,500 mm (60 in)","","Stainless Steel 304","U-700","1 m3 (35.3 ft3)","","","Interrupted ribbon","Mixer-Ribbon & Paddle","","","965 mm (38 in)"
